t_inv,p_start,plateau,rep,s_het,s_hom,seed,seq_length,num_trees,wall_s,pi_i_over_pi_s,dxy_over_pi_i,pi_i,pi_s,dxy,fst
650000.0,0.022,0.0,0,4.041609956736588e-05,2.4146359805423068e-05,900000,37148,3001,13.2,0.7096605435910821,1.7893059208447581,0.00610904263186463,0.00860840113915754,0.010930946151888428,0.3267991824989648
650000.0,0.022,0.0,1,4.041609956736588e-05,2.4146359805423068e-05,900001,37148,3051,10.67,0.7728919984817018,1.6617460077337343,0.006114645791546807,0.007911384518870229,0.010160988232808787,0.30980973557628844
650000.0,0.022,0.0,2,4.041609956736588e-05,2.4146359805423068e-05,900002,37148,3052,12.45,0.7711919439741749,1.6755581196347857,0.006171785395153214,0.008002917358483052,0.010341185131492353,0.3146480517755371
650000.0,0.022,0.0,3,4.041609956736588e-05,2.4146359805423068e-05,900003,37148,3121,18.05,0.7390739701286193,1.746463029527975,0.006042624413966939,0.008175939971090248,0.010553220140316405,0.32634000826259235
650000.0,0.022,0.0,4,4.041609956736588e-05,2.4146359805423068e-05,900004,37148,3202,12.59,0.7125664102163538,1.75046542832759,0.006197004284464923,0.008696739273162413,0.010847641759153802,0.3135031609492809
650000.0,0.022,0.0,5,4.041609956736588e-05,2.4146359805423068e-05,900005,37148,3044,10.04,0.7472649101733282,1.7113223080398305,0.006362905593807859,0.008514926242598468,0.010888982286634813,0.31684011210728824
650000.0,0.022,0.0,6,4.041609956736588e-05,2.4146359805423068e-05,900006,37148,3197,18.16,0.7148265315785363,1.7748409523904887,0.0059168349524967275,0.008277301822346613,0.010501440982226624,0.32418147191102176
650000.0,0.022,0.0,7,4.041609956736588e-05,2.4146359805423068e-05,900007,37148,3160,12.1,0.7139471005174515,1.7740299954487793,0.006024539736425817,0.008438355911886717,0.010687714201192482,0.3233868638301146
650000.0,0.022,0.0,8,4.041609956736588e-05,2.4146359805423068e-05,900008,37148,3122,14.86,0.7436791645125258,1.776995139680205,0.006380076149814362,0.00857907072601185,0.011337364309009716,0.34027228604013837
650000.0,0.022,0.0,9,4.041609956736588e-05,2.4146359805423068e-05,900009,37148,3088,6.56,0.7605762166211817,1.6824494139197106,0.006075045111690697,0.00798742450648635,0.010220956087699816,0.3120766052844991
650000.0,0.022,0.0,10,4.041609956736588e-05,2.4146359805423068e-05,900010,37148,3075,17.03,0.7583979850458746,1.7113449067537627,0.006129875368925168,0.008082663047363423,0.010490330991645428,0.3225886567541313
650000.0,0.022,0.0,11,4.041609956736588e-05,2.4146359805423068e-05,900011,37148,3212,12.75,0.7399310391650937,1.7241503494251564,0.006008744908748264,0.00812068232132588,0.010359979634024949,0.31807649584226405
650000.0,0.022,0.0,12,4.041609956736588e-05,2.4146359805423068e-05,900012,37148,3155,9.67,0.7402813267818119,1.7178757604804165,0.006007645477786083,0.00811535460971685,0.010320388543848502,0.31577188070496687
650000.0,0.022,0.0,13,4.041609956736588e-05,2.4146359805423068e-05,900013,37148,3060,14.66,0.7565856315782751,1.747957825237909,0.00625165679806991,0.008262986418376257,0.01092763242088807,0.3358742929208729
650000.0,0.022,0.0,14,4.041609956736588e-05,2.4146359805423068e-05,900014,37148,3056,11.13,0.718224580439341,1.7855966528272516,0.0060924767746565935,0.008482690429405521,0.010878706136254582,0.3301056659905246
650000.0,0.022,0.0,15,4.041609956736588e-05,2.4146359805423068e-05,900015,37148,3063,8.81,0.7512429945934723,1.7091355936708656,0.006058061903155841,0.008064051108302316,0.010354049227345112,0.3180391216336135
650000.0,0.022,0.0,16,4.041609956736588e-05,2.4146359805423068e-05,900016,37148,3194,19.1,0.7557790089456463,1.6993292986358075,0.006056047259305421,0.008012986848832893,0.010291218541660785,0.31645440959278914
650000.0,0.022,0.0,17,4.041609956736588e-05,2.4146359805423068e-05,900017,37148,3127,18.2,0.7647969867168689,1.6704871030223518,0.00635550930906754,0.008310060603599602,0.010616796333935825,0.30932225450206174
650000.0,0.022,0.0,18,4.041609956736588e-05,2.4146359805423068e-05,900018,37148,3124,16.84,0.7585477356466648,1.71998470916359,0.006058711901386524,0.007987251977255524,0.010420891827612282,0.3260670914256879
650000.0,0.022,0.0,19,4.041609956736588e-05,2.4146359805423068e-05,900019,37148,3092,14.62,0.7180380106807983,1.7370591023120485,0.006063305554242971,0.008444268219859457,0.010532320103096952,0.31128309659727393
650000.0,0.022,0.0,20,4.041609956736588e-05,2.4146359805423068e-05,900020,37148,3092,7.85,0.7613388376330549,1.6784502958103904,0.006235470015549543,0.00819013783000372,0.01046592649211595,0.31082986984381333
650000.0,0.022,0.0,21,4.041609956736588e-05,2.4146359805423068e-05,900021,37148,3067,17.09,0.7442396089802388,1.692181560813145,0.006187301162620959,0.00831358757040469,0.010470036938584922,0.3075053689836591
650000.0,0.022,0.0,22,4.041609956736588e-05,2.4146359805423068e-05,900022,37148,3093,17.7,0.7384967573097397,1.7659010318260038,0.006370961744389409,0.008626932591550033,0.011250487918141254,0.3334558267577201
650000.0,0.022,0.0,23,4.041609956736588e-05,2.4146359805423068e-05,900023,37148,3122,13.12,0.7276713031548141,1.7387600962453058,0.006253526971641483,0.008593889774860378,0.010873383159083962,0.31725864299659723
650000.0,0.022,0.0,24,4.041609956736588e-05,2.4146359805423068e-05,900024,37148,3252,16.31,0.7670601494545896,1.6784846479599282,0.006404310050283815,0.00834916278056882,0.01074953610017686,0.3137623478184376
650000.0,0.022,0.0,25,4.041609956736588e-05,2.4146359805423068e-05,900025,37148,3143,16.66,0.7345559014092575,1.7150195505669297,0.005981740482559183,0.008143342761365222,0.010258801874006658,0.31156272353236614
650000.0,0.022,0.0,26,4.041609956736588e-05,2.4146359805423068e-05,900026,37148,3021,8.09,0.7586935590026627,1.6960345156173902,0.005954472509679311,0.007848323528021955,0.010098990898711016,0.31662498876679923
650000.0,0.022,0.0,27,4.041609956736588e-05,2.4146359805423068e-05,900027,37148,3004,6.68,0.736632468703899,1.7583352620255321,0.006309161658903577,0.008564870443471647,0.011093621418669663,0.32961331827389395
650000.0,0.022,0.0,28,4.041609956736588e-05,2.4146359805423068e-05,900028,37148,3108,9.4,0.7313436974285222,1.7330000054039545,0.006015358253771763,0.00822507703959488,0.010424615886293188,0.31698033535745496
650000.0,0.022,0.0,29,4.041609956736588e-05,2.4146359805423068e-05,900029,37148,3121,9.88,0.7520930389899803,1.713435278852787,0.006119034659825154,0.008136007571673157,0.010484569858667381,0.32018945823924483
650000.0,0.022,0.0,30,4.041609956736588e-05,2.4146359805423068e-05,900030,37148,3064,8.85,0.7361899876102538,1.7089214923627656,0.006153485395686011,0.008358556214083867,0.01051582344562822,0.30999024066902636
650000.0,0.022,0.0,31,4.041609956736588e-05,2.4146359805423068e-05,900031,37148,3253,11.03,0.7734349378101617,1.7164438899233359,0.006244989507442909,0.008074356616374798,0.010719174082685724,0.33206858973644227
650000.0,0.022,0.0,32,4.041609956736588e-05,2.4146359805423068e-05,900032,37148,3146,15.09,0.7365695347070764,1.7280533893489918,0.006262814183408984,0.008502678821626284,0.010822477276502833,0.31783210868488987
650000.0,0.022,0.0,33,4.041609956736588e-05,2.4146359805423068e-05,900033,37148,3214,7.58,0.7213603925762636,1.731004957282853,0.0060458916660905155,0.008381235965143917,0.01046546844519777,0.31072709708209345
650000.0,0.022,0.0,34,4.041609956736588e-05,2.4146359805423068e-05,900034,37148,3143,7.66,0.7613800963493901,1.7099889200443807,0.006155269168306707,0.008084357862544009,0.01052544207769526,0.32356156987333184
650000.0,0.022,0.0,35,4.041609956736588e-05,2.4146359805423068e-05,900035,37148,3233,9.02,0.7261515344872721,1.7532952806557662,0.006255424515366845,0.008614489150372358,0.010967606281291072,0.3220984923982536
650000.0,0.022,0.0,36,4.041609956736588e-05,2.4146359805423068e-05,900036,37148,3211,15.45,0.7334489581530377,1.7552661143375654,0.006212834825137832,0.008470711909909747,0.01090517844254079,0.3267626562731206
650000.0,0.022,0.0,37,4.041609956736588e-05,2.4146359805423068e-05,900037,37148,2997,9.54,0.778283559353521,1.652931399559335,0.006373139842399547,0.008188711897876112,0.010534362959284843,0.3088404207944515
650000.0,0.022,0.0,38,4.041609956736588e-05,2.4146359805423068e-05,900038,37148,3207,8.72,0.6985247015176251,1.7726058558065847,0.006010594070811799,0.008604697955209161,0.010654414246797334,0.31412034075856166
650000.0,0.022,0.0,39,4.041609956736588e-05,2.4146359805423068e-05,900039,37148,3061,7.5,0.7479583043725396,1.7036147412990408,0.006106592112339709,0.008164348302092206,0.010403280341682376,0.3141134360643367
650000.0,0.022,0.0,40,4.041609956736588e-05,2.4146359805423068e-05,900040,37148,3081,12.39,0.724492274654208,1.7791712542217677,0.006030208550087618,0.008323357972265156,0.010728773709278215,0.331071429443057
650000.0,0.022,0.0,41,4.041609956736588e-05,2.4146359805423068e-05,900041,37148,3121,6.6,0.7380148391961869,1.7139705045837745,0.006103819075455189,0.008270591255459305,0.010461765860645999,0.3130026745777842
650000.0,0.022,0.0,42,4.041609956736588e-05,2.4146359805423068e-05,900042,37148,3170,18.15,0.7568322867774976,1.7444851253506093,0.006265147077951331,0.008278118134504523,0.010929455885619931,0.3346756981932343
650000.0,0.022,0.0,43,4.041609956736588e-05,2.4146359805423068e-05,900043,37148,3139,14.13,0.745407515646166,1.7121886166225522,0.0060584423940538866,0.00812769158733535,0.010373196101562548,0.31621200242939906
650000.0,0.022,0.0,44,4.041609956736588e-05,2.4146359805423068e-05,900044,37148,3117,12.0,0.7381461850492098,1.7421099951739094,0.005881940714496323,0.007968530940933052,0.01024698770974441,0.324168621659504
650000.0,0.022,0.0,45,4.041609956736588e-05,2.4146359805423068e-05,900045,37148,3104,16.52,0.7700752695192252,1.660909309882428,0.006337328695474871,0.008229492552632424,0.010525728230099275,0.3080373666473666
650000.0,0.022,0.0,46,4.041609956736588e-05,2.4146359805423068e-05,900046,37148,3133,16.9,0.7329331976197961,1.7588862430650243,0.006081216662631366,0.008297095400208565,0.010696168329000109,0.32787557092493724
650000.0,0.022,0.0,47,4.041609956736588e-05,2.4146359805423068e-05,900047,37148,2971,10.96,0.7469269339138277,1.7133755318186625,0.006037159657775553,0.008082664292397916,0.010343921639315364,0.3174820709919829
650000.0,0.022,0.0,48,4.041609956736588e-05,2.4146359805423068e-05,900048,37148,3110,11.94,0.7552605717956665,1.7377202059621653,0.006193110946845085,0.00819996591655868,0.010761894030098182,0.3312944346436547
650000.0,0.022,0.0,49,4.041609956736588e-05,2.4146359805423068e-05,900049,37148,3009,14.85,0.7539216895772495,1.7131102463898618,0.0063262511636247515,0.008391125034712961,0.010837565689641348,0.3210017535393246
650000.0,0.022,0.0,50,4.041609956736588e-05,2.4146359805423068e-05,900050,37148,3053,10.97,0.7382367697673793,1.7163017477681712,0.006249653839154367,0.008465649633143649,0.0107262918070867,0.3140544870047338
650000.0,0.022,0.0,51,4.041609956736588e-05,2.4146359805423068e-05,900051,37148,3078,16.3,0.7331846575772998,1.7512111683067872,0.005911032854073212,0.008062133860800288,0.010351466750281353,0.3250634401886231
650000.0,0.022,0.0,52,4.041609956736588e-05,2.4146359805423068e-05,900052,37148,3034,13.46,0.7365371116334758,1.7321320511746117,0.005709655869420268,0.007752027398534635,0.00988987793260009,0.319421161732389
650000.0,0.022,0.0,53,4.041609956736588e-05,2.4146359805423068e-05,900053,37148,3134,10.36,0.782168445475199,1.694101337192602,0.006195422868900376,0.007920829464216503,0.010495674166677753,0.32752045705010846
650000.0,0.022,0.0,54,4.041609956736588e-05,2.4146359805423068e-05,900054,37148,3280,13.6,0.7548549914165108,1.7006088504282137,0.006239337644229487,0.008265610899016724,0.010610672818586587,0.3164925169571685
650000.0,0.022,0.0,55,4.041609956736588e-05,2.4146359805423068e-05,900055,37148,3239,11.12,0.7576082138875478,1.685646664970781,0.006309278653874794,0.008327891036845706,0.010635214521275386,0.3118535756171472
650000.0,0.022,0.0,56,4.041609956736588e-05,2.4146359805423068e-05,900056,37148,3104,6.84,0.7175518164024928,1.7531474537644707,0.006003184354456556,0.008366203272335136,0.010524467365494219,0.3173342114251062
650000.0,0.022,0.0,57,4.041609956736588e-05,2.4146359805423068e-05,900057,37148,3165,9.56,0.730675245223662,1.7434362568301711,0.006087385763315454,0.008331178321844044,0.010612969049075969,0.3207101604421022
650000.0,0.022,0.0,58,4.041609956736588e-05,2.4146359805423068e-05,900058,37148,3222,6.93,0.7454288282578636,1.69169789319956,0.0062103108497280745,0.008331192213537203,0.010505969780599353,0.3079409437233456
650000.0,0.022,0.0,59,4.041609956736588e-05,2.4146359805423068e-05,900059,37148,2980,6.01,0.7502073250625837,1.7101288111761492,0.006128361751407803,0.008168890847468815,0.01048028799639241,0.3178979144562578
650000.0,0.022,0.0,60,4.041609956736588e-05,2.4146359805423068e-05,900060,37148,3141,6.76,0.7476810682437948,1.735382987968867,0.006395167502105096,0.008553336139868447,0.011098064888364538,0.32652657051744705
650000.0,0.022,0.0,61,4.041609956736588e-05,2.4146359805423068e-05,900061,37148,3113,12.56,0.7594427596219608,1.7166897815633988,0.006216263718087429,0.008185295915102003,0.010671396404343989,0.3252260956529076
650000.0,0.022,0.0,62,4.041609956736588e-05,2.4146359805423068e-05,900062,37148,3086,8.88,0.7482815504494059,1.707051537900869,0.00620019824255104,0.008285916228760818,0.010584057945237018,0.3156634938005596
650000.0,0.022,0.0,63,4.041609956736588e-05,2.4146359805423068e-05,900063,37148,3245,8.28,0.7448127024768366,1.7374642710035777,0.006353629899610624,0.008530506902583633,0.011039204941753507,0.3258510517411407
650000.0,0.022,0.0,64,4.041609956736588e-05,2.4146359805423068e-05,900064,37148,3003,9.88,0.7226387453467273,1.7343796604318091,0.006080863323430478,0.008414803887262972,0.010546525666023595,0.31277523661691253
650000.0,0.022,0.0,65,4.041609956736588e-05,2.4146359805423068e-05,900065,37148,3044,14.52,0.7483667654755805,1.7425951238708068,0.0060132498538937465,0.008035164215332811,0.010478659874012084,0.32966551839001146
650000.0,0.022,0.0,66,4.041609956736588e-05,2.4146359805423068e-05,900066,37148,3055,11.89,0.7575395564826082,1.731394265388088,0.006017924312769916,0.007944039702312333,0.010419399644669383,0.33000151202448313
650000.0,0.022,0.0,67,4.041609956736588e-05,2.4146359805423068e-05,900067,37148,3066,10.4,0.7310579257448381,1.7597810340114137,0.006151174191088316,0.008414072229394401,0.010824719678377719,0.327222928018327
650000.0,0.022,0.0,68,4.041609956736588e-05,2.4146359805423068e-05,900068,37148,3070,6.29,0.7450448564748553,1.757654688805815,0.005917916113186307,0.007943033311023244,0.010401653004301398,0.33371410205293195
650000.0,0.022,0.0,69,4.041609956736588e-05,2.4146359805423068e-05,900069,37148,3106,7.01,0.736055154618776,1.749931775487107,0.006136318412861764,0.008336764404618481,0.010738138575173414,0.32608977262865535
650000.0,0.022,0.0,70,4.041609956736588e-05,2.4146359805423068e-05,900070,37148,3077,8.16,0.7627837513893324,1.6975247442888888,0.006287011490159182,0.008242193778653564,0.01067235757217377,0.31930666815854236
650000.0,0.022,0.0,71,4.041609956736588e-05,2.4146359805423068e-05,900071,37148,3026,11.33,0.734268519128496,1.7489686773234885,0.005852765655303851,0.007970879184975143,0.010236303806841117,0.3247736145228325
650000.0,0.022,0.0,72,4.041609956736588e-05,2.4146359805423068e-05,900072,37148,3042,8.23,0.7510186076541366,1.6965289175787164,0.006196266275423532,0.008250483027015853,0.01051214491727379,0.3128543500812966
650000.0,0.022,0.0,73,4.041609956736588e-05,2.4146359805423068e-05,900073,37148,3119,8.05,0.7412885601296216,1.7012752949107244,0.006156075243046009,0.008304559889565216,0.010473178724605708,0.30963485333075724
650000.0,0.022,0.0,74,4.041609956736588e-05,2.4146359805423068e-05,900074,37148,2999,10.71,0.7531397484907085,1.7065524516014774,0.006105219753255134,0.008106357107681528,0.010418877737483316,0.31798907622225947
650000.0,0.022,0.0,75,4.041609956736588e-05,2.4146359805423068e-05,900075,37148,3095,13.1,0.7392608100854757,1.746213528162207,0.0059894957045264485,0.008102006251127966,0.010458938426113513,0.32634167151843807
650000.0,0.022,0.0,76,4.041609956736588e-05,2.4146359805423068e-05,900076,37148,3100,11.28,0.7471374345453013,1.7363011767130916,0.0061013338812609215,0.008166280525047066,0.010593753197552793,0.32660247316296387
650000.0,0.022,0.0,77,4.041609956736588e-05,2.4146359805423068e-05,900077,37148,3040,10.6,0.738078222942833,1.7485154641841107,0.0061677302693637125,0.008356472359761558,0.010784371754898882,0.32660877428824076
650000.0,0.022,0.0,78,4.041609956736588e-05,2.4146359805423068e-05,900078,37148,3062,6.88,0.770574095213897,1.6630557525499656,0.00612552344670787,0.00794929843184975,0.010187087005427217,0.30918319088375334
650000.0,0.022,0.0,79,4.041609956736588e-05,2.4146359805423068e-05,900079,37148,3082,10.44,0.7412148213917532,1.7062448578743477,0.006200365176871079,0.008365139225398744,0.010579341199979449,0.31160626512839396
650000.0,0.022,0.0,80,4.041609956736588e-05,2.4146359805423068e-05,900080,37148,3125,7.68,0.7305874155737123,1.7249571464601106,0.006027707308848837,0.008250494301377238,0.010397536799168643,0.31338537742094263
650000.0,0.022,0.0,81,4.041609956736588e-05,2.4146359805423068e-05,900081,37148,3196,6.7,0.7456668479527258,1.7313552907504242,0.006199235680813928,0.008313680161367387,0.010733079494586002,0.32391650273800987
650000.0,0.022,0.0,82,4.041609956736588e-05,2.4146359805423068e-05,900082,37148,3091,6.9,0.7386463897543669,1.737530290822576,0.006262265515884071,0.008478029003792404,0.01088087602302224,0.32265129717091223
650000.0,0.022,0.0,83,4.041609956736588e-05,2.4146359805423068e-05,900083,37148,3048,10.44,0.7326134303845889,1.766987371717895,0.006194652089041005,0.008455553545870832,0.010945872013521332,0.3307885558677016
650000.0,0.022,0.0,84,4.041609956736588e-05,2.4146359805423068e-05,900084,37148,3111,10.97,0.7343786766925142,1.7204553009726404,0.006051458880380963,0.00824024317758714,0.010411264509369387,0.31364235126738915
650000.0,0.022,0.0,85,4.041609956736588e-05,2.4146359805423068e-05,900085,37148,3197,14.8,0.7508830492287759,1.6873619538793327,0.006445328583637523,0.008583665046450912,0.010875602232280924,0.3090500503282738
650000.0,0.022,0.0,86,4.041609956736588e-05,2.4146359805423068e-05,900086,37148,3141,8.29,0.7412968931590077,1.7257703879241646,0.006400915879910363,0.008634753415238408,0.011046511081142853,0.31943809295517367
650000.0,0.022,0.0,87,4.041609956736588e-05,2.4146359805423068e-05,900087,37148,3199,11.5,0.7442931491831369,1.7362815332080654,0.006402152270896664,0.008601654170702817,0.011115938760743958,0.3251219368630581
650000.0,0.022,0.0,88,4.041609956736588e-05,2.4146359805423068e-05,900088,37148,3220,6.78,0.7399660371516514,1.7451693937243415,0.0062881986404612145,0.008497955750329238,0.010973971808991926,0.32630798364750335
650000.0,0.022,0.0,89,4.041609956736588e-05,2.4146359805423068e-05,900089,37148,3205,17.79,0.771562338982094,1.6890568394114391,0.006112670395423709,0.00792245822092357,0.010324647738458242,0.320309565426243
650000.0,0.022,0.0,90,4.041609956736588e-05,2.4146359805423068e-05,900090,37148,3055,4.96,0.7273425552848394,1.761071696093718,0.006104992731101154,0.008393559110136678,0.01075132990360013,0.32573216656746207
650000.0,0.022,0.0,91,4.041609956736588e-05,2.4146359805423068e-05,900091,37148,3109,9.42,0.7652105161835888,1.6829880537060207,0.006277743634036212,0.008203943230348993,0.010565367540311966,0.31466241902467684
650000.0,0.022,0.0,92,4.041609956736588e-05,2.4146359805423068e-05,900092,37148,3078,14.39,0.7539132443947353,1.7186965391525517,0.006230571881532761,0.008264308828444651,0.010708462329731558,0.32320438436184085
650000.0,0.022,0.0,93,4.041609956736588e-05,2.4146359805423068e-05,900093,37148,3030,7.99,0.7433820578041962,1.7059454268773069,0.006401478123929341,0.008611289520274465,0.010920572330772382,0.31263823957741255
650000.0,0.022,0.0,94,4.041609956736588e-05,2.4146359805423068e-05,900094,37148,3154,10.26,0.743655391006007,1.7243864912444093,0.00624311907711314,0.008395177595186303,0.010765550199804162,0.32013244095198534
650000.0,0.022,0.0,95,4.041609956736588e-05,2.4146359805423068e-05,900095,37148,3088,11.2,0.7541432578696772,1.7077762093261146,0.006164910886994473,0.00817472121200058,0.010528288145424716,0.3189950777882805
650000.0,0.025,0.0,0,4.0206861599121484e-05,2.4021351818005487e-05,901000,37148,3141,6.74,0.7513423413362655,1.682633165854609,0.006435424110763916,0.008565235521424876,0.01082845804511177,0.30735015227027374
650000.0,0.025,0.0,1,4.0206861599121484e-05,2.4021351818005487e-05,901001,37148,2996,9.58,0.7562928734895554,1.6800861295904472,0.006388476499439131,0.008447093346209295,0.010733190755922219,0.3088928454261073
650000.0,0.025,0.0,2,4.0206861599121484e-05,2.4021351818005487e-05,901002,37148,3122,10.18,0.7696249309854033,1.6756923988966796,0.006303696605364227,0.008190608634901125,0.010563056486559638,0.3139151883402399
650000.0,0.025,0.0,3,4.0206861599121484e-05,2.4021351818005487e-05,901003,37148,3234,10.43,0.7658554080332387,1.7137548789998818,0.006195097321626056,0.008089121336278642,0.010616878260815752,0.32728725398386727
650000.0,0.025,0.0,4,4.0206861599121484e-05,2.4021351818005487e-05,901004,37148,3129,12.56,0.7755912053473046,1.647328389349557,0.006384707860329865,0.008232052937566299,0.010517710516024653,0.3051358099452228
650000.0,0.025,0.0,5,4.0206861599121484e-05,2.4021351818005487e-05,901005,37148,2926,5.83,0.7761512462348636,1.668978878585497,0.006285671542598382,0.008098513753717965,0.010490653042322618,0.3144285089647906
650000.0,0.025,0.0,6,4.0206861599121484e-05,2.4021351818005487e-05,901006,37148,3016,4.71,0.7409461561026294,1.714033639547056,0.006102050615304021,0.008235484542359672,0.010459120024849902,0.31459170926430546
650000.0,0.025,0.0,7,4.0206861599121484e-05,2.4021351818005487e-05,901007,37148,3076,16.46,0.7754355698573167,1.6389267121872544,0.006322667486960673,0.008153698041120386,0.010362388636657706,0.3014947597665918
650000.0,0.025,0.0,8,4.0206861599121484e-05,2.4021351818005487e-05,901008,37148,3166,13.11,0.7763924749656274,1.6681803756328704,0.006432783363037549,0.008285478762944403,0.010731042966916857,0.3142203338781959
650000.0,0.025,0.0,9,4.0206861599121484e-05,2.4021351818005487e-05,901009,37148,3157,15.86,0.7631591478121961,1.672918193827666,0.006266743585747148,0.008211581560297715,0.01048374936064923,0.3094872527003898
650000.0,0.025,0.0,10,4.0206861599121484e-05,2.4021351818005487e-05,901010,37148,3164,9.99,0.7738352227290487,1.6924771047001612,0.0060742276353072085,0.007849510408540868,0.01028049120149445,0.322807744739667
650000.0,0.025,0.0,11,4.0206861599121484e-05,2.4021351818005487e-05,901011,37148,3068,7.68,0.7493478354890926,1.6789411674101553,0.0065515278354277146,0.008742972922783705,0.010999629792333135,0.3047720220151474
650000.0,0.025,0.0,12,4.0206861599121484e-05,2.4021351818005487e-05,901012,37148,3123,11.23,0.7919484399204667,1.6327735748443661,0.006389997129842756,0.00806870347580265,0.010433418456938596,0.3070966785564968
650000.0,0.025,0.0,13,4.0206861599121484e-05,2.4021351818005487e-05,901013,37148,3116,15.08,0.773928311388009,1.6587235633825563,0.0064134450116292464,0.008286872204128303,0.010638132363247744,0.309074341538384
650000.0,0.025,0.0,14,4.0206861599121484e-05,2.4021351818005487e-05,901014,37148,3193,7.05,0.750323415011227,1.7203715443887697,0.006224211419711834,0.008295371429423807,0.010707956212731864,0.32201894737523706
650000.0,0.025,0.0,15,4.0206861599121484e-05,2.4021351818005487e-05,901015,37148,3082,9.77,0.7354297702822762,1.7539122260703321,0.006268398030932502,0.008523448851583116,0.010994219944327711,0.32728984150679874
650000.0,0.025,0.0,16,4.0206861599121484e-05,2.4021351818005487e-05,901016,37148,3171,12.31,0.7966280360651279,1.6168813003078757,0.006453306098464651,0.0081007770330808,0.01043422995577027,0.30257991278518614
650000.0,0.025,0.0,17,4.0206861599121484e-05,2.4021351818005487e-05,901017,37148,3110,8.83,0.7637884610756933,1.672653615415851,0.006431431394006892,0.008420435397713505,0.010757556973484633,0.30970076066864105
650000.0,0.025,0.0,18,4.0206861599121484e-05,2.4021351818005487e-05,901018,37148,3112,13.21,0.7578361277323922,1.7099056975383446,0.0064853983932511615,0.008557784666002743,0.011089419663426187,0.32173262822456106
650000.0,0.025,0.0,19,4.0206861599121484e-05,2.4021351818005487e-05,901019,37148,3073,9.69,0.7728428249501396,1.6531786215629396,0.006413459301616844,0.008298529913932515,0.010602593807696948,0.3062080146431151
650000.0,0.025,0.0,20,4.0206861599121484e-05,2.4021351818005487e-05,901020,37148,3092,5.34,0.8035590430666505,1.5949550820108542,0.006417522347391024,0.007986373126857746,0.01023565988188954,0.29638657202090624
650000.0,0.025,0.0,21,4.0206861599121484e-05,2.4021351818005487e-05,901021,37148,3043,8.17,0.7824282936621663,1.664162754087407,0.006252244251362993,0.00799082075892128,0.010404752012575397,0.31555000094813357
650000.0,0.025,0.0,22,4.0206861599121484e-05,2.4021351818005487e-05,901022,37148,3121,6.61,0.7599830747631424,1.678380460033029,0.006263859830910737,0.008242104382210014,0.010513139944586374,0.31010315236075414
650000.0,0.025,0.0,23,4.0206861599121484e-05,2.4021351818005487e-05,901023,37148,3123,15.37,0.7799217878087858,1.6346337677293967,0.006300626600081681,0.008078536461692504,0.010299216998347576,0.3019293086027218
650000.0,0.025,0.0,24,4.0206861599121484e-05,2.4021351818005487e-05,901024,37148,3124,11.3,0.7803127590129328,1.6712438314178975,0.006386385936932875,0.008184392556917075,0.010673208102153076,0.31741336089424566
650000.0,0.025,0.0,25,4.0206861599121484e-05,2.4021351818005487e-05,901025,37148,3112,9.37,0.737992182353019,1.7294453091739925,0.00619247845831099,0.008390981105744037,0.01070955282188694,0.3191377919042965
650000.0,0.025,0.0,26,4.0206861599121484e-05,2.4021351818005487e-05,901026,37148,3068,9.73,0.7287026369897615,1.732042955129917,0.006161011893719794,0.008454768215428262,0.010671137246988998,0.3151723302372439
650000.0,0.025,0.0,27,4.0206861599121484e-05,2.4021351818005487e-05,901027,37148,3093,10.01,0.7995084542565853,1.631056228661387,0.0066571598416880085,0.008326565912149234,0.010858202024979679,0.310027308417791
650000.0,0.025,0.0,28,4.0206861599121484e-05,2.4021351818005487e-05,901028,37148,3090,12.19,0.7792514764817291,1.6378397430538594,0.006208971185618593,0.007967865795585918,0.010169299771282373,0.3029590384758233
650000.0,0.025,0.0,29,4.0206861599121484e-05,2.4021351818005487e-05,901029,37148,3105,10.37,0.7437256878833498,1.7338441049479991,0.006304908058730721,0.008477464421962549,0.010931727669869395,0.3238775732843572
650000.0,0.025,0.0,30,4.0206861599121484e-05,2.4021351818005487e-05,901030,37148,2998,8.05,0.8080584658281735,1.648936946589443,0.0064841892944759155,0.008024406115008417,0.01069201929634107,0.32152220233789996
650000.0,0.025,0.0,31,4.0206861599121484e-05,2.4021351818005487e-05,901031,37148,3151,8.98,0.7634901994585734,1.640461298484424,0.006512855182087203,0.008530371688733886,0.010684086868847783,0.2959984762626975
650000.0,0.025,0.0,32,4.0206861599121484e-05,2.4021351818005487e-05,901032,37148,3104,9.44,0.7523488712182413,1.7109993028418866,0.006151279243832972,0.008176099518661481,0.010524834497783983,0.3193537263929851
650000.0,0.025,0.0,33,4.0206861599121484e-05,2.4021351818005487e-05,901033,37148,3093,5.74,0.7559788309845528,1.7176955395148474,0.006375814385412858,0.00843385307113598,0.010951707930598265,0.32386493730481436
650000.0,0.025,0.0,34,4.0206861599121484e-05,2.4021351818005487e-05,901034,37148,3037,11.73,0.769546218491803,1.6842416545888688,0.006509813643973032,0.008459288717877538,0.010964099302790332,0.31735831879774323
650000.0,0.025,0.0,35,4.0206861599121484e-05,2.4021351818005487e-05,901035,37148,3098,13.93,0.7959722763898133,1.6202307839773318,0.006236782688746068,0.007835427028983249,0.010105027305283293,0.30370253871694985
650000.0,0.025,0.0,36,4.0206861599121484e-05,2.4021351818005487e-05,901036,37148,3115,12.99,0.7560590529357853,1.6855669535512519,0.006673154128516611,0.008826234012547939,0.011248048074981703,0.3110187635337893
650000.0,0.025,0.0,37,4.0206861599121484e-05,2.4021351818005487e-05,901037,37148,3174,19.85,0.7578798704985279,1.703299036645518,0.006118374236712498,0.008073013250355726,0.010421420943229155,0.3191241595375517
650000.0,0.025,0.0,38,4.0206861599121484e-05,2.4021351818005487e-05,901038,37148,3100,12.54,0.7425210160406537,1.7068140652042338,0.006164763492557894,0.008302476777600551,0.01052210503775539,0.31253108488049053
650000.0,0.025,0.0,39,4.0206861599121484e-05,2.4021351818005487e-05,901039,37148,3040,10.11,0.7581709428581112,1.7170888767320587,0.006308007614924989,0.008320033462566382,0.010831409709928823,0.3247397398289581
650000.0,0.025,0.0,40,4.0206861599121484e-05,2.4021351818005487e-05,901040,37148,3076,5.81,0.7647599485420395,1.6471250286432328,0.006373574285280208,0.008334084829404278,0.010498073727201936,0.29950677158158345
650000.0,0.025,0.0,41,4.0206861599121484e-05,2.4021351818005487e-05,901041,37148,3023,5.9,0.8003576063341631,1.625367125781057,0.006564126745830174,0.008201492300292499,0.010669115822132551,0.30802049146883714
650000.0,0.025,0.0,42,4.0206861599121484e-05,2.4021351818005487e-05,901042,37148,3083,6.57,0.7674607330593922,1.6975331946346173,0.006169393473256787,0.008038708962559196,0.010472750211615551,0.3216632618594554
650000.0,0.025,0.0,43,4.0206861599121484e-05,2.4021351818005487e-05,901043,37148,3124,13.57,0.7867035139845209,1.6503866470158386,0.0064961956020922074,0.008257488986149395,0.010721234478095995,0.3119409607921504
650000.0,0.025,0.0,44,4.0206861599121484e-05,2.4021351818005487e-05,901044,37148,3124,5.53,0.7982652849544796,1.6353305613716886,0.006660248427535303,0.008343402316330338,0.010891707799876213,0.3112351607506326
650000.0,0.025,0.0,45,4.0206861599121484e-05,2.4021351818005487e-05,901045,37148,3108,8.5,0.7790727238659605,1.6450174087043987,0.00647399239123697,0.00830986914688958,0.010649830187404634,0.3059109263727434
650000.0,0.025,0.0,46,4.0206861599121484e-05,2.4021351818005487e-05,901046,37148,3056,13.84,0.7990271927732794,1.6293319348880646,0.006267957335184772,0.007844485634374747,0.01021258305273244,0.30906593872038834
650000.0,0.025,0.0,47,4.0206861599121484e-05,2.4021351818005487e-05,901047,37148,3251,10.56,0.7707750590426502,1.6867086085336336,0.006383568724144765,0.008282012565473444,0.010767220320181039,0.31897087393435897
650000.0,0.025,0.0,48,4.0206861599121484e-05,2.4021351818005487e-05,901048,37148,3034,13.94,0.7565007082755194,1.7017261304463944,0.006324273334621891,0.008359904049578993,0.010762181189611426,0.3177880428934191
650000.0,0.025,0.0,49,4.0206861599121484e-05,2.4021351818005487e-05,901049,37148,3041,8.25,0.7694071398763311,1.6628860842522863,0.006182593782638486,0.008035529516443311,0.010280949165734243,0.3085208831461833
650000.0,0.025,0.0,50,4.0206861599121484e-05,2.4021351818005487e-05,901050,37148,3020,7.87,0.7870028848623534,1.6318234530625553,0.006241741856611427,0.007931027924634744,0.010185420749580744,0.3042619382302123
650000.0,0.025,0.0,51,4.0206861599121484e-05,2.4021351818005487e-05,901051,37148,3172,13.75,0.7817238056394877,1.6511790888560791,0.00648525299596192,0.008296092493507564,0.010708314132873561,0.3098192065503531
650000.0,0.025,0.0,52,4.0206861599121484e-05,2.4021351818005487e-05,901052,37148,3074,6.25,0.7916583748327822,1.6383603623200897,0.006407089773336064,0.008093250797339697,0.010497121922460216,0.3093182741999957
650000.0,0.025,0.0,53,4.0206861599121484e-05,2.4021351818005487e-05,901053,37148,3168,13.43,0.7797976328866387,1.6275328678444299,0.00654801826563829,0.00839707379131041,0.010657114946571997,0.29882092236623625
650000.0,0.025,0.0,54,4.0206861599121484e-05,2.4021351818005487e-05,901054,37148,3169,14.7,0.7656233007449984,1.6759931784794688,0.00650416973386626,0.008495260956056724,0.010900944105632474,0.3120123108340296
650000.0,0.025,0.0,55,4.0206861599121484e-05,2.4021351818005487e-05,901055,37148,3098,8.84,0.7719527278448148,1.673415285600615,0.006351056458968393,0.008227260854041754,0.010627954958150224,0.31415228186347743
650000.0,0.025,0.0,56,4.0206861599121484e-05,2.4021351818005487e-05,901056,37148,3090,5.5,0.7732964962328488,1.6566909969184496,0.006614566146380299,0.00855372574245904,0.010958292183229804,0.3079080373467147
650000.0,0.025,0.0,57,4.0206861599121484e-05,2.4021351818005487e-05,901057,37148,3170,6.09,0.7526119743732061,1.7185106992280483,0.006397997999952554,0.008501057939293306,0.010995028016558118,0.32246393930018113
650000.0,0.025,0.0,58,4.0206861599121484e-05,2.4021351818005487e-05,901058,37148,3035,6.94,0.764476792716316,1.6827432954893768,0.006245951441308131,0.008170230281438897,0.010510332911813467,0.31419005260321287
650000.0,0.025,0.0,59,4.0206861599121484e-05,2.4021351818005487e-05,901059,37148,3152,7.82,0.7859651394811114,1.6105012307557287,0.0063065950474641645,0.008024013700693817,0.01015677908581902,0.29452985897042405
650000.0,0.025,0.0,60,4.0206861599121484e-05,2.4021351818005487e-05,901060,37148,3157,7.62,0.7688130607366916,1.6755374394537395,0.006379665350188918,0.008298070982399543,0.010689368145427284,0.313442285226778
650000.0,0.025,0.0,61,4.0206861599121484e-05,2.4021351818005487e-05,901061,37148,3151,15.97,0.7573041440075915,1.7027764046882843,0.006332782346483993,0.008362270821563747,0.01078331235561945,0.3186206295698285
650000.0,0.025,0.0,62,4.0206861599121484e-05,2.4021351818005487e-05,901062,37148,3150,18.62,0.7565866962644076,1.693947392529568,0.0064043942255698,0.008464851757493274,0.010848706899135384,0.3146996171383284
650000.0,0.025,0.0,63,4.0206861599121484e-05,2.4021351818005487e-05,901063,37148,3075,6.45,0.7833504520495345,1.6455865782694599,0.006388158377746584,0.008154917586417164,0.010512267686279385,0.3082807440707881
650000.0,0.025,0.0,64,4.0206861599121484e-05,2.4021351818005487e-05,901064,37148,3016,16.94,0.7730904246637258,1.7292042415578093,0.0063186951321128094,0.008173293744856919,0.010926314423560152,0.3368308692581188
650000.0,0.025,0.0,65,4.0206861599121484e-05,2.4021351818005487e-05,901065,37148,3174,14.38,0.7862460480999749,1.656522240959297,0.006567863521143661,0.008353445511129013,0.010879811998359717,0.3142662283814156
650000.0,0.025,0.0,66,4.0206861599121484e-05,2.4021351818005487e-05,901066,37148,3134,7.53,0.736434854039371,1.6972121066190178,0.006260889848259388,0.008501620766478103,0.010626058048673937,0.3053627908338147
650000.0,0.025,0.0,67,4.0206861599121484e-05,2.4021351818005487e-05,901067,37148,3212,7.17,0.7519782541338512,1.7133724588532921,0.0065904430402922475,0.008764140457603122,0.011291883596878095,0.3201053054540651
650000.0,0.025,0.0,68,4.0206861599121484e-05,2.4021351818005487e-05,901068,37148,3118,5.46,0.7781790572814324,1.6651636615808139,0.006397089106198253,0.008220587596569967,0.010652200319535819,0.31386585567866976
650000.0,0.025,0.0,69,4.0206861599121484e-05,2.4021351818005487e-05,901069,37148,2984,16.96,0.7822799360585303,1.6676308308861783,0.00647451242126982,0.00827646488530852,0.010797096528665073,0.31690073959160403
650000.0,0.025,0.0,70,4.0206861599121484e-05,2.4021351818005487e-05,901070,37148,3193,7.02,0.7667509190612158,1.6805183329147444,0.006393809987915302,0.008338835766566369,0.010744914901865065,0.31443636878294734
650000.0,0.025,0.0,71,4.0206861599121484e-05,2.4021351818005487e-05,901071,37148,3101,6.59,0.815090780677034,1.6675327751693432,0.006308048232834721,0.0077390744471371705,0.010518877175600953,0.33228982307375565
650000.0,0.025,0.0,72,4.0206861599121484e-05,2.4021351818005487e-05,901072,37148,3165,12.28,0.7691283779381468,1.6514234696015104,0.006276902443790811,0.008161059484786815,0.010365824012075222,0.3035786681426029
650000.0,0.025,0.0,73,4.0206861599121484e-05,2.4021351818005487e-05,901073,37148,3225,8.13,0.7924501698885755,1.6331674323536107,0.006562493582450186,0.008281269702261434,0.010717650793887219,0.30750854034273456
650000.0,0.025,0.0,74,4.0206861599121484e-05,2.4021351818005487e-05,901074,37148,3143,8.26,0.7747092008647594,1.6718630207678857,0.006370034845169725,0.008222485079639243,0.010649825698642148,0.31489395518137386
650000.0,0.025,0.0,75,4.0206861599121484e-05,2.4021351818005487e-05,901075,37148,3081,6.72,0.7962975443819026,1.634681142730159,0.006677916914680997,0.008386208097457453,0.01091626485314779,0.31001467925200665
650000.0,0.025,0.0,76,4.0206861599121484e-05,2.4021351818005487e-05,901076,37148,3112,7.57,0.7613146699269442,1.7064614840178374,0.0063370778861962995,0.008323861520761719,0.010813979334015157,0.3221302281925802
650000.0,0.025,0.0,77,4.0206861599121484e-05,2.4021351818005487e-05,901077,37148,3080,5.62,0.7752580321300948,1.6922719972722233,0.006312518729921747,0.00814247446437608,0.010682498678902993,0.32342639916047067
650000.0,0.025,0.0,78,4.0206861599121484e-05,2.4021351818005487e-05,901078,37148,3237,12.68,0.7519720851722906,1.6936095731335765,0.006263507328818186,0.008329441281564463,0.010607935973478796,0.3121683310086478
650000.0,0.025,0.0,79,4.0206861599121484e-05,2.4021351818005487e-05,901079,37148,3080,13.25,0.7902200928837575,1.6238198094032532,0.006290165862564675,0.00796001761940767,0.010214095932064621,0.30242560982624855
650000.0,0.025,0.0,80,4.0206861599121484e-05,2.4021351818005487e-05,901080,37148,3126,13.56,0.7868210328353469,1.61634364068475,0.006413263430103369,0.008150854085576323,0.010366037561283648,0.2975079711231441
650000.0,0.025,0.0,81,4.0206861599121484e-05,2.4021351818005487e-05,901081,37148,3159,6.2,0.7446648782979003,1.718157546561437,0.00632051790258606,0.008487734666677219,0.010859645532504904,0.31819816195015427
650000.0,0.025,0.0,82,4.0206861599121484e-05,2.4021351818005487e-05,901082,37148,3274,5.76,0.7827204241529908,1.6596924394403703,0.006577183219084122,0.008402978913194354,0.010916101261527993,0.3138501662185199
650000.0,0.025,0.0,83,4.0206861599121484e-05,2.4021351818005487e-05,901083,37148,3177,18.25,0.7465763200660764,1.682244441723469,0.006292070264704148,0.008427899593905231,0.010584800229732069,0.3046647296534767
650000.0,0.025,0.0,84,4.0206861599121484e-05,2.4021351818005487e-05,901084,37148,3101,17.81,0.777108995715682,1.6498732216044576,0.006602100494867762,0.00849572007436039,0.010892628812823858,0.3069707584521041
650000.0,0.025,0.0,85,4.0206861599121484e-05,2.4021351818005487e-05,901085,37148,3099,13.19,0.7839751097949821,1.6631596487228444,0.006361653360575079,0.008114611396577015,0.01058044516847055,0.31589528953417845
650000.0,0.025,0.0,86,4.0206861599121484e-05,2.4021351818005487e-05,901086,37148,3094,5.3,0.7732028781438027,1.668942523578673,0.006284284389053378,0.008127600875128413,0.010488109447152805,0.3129417014191167
650000.0,0.025,0.0,87,4.0206861599121484e-05,2.4021351818005487e-05,901087,37148,3045,10.0,0.7339587070321747,1.7075929082769488,0.006190035824529364,0.008433765776223717,0.010570061275946598,0.30824423723866
650000.0,0.025,0.0,88,4.0206861599121484e-05,2.4021351818005487e-05,901088,37148,3160,12.93,0.8108896298224307,1.6259458495859571,0.006301348724320735,0.007770908015805566,0.010245651805103066,0.3132571256658696
650000.0,0.025,0.0,89,4.0206861599121484e-05,2.4021351818005487e-05,901089,37148,2978,16.9,0.7842341902940444,1.6696571481732285,0.006141022658379366,0.007830597969819223,0.010253402378656871,0.3186836860474025
650000.0,0.025,0.0,90,4.0206861599121484e-05,2.4021351818005487e-05,901090,37148,3040,7.16,0.7562312268672076,1.6878296976936114,0.006479440451328395,0.008568067835773423,0.010936192018189362,0.31203163486548113
650000.0,0.025,0.0,91,4.0206861599121484e-05,2.4021351818005487e-05,901091,37148,3118,20.71,0.787575283189949,1.6261358211618178,0.006150052312248975,0.007808843730264315,0.010000820366967124,0.30211245026359257
650000.0,0.025,0.0,92,4.0206861599121484e-05,2.4021351818005487e-05,901092,37148,3183,6.28,0.7752348648843067,1.6488469748041699,0.006412994665228043,0.008272324885936464,0.010574046853196538,0.3055960619880774
650000.0,0.025,0.0,93,4.0206861599121484e-05,2.4021351818005487e-05,901093,37148,3099,6.65,0.8067540718514815,1.591795360600963,0.006465617321540801,0.008014359700351264,0.010291939655849871,0.2965379944847548
650000.0,0.025,0.0,94,4.0206861599121484e-05,2.4021351818005487e-05,901094,37148,3066,11.68,0.7465265688999396,1.6985302645882223,0.006323686952685791,0.008470812983929288,0.010740973672918486,0.311305455765297
650000.0,0.025,0.0,95,4.0206861599121484e-05,2.4021351818005487e-05,901095,37148,3193,8.68,0.778902263401826,1.6773328985069622,0.006277179716009715,0.008059008184922164,0.010528920047503686,0.31919950781985174
650000.0,0.028,0.0,0,4.0019860343500636e-05,2.39096290231138e-05,902000,37148,3155,5.58,0.7770221338497812,1.6251337751852188,0.006648760330330831,0.008556719352882953,0.010805124975932267,0.2963765011009576
650000.0,0.028,0.0,1,4.0019860343500636e-05,2.39096290231138e-05,902001,37148,2991,6.01,0.8033411725427694,1.6090835926207814,0.006671810439157551,0.008305077179151238,0.010735500710724466,0.30245975377062306
650000.0,0.028,0.0,2,4.0019860343500636e-05,2.39096290231138e-05,902002,37148,3160,8.05,0.8100989294937735,1.6030786979417473,0.006226463671552243,0.007686053449599208,0.009981511275373561,0.303085638170019
650000.0,0.028,0.0,3,4.0019860343500636e-05,2.39096290231138e-05,902003,37148,3197,7.88,0.7902608361124319,1.6254147652937865,0.006401453273358597,0.008100430871469695,0.010405016669855304,0.303130182057173
650000.0,0.028,0.0,4,4.0019860343500636e-05,2.39096290231138e-05,902004,37148,3187,24.82,0.7821674701726994,1.6302248603615632,0.006546576122021032,0.008369788276384819,0.010672391144368082,0.30117045952362076
650000.0,0.028,0.0,5,4.0019860343500636e-05,2.39096290231138e-05,902005,37148,3020,8.79,0.7801893659904688,1.6523177274816339,0.006483774504713786,0.008310513815427977,0.010713255555132039,0.3095334912899207
650000.0,0.028,0.0,6,4.0019860343500636e-05,2.39096290231138e-05,902006,37148,3092,11.28,0.7852754805483282,1.650621846479907,0.006669628177585058,0.008493361046913001,0.011009033977819865,0.3113387943462044
650000.0,0.028,0.0,7,4.0019860343500636e-05,2.39096290231138e-05,902007,37148,3065,6.54,0.8135841418875703,1.5647297844475538,0.006815004706734139,0.0083765210699939,0.010663640845777174,0.28769516919993066
650000.0,0.028,0.0,8,4.0019860343500636e-05,2.39096290231138e-05,902008,37148,3090,15.92,0.7623376300767806,1.6615294796273272,0.006443962220469248,0.008452897989333453,0.010706833194914426,0.30432930360405397
650000.0,0.028,0.0,9,4.0019860343500636e-05,2.39096290231138e-05,902009,37148,3045,7.45,0.7902133681855339,1.6450446366733735,0.006492823373402164,0.008216544587585004,0.01068098426728275,0.31142263704835316
650000.0,0.028,0.0,10,4.0019860343500636e-05,2.39096290231138e-05,902010,37148,2977,5.05,0.8094607272814217,1.6105237555239353,0.006636860026845294,0.008199113067702771,0.01068882073532157,0.3060051495895103
650000.0,0.028,0.0,11,4.0019860343500636e-05,2.39096290231138e-05,902011,37148,3001,7.62,0.7679900736089411,1.6684906364166283,0.006350745467527881,0.008269306708203193,0.010596159346835611,0.31012493785792594
650000.0,0.028,0.0,12,4.0019860343500636e-05,2.39096290231138e-05,902012,37148,3048,7.41,0.7832708264376165,1.6281282946671827,0.0065551070946119035,0.008368889627135863,0.010672555335311229,0.30082364284539176
650000.0,0.028,0.0,13,4.0019860343500636e-05,2.39096290231138e-05,902013,37148,3114,6.16,0.7928586159545719,1.619217467110495,0.006509362225357688,0.008209991156519957,0.010540073015048411,0.30174329149037504
650000.0,0.028,0.0,14,4.0019860343500636e-05,2.39096290231138e-05,902014,37148,3114,6.8,0.8126298341256487,1.602053413157814,0.006565862249164073,0.008079770116031526,0.010518862026597343,0.3038395062049697
650000.0,0.028,0.0,15,4.0019860343500636e-05,2.39096290231138e-05,902015,37148,3119,10.91,0.7729251198360676,1.6177544299408484,0.00649885779675648,0.008408133763507188,0.010513555990258416,0.2910585355670292
650000.0,0.028,0.0,16,4.0019860343500636e-05,2.39096290231138e-05,902016,37148,3135,12.16,0.7980205719565995,1.5769284875014251,0.0065631686683276244,0.008224310123028463,0.010349647641362623,0.2856047227995684
650000.0,0.028,0.0,17,4.0019860343500636e-05,2.39096290231138e-05,902017,37148,3204,7.16,0.7978531636108346,1.578753370106377,0.0061507896091441815,0.007709174933026055,0.009710579824251662,0.28634722163780046
650000.0,0.028,0.0,18,4.0019860343500636e-05,2.39096290231138e-05,902018,37148,3216,6.43,0.7989930946763137,1.6130157789775794,0.006707380877465486,0.008394792047837116,0.010819111190964311,0.30206036989825313
650000.0,0.028,0.0,19,4.0019860343500636e-05,2.39096290231138e-05,902019,37148,3074,8.11,0.7794287422432814,1.649746588526867,0.006482663489607506,0.00831719840219093,0.010694751976547658,0.3080783021311385
650000.0,0.028,0.0,20,4.0019860343500636e-05,2.39096290231138e-05,902020,37148,3216,8.11,0.7830237222833045,1.6219359852428534,0.006525527956519777,0.00833375512237519,0.01058398861538769,0.2980300896539336
650000.0,0.028,0.0,21,4.0019860343500636e-05,2.39096290231138e-05,902021,37148,3162,8.36,0.8100114185678796,1.603389907337709,0.00654263307751829,0.008077210922638385,0.01049039184390668,0.3031793179084832
650000.0,0.028,0.0,22,4.0019860343500636e-05,2.39096290231138e-05,902022,37148,3124,6.16,0.8167113802494955,1.6192993564278757,0.006604455508497598,0.008086645623182103,0.010694590554466699,0.3131527075833763
650000.0,0.028,0.0,23,4.0019860343500636e-05,2.39096290231138e-05,902023,37148,3191,13.85,0.8036718273037213,1.5831762295078406,0.006733224034617555,0.008378076480803345,0.010659880239557391,0.2912068346065989
650000.0,0.028,0.0,24,4.0019860343500636e-05,2.39096290231138e-05,902024,37148,3151,15.13,0.7873995782822292,1.640408430387306,0.006517780480604853,0.008277602198903734,0.010691822047798028,0.30809816075475716
650000.0,0.028,0.0,25,4.0019860343500636e-05,2.39096290231138e-05,902025,37148,3183,14.8,0.786983295885911,1.6328123785608684,0.006601538717436029,0.008388410213973657,0.010779074135378387,0.3046736323015613
650000.0,0.028,0.0,26,4.0019860343500636e-05,2.39096290231138e-05,902026,37148,3189,10.27,0.7926265635758966,1.6269426713121358,0.006225539727442178,0.00785431628654477,0.010128596234524603,0.30494534050069166
650000.0,0.028,0.0,27,4.0019860343500636e-05,2.39096290231138e-05,902027,37148,3056,11.57,0.759494710630172,1.6499523511114165,0.0062278811318262125,0.008200032264423252,0.01027570711589909,0.2979600706054636
650000.0,0.028,0.0,28,4.0019860343500636e-05,2.39096290231138e-05,902028,37148,3097,8.39,0.8097105464901476,1.5849952812979882,0.00677864161485746,0.008371684973402951,0.010744114973159248,0.29494767013808587
650000.0,0.028,0.0,29,4.0019860343500636e-05,2.39096290231138e-05,902029,37148,3114,7.04,0.7682789746697573,1.657438333758081,0.006524026183897269,0.008491741150018592,0.010813171087632781,0.3056723503112947
650000.0,0.028,0.0,30,4.0019860343500636e-05,2.39096290231138e-05,902030,37148,3010,7.15,0.7805211014714695,1.614436500814125,0.0063217576620557036,0.00809940647362086,0.010206076318924093,0.29350106323735503
650000.0,0.028,0.0,31,4.0019860343500636e-05,2.39096290231138e-05,902031,37148,3132,5.96,0.7805510530342603,1.6307845064724602,0.006487631147264354,0.008311603862482517,0.01057992835866686,0.300598524487
650000.0,0.028,0.0,32,4.0019860343500636e-05,2.39096290231138e-05,902032,37148,3159,10.63,0.7852564435690578,1.6494920305222625,0.006298115445620368,0.008020456880296192,0.010388691234859965,0.3108577393334394
650000.0,0.028,0.0,33,4.0019860343500636e-05,2.39096290231138e-05,902033,37148,3114,6.26,0.8245085526838979,1.6437464832249722,0.006912060303549923,0.008383248762005123,0.01136167481579912,0.3268902114551825
650000.0,0.028,0.0,34,4.0019860343500636e-05,2.39096290231138e-05,902034,37148,3118,5.85,0.8042119719777928,1.6137768832031831,0.0065628729797862365,0.00816062581566177,0.01059101270217782,0.30490599862936485
650000.0,0.028,0.0,35,4.0019860343500636e-05,2.39096290231138e-05,902035,37148,3068,15.55,0.8170984243053939,1.561785856661663,0.0066321759816571416,0.008116740632923235,0.010358038647043304,0.2880449128855854
650000.0,0.028,0.0,36,4.0019860343500636e-05,2.39096290231138e-05,902036,37148,3073,19.49,0.7828445451785336,1.610106012223823,0.0067279331865989726,0.008594213535797987,0.01083268567358319,0.2927817171063192
650000.0,0.028,0.0,37,4.0019860343500636e-05,2.39096290231138e-05,902037,37148,3056,5.92,0.8391137854568074,1.5649350126158552,0.006825720490141491,0.00813443970107775,0.010681808981351876,0.29973657938760934
650000.0,0.028,0.0,38,4.0019860343500636e-05,2.39096290231138e-05,902038,37148,3130,6.74,0.7934896910696159,1.6174505813428366,0.006342446239025947,0.007993104775534507,0.010258593356448206,0.3012906099085402
650000.0,0.028,0.0,39,4.0019860343500636e-05,2.39096290231138e-05,902039,37148,3142,13.21,0.7886104356751302,1.640643683156712,0.00629371787381063,0.00798076919743342,0.010325748473237901,0.30879165281623777
650000.0,0.028,0.0,40,4.0019860343500636e-05,2.39096290231138e-05,902040,37148,3076,5.59,0.7804501332099072,1.6423680362786057,0.0064629268069273,0.008281024670142575,0.010614504408505549,0.30548092922476233
650000.0,0.028,0.0,41,4.0019860343500636e-05,2.39096290231138e-05,902041,37148,3024,6.33,0.7772037541054643,1.6064620462705925,0.006408310783935587,0.008245342035578997,0.010294708055099067,0.28829196801474666
650000.0,0.028,0.0,42,4.0019860343500636e-05,2.39096290231138e-05,902042,37148,3073,7.33,0.7741268161021788,1.6426113140025393,0.006367663452401551,0.008225607639409133,0.010459596030675257,0.3023979583431119
650000.0,0.028,0.0,43,4.0019860343500636e-05,2.39096290231138e-05,902043,37148,3222,8.69,0.7712728811044638,1.6336380846304213,0.006502178293081839,0.008430451079481378,0.010622206092635717,0.2971031986041074
650000.0,0.028,0.0,44,4.0019860343500636e-05,2.39096290231138e-05,902044,37148,3111,11.85,0.7835468331361927,1.6273972538813892,0.006381672867422336,0.008144596592751593,0.010385516899612481,0.30064773854848026
650000.0,0.028,0.0,45,4.0019860343500636e-05,2.39096290231138e-05,902045,37148,3051,5.52,0.8065378345800179,1.5988765732028083,0.006691187265420189,0.00829618522347986,0.0106983825655933,0.2995496096250838
650000.0,0.028,0.0,46,4.0019860343500636e-05,2.39096290231138e-05,902046,37148,3253,9.79,0.7767686857788392,1.63427438710638,0.006614834288895417,0.008515835421793492,0.010810454253294825,0.3001834448317764
650000.0,0.028,0.0,47,4.0019860343500636e-05,2.39096290231138e-05,902047,37148,3198,6.94,0.7975299537337329,1.6279576456060607,0.00653953983785756,0.008199741974883719,0.010646093877785633,0.3077610444758251
650000.0,0.028,0.0,48,4.0019860343500636e-05,2.39096290231138e-05,902048,37148,3115,11.05,0.7805340689775001,1.6216642805980384,0.006116630225972995,0.007836467963513474,0.009919120755086714,0.29665650141767586
650000.0,0.028,0.0,49,4.0019860343500636e-05,2.39096290231138e-05,902049,37148,3255,6.71,0.8098146175200571,1.5860481286032755,0.006872679574511255,0.008486731933239074,0.010900400577643531,0.29546573089927886
650000.0,0.028,0.0,50,4.0019860343500636e-05,2.39096290231138e-05,902050,37148,3035,7.43,0.7800273716721005,1.6310141229702761,0.006441622797216105,0.008258200969803871,0.010506377757106762,0.30043331265732054
650000.0,0.028,0.0,51,4.0019860343500636e-05,2.39096290231138e-05,902051,37148,3144,7.44,0.7867821615591701,1.6644571120118772,0.006629414954734879,0.00842598533448869,0.011034376869886366,0.31779562784778204
650000.0,0.028,0.0,52,4.0019860343500636e-05,2.39096290231138e-05,902052,37148,3062,5.82,0.7985319019282279,1.6259861210693778,0.0064267245164933325,0.008048175033426488,0.010449764867754466,0.30740549030983555
650000.0,0.028,0.0,53,4.0019860343500636e-05,2.39096290231138e-05,902053,37148,3218,12.49,0.7993226174409365,1.6207066922036382,0.0064898749210752305,0.008119218422534854,0.010518183716151184,0.3055315566899107
650000.0,0.028,0.0,54,4.0019860343500636e-05,2.39096290231138e-05,902054,37148,3234,13.19,0.7832120617667876,1.646095577498626,0.00646681030691175,0.008256780791046262,0.010644987846729964,0.3084261198813414
650000.0,0.028,0.0,55,4.0019860343500636e-05,2.39096290231138e-05,902055,37148,3063,17.74,0.8219781928076427,1.5663424650321063,0.006533372837641219,0.007948353003532957,0.010233499315484755,0.2924352953607353
650000.0,0.028,0.0,56,4.0019860343500636e-05,2.39096290231138e-05,902056,37148,3113,8.57,0.8214590224481843,1.566557408442186,0.0066786537195023836,0.008130233568557167,0.010462494462706421,0.29228697129322956
650000.0,0.028,0.0,57,4.0019860343500636e-05,2.39096290231138e-05,902057,37148,3070,5.07,0.8191821984415802,1.6110321500551728,0.0066195976187681275,0.008080739097311088,0.010664384584264119,0.3107742598775759
650000.0,0.028,0.0,58,4.0019860343500636e-05,2.39096290231138e-05,902058,37148,3051,6.65,0.7950726222922572,1.610472261370815,0.00650708600467643,0.008184266219500788,0.01047948151288563,0.29904202769418275
650000.0,0.028,0.0,59,4.0019860343500636e-05,2.39096290231138e-05,902059,37148,3114,9.56,0.8304792622949448,1.5849506638290336,0.006790586508846433,0.008176708097540376,0.010762744594984634,0.30467110529773844
650000.0,0.028,0.0,60,4.0019860343500636e-05,2.39096290231138e-05,902060,37148,3050,7.31,0.8058901994793143,1.5924367455222272,0.006817338662611571,0.008459388967648761,0.010856180593012023,0.29640413129762433
650000.0,0.028,0.0,61,4.0019860343500636e-05,2.39096290231138e-05,902061,37148,3097,7.48,0.7970363831700756,1.6340997770905845,0.006556451028373932,0.008226037313750687,0.010713895163971176,0.3101253971648257
650000.0,0.028,0.0,62,4.0019860343500636e-05,2.39096290231138e-05,902062,37148,3049,13.47,0.807762742016589,1.6181252875195804,0.00653022444525717,0.00808433479978835,0.01056672130804915,0.30846291773054757
650000.0,0.028,0.0,63,4.0019860343500636e-05,2.39096290231138e-05,902063,37148,3064,7.47,0.8159802865140867,1.6300062255565233,0.0066404800676858325,0.008138039824533426,0.01082402385101191,0.31732782116709535
650000.0,0.028,0.0,64,4.0019860343500636e-05,2.39096290231138e-05,902064,37148,3138,14.73,0.8031061891921407,1.6143178114413264,0.006344800708662878,0.007900326001777211,0.010242524794040033,0.3046086293718757
650000.0,0.028,0.0,65,4.0019860343500636e-05,2.39096290231138e-05,902065,37148,3107,13.97,0.8301922799575722,1.592025976716667,0.006682296866569248,0.008049095405838697,0.01063839019571063,0.30763057185345566
650000.0,0.028,0.0,66,4.0019860343500636e-05,2.39096290231138e-05,902066,37148,3002,7.67,0.7911106995461202,1.6447832628799253,0.006534997356185427,0.008260534663397571,0.010748654274418352,0.3117495622314247
650000.0,0.028,0.0,67,4.0019860343500636e-05,2.39096290231138e-05,902067,37148,2989,5.7,0.8184026854263814,1.576508910041168,0.006396958631920895,0.007816394967702396,0.010084862280388051,0.29531245918628535
650000.0,0.028,0.0,68,4.0019860343500636e-05,2.39096290231138e-05,902068,37148,3144,15.99,0.7938253073697573,1.65000844728339,0.006436395219184496,0.008108075113541922,0.010620106481708845,0.31523895933734003
650000.0,0.028,0.0,69,4.0019860343500636e-05,2.39096290231138e-05,902069,37148,3174,6.22,0.8047233885211666,1.5860717001800795,0.006739723548147552,0.008375205249760523,0.010689684786754106,0.29301335355381963
650000.0,0.028,0.0,70,4.0019860343500636e-05,2.39096290231138e-05,902070,37148,3174,5.95,0.7967582000286428,1.6106395322891556,0.006448632222484175,0.008093587517834585,0.01038642198672669,0.29994083819707285
650000.0,0.028,0.0,71,4.0019860343500636e-05,2.39096290231138e-05,902071,37148,3046,7.36,0.8151386282601527,1.6040756305402981,0.006565583465290492,0.00805456058352209,0.0105316924369508,0.3058976923064468
650000.0,0.028,0.0,72,4.0019860343500636e-05,2.39096290231138e-05,902072,37148,3002,5.55,0.7916127273913341,1.6124827514538138,0.006275099280926133,0.007926981292487525,0.01011848935415362,0.2982114189019859
650000.0,0.028,0.0,73,4.0019860343500636e-05,2.39096290231138e-05,902073,37148,3121,8.7,0.7744991716260002,1.6584517735308237,0.006478115429076103,0.008364263857733777,0.010743642022488656,0.30924823929624035
650000.0,0.028,0.0,74,4.0019860343500636e-05,2.39096290231138e-05,902074,37148,3062,10.67,0.7878463231455646,1.6063039325860085,0.006465046295671713,0.008205973812074533,0.01038482928908808,0.2936321002810366
650000.0,0.028,0.0,75,4.0019860343500636e-05,2.39096290231138e-05,902075,37148,3138,12.9,0.7934822098825874,1.6214178607720984,0.0062721019261635985,0.007904527471500198,0.01016969808766474,0.3029965454500938
650000.0,0.028,0.0,76,4.0019860343500636e-05,2.39096290231138e-05,902076,37148,3095,12.45,0.8270978029281658,1.5819935363237014,0.006609412326298933,0.00799108920722519,0.01045604757910311,0.30181546023643324
650000.0,0.028,0.0,77,4.0019860343500636e-05,2.39096290231138e-05,902077,37148,3095,6.71,0.8030699458011678,1.6065089416910037,0.00647694394268513,0.008065230154047824,0.010405268358755045,0.30121100218923735
650000.0,0.028,0.0,78,4.0019860343500636e-05,2.39096290231138e-05,902078,37148,3133,7.44,0.7882379267043694,1.631969989026626,0.006387146592583135,0.008103069360399668,0.01042363155460935,0.3049343754588486
650000.0,0.028,0.0,79,4.0019860343500636e-05,2.39096290231138e-05,902079,37148,3058,11.76,0.7958213273650749,1.5932218697505105,0.006477142257188081,0.008138940280268158,0.010319524697637236,0.2918238501428877
650000.0,0.028,0.0,80,4.0019860343500636e-05,2.39096290231138e-05,902080,37148,3125,13.0,0.7858704471432113,1.6300471133476158,0.006569987834452162,0.008360141112743606,0.0107093897042777,0.3029421209113271
650000.0,0.028,0.0,81,4.0019860343500636e-05,2.39096290231138e-05,902081,37148,3071,7.01,0.8138871697167518,1.5871981777733937,0.006726898040326415,0.008265148156429968,0.010676920311673499,0.29792272682015863
650000.0,0.028,0.0,82,4.0019860343500636e-05,2.39096290231138e-05,902082,37148,3091,9.93,0.7972177035097764,1.618005414108446,0.006521585502415703,0.008180432363335904,0.010551960651479756,0.3033513698854693
650000.0,0.028,0.0,83,4.0019860343500636e-05,2.39096290231138e-05,902083,37148,3190,5.97,0.7852926122197845,1.6480908737195734,0.00677157199693395,0.00862299210709848,0.01116016600888187,0.3102896457014799
650000.0,0.028,0.0,84,4.0019860343500636e-05,2.39096290231138e-05,902084,37148,3189,9.69,0.7943303113605844,1.637619833083001,0.006558028079613997,0.008256046616653655,0.010739556849091107,0.3103032599747646
650000.0,0.028,0.0,85,4.0019860343500636e-05,2.39096290231138e-05,902085,37148,3077,15.65,0.785258676000342,1.652458228153923,0.00658542641518643,0.008386314747554042,0.010882142065677008,0.312095859786543
650000.0,0.028,0.0,86,4.0019860343500636e-05,2.39096290231138e-05,902086,37148,3035,6.53,0.787824996071034,1.6248049766279016,0.006399243597383145,0.008122671442638715,0.01039752284368237,0.30166467252122897
650000.0,0.028,0.0,87,4.0019860343500636e-05,2.39096290231138e-05,902087,37148,3093,5.28,0.8104860944899478,1.6093479651667808,0.006436424063705592,0.007941436759326684,0.010358445969875096,0.3059836936521836
650000.0,0.028,0.0,88,4.0019860343500636e-05,2.39096290231138e-05,902088,37148,3143,6.79,0.7910686518654984,1.6105450011328204,0.006581080205006982,0.008319227654246539,0.010599125826228153,0.297097321819605
650000.0,0.028,0.0,89,4.0019860343500636e-05,2.39096290231138e-05,902089,37148,3055,5.53,0.7683894802934053,1.669198961762517,0.0065254738687846115,0.00849240396457913,0.010892314206783708,0.31062042701583836
650000.0,0.028,0.0,90,4.0019860343500636e-05,2.39096290231138e-05,902090,37148,3051,6.97,0.8194119436806923,1.5761684890801815,0.006581077677708805,0.008031464184116547,0.010372887259793597,0.29563768043324334
650000.0,0.028,0.0,91,4.0019860343500636e-05,2.39096290231138e-05,902091,37148,3107,15.46,0.7722497728914677,1.6519425681254678,0.006451283837917117,0.008353882467018587,0.010657150390915127,0.30538813088550276
650000.0,0.028,0.0,92,4.0019860343500636e-05,2.39096290231138e-05,902092,37148,3157,6.51,0.7974945890275176,1.6203442271126547,0.006403178353655005,0.008029118243251258,0.0103753530805176,0.3044913033366248
650000.0,0.028,0.0,93,4.0019860343500636e-05,2.39096290231138e-05,902093,37148,3001,7.25,0.8009647719168463,1.5970947014980215,0.0066344284189633436,0.008283046460440471,0.010595810475394252,0.29606730348540145
650000.0,0.028,0.0,94,4.0019860343500636e-05,2.39096290231138e-05,902094,37148,3216,7.43,0.8220561291008089,1.583629280882582,0.0066497787690084405,0.008089202833731293,0.010530784369993098,0.30019545150228
650000.0,0.028,0.0,95,4.0019860343500636e-05,2.39096290231138e-05,902095,37148,3123,11.33,0.7880908194598445,1.6344424198689427,0.006507330729410896,0.008257082266065483,0.010635857384265876,0.3059133616572337
700000.0,0.022,0.0,0,3.75292354999428e-05,2.242161993127573e-05,910000,37148,3134,6.87,0.7370519569562525,1.8255134562447544,0.006011909425330617,0.008156696917484003,0.01097482155366571,0.35449491030302205
700000.0,0.022,0.0,1,3.75292354999428e-05,2.242161993127573e-05,910001,37148,3145,11.4,0.6974542321329216,1.901420478731264,0.005586539365913524,0.008009901020786745,0.010622360355586346,0.3600085135715697
700000.0,0.022,0.0,2,3.75292354999428e-05,2.242161993127573e-05,910002,37148,3133,6.11,0.7219596584547199,1.8613979641730936,0.005815092951250051,0.00805459541007687,0.010824202180934151,0.35932052406794857
700000.0,0.022,0.0,3,3.75292354999428e-05,2.242161993127573e-05,910003,37148,3068,5.21,0.7149622493042499,1.8722692749457728,0.005613959582960776,0.007852106301310146,0.010510844037964845,0.3594203360057523
700000.0,0.022,0.0,4,3.75292354999428e-05,2.242161993127573e-05,910004,37148,3205,7.95,0.7409698906372744,1.8058116280742305,0.005855736597435733,0.007902799656811265,0.010574357238589276,0.3494386493754148
700000.0,0.022,0.0,5,3.75292354999428e-05,2.242161993127573e-05,910005,37148,3109,5.92,0.7048275051478904,1.8665196997286273,0.005876107543319141,0.008336944146477636,0.010967870487329164,0.3520596497644338
700000.0,0.022,0.0,6,3.75292354999428e-05,2.242161993127573e-05,910006,37148,3087,9.45,0.7066256734399552,1.8760520852828457,0.005863065389303062,0.008297271964038355,0.010999416049751689,0.3563141311642136
700000.0,0.022,0.0,7,3.75292354999428e-05,2.242161993127573e-05,910007,37148,3073,9.18,0.7052562519512359,1.8835013447926392,0.005740250836337294,0.008139241333140564,0.010811770169688366,0.358130447112625
700000.0,0.022,0.0,8,3.75292354999428e-05,2.242161993127573e-05,910008,37148,3172,6.52,0.7257215856641726,1.8479558300238599,0.0058838709000752,0.008107614567768913,0.010873133532901702,0.35660288611804536
700000.0,0.022,0.0,9,3.75292354999428e-05,2.242161993127573e-05,910009,37148,3125,12.56,0.7189486279596911,1.8894317523209745,0.005898696896888763,0.008204615277768473,0.01114518521429883,0.367291260599095
700000.0,0.022,0.0,10,3.75292354999428e-05,2.242161993127573e-05,910010,37148,3091,10.1,0.703937789486509,1.9077694145552337,0.005569162408617089,0.007911441169651572,0.010624677707850439,0.36559941162695153
700000.0,0.022,0.0,11,3.75292354999428e-05,2.242161993127573e-05,910011,37148,3161,16.6,0.714345175063361,1.9076892603795075,0.00603181132681878,0.008443832949923362,0.011506821688807654,0.3709972802123902
700000.0,0.022,0.0,12,3.75292354999428e-05,2.242161993127573e-05,910012,37148,3080,8.01,0.7022665986236869,1.8875201941062352,0.0057028834520210635,0.008120681608946892,0.010764307680324034,0.3578980891527327
700000.0,0.022,0.0,13,3.75292354999428e-05,2.242161993127573e-05,910013,37148,2994,4.65,0.7275899205754857,1.855573993235428,0.005815241708814717,0.007992471506772887,0.010790611279254538,0.36019782113115384
700000.0,0.022,0.0,14,3.75292354999428e-05,2.242161993127573e-05,910014,37148,3196,6.97,0.7144392096642801,1.8529901455537896,0.005819609528628909,0.008145702881234057,0.010783679107520303,0.35247922946242605
700000.0,0.022,0.0,15,3.75292354999428e-05,2.242161993127573e-05,910015,37148,3199,12.04,0.6821485744286634,1.9377798405347746,0.005865920978639928,0.008599183812049972,0.011366863418578468,0.3637160816480147
700000.0,0.022,0.0,16,3.75292354999428e-05,2.242161993127573e-05,910016,37148,3169,10.08,0.7352475602936946,1.8365909980784618,0.005885934256259292,0.008005377473008078,0.010810053870327463,0.3574818453311478
700000.0,0.022,0.0,17,3.75292354999428e-05,2.242161993127573e-05,910017,37148,3024,17.62,0.7055308443812061,1.9092840906727873,0.005666030243735429,0.008030875317300814,0.01081806140163491,0.3669426964536242
700000.0,0.022,0.0,18,3.75292354999428e-05,2.242161993127573e-05,910018,37148,3072,15.77,0.768699215178601,1.8082866644632272,0.00600942078058025,0.007817649168776647,0.010866755458671464,0.3637903235264599
700000.0,0.022,0.0,19,3.75292354999428e-05,2.242161993127573e-05,910019,37148,3152,16.12,0.7040766539061045,1.8937457257818242,0.005946316638816177,0.008445552917891773,0.01126081171890348,0.3609754822315172
700000.0,0.022,0.0,20,3.75292354999428e-05,2.242161993127573e-05,910020,37148,3166,8.12,0.6997585215250308,1.874825722149602,0.005655039957039865,0.008081416350193858,0.010602214371242119,0.35218927734129535
700000.0,0.022,0.0,21,3.75292354999428e-05,2.242161993127573e-05,910021,37148,3090,5.36,0.7518850712780942,1.8103429520377396,0.005853213378924281,0.007784718173715935,0.010596323587308576,0.3564781482808512
700000.0,0.022,0.0,22,3.75292354999428e-05,2.242161993127573e-05,910022,37148,3150,6.76,0.732031864510308,1.836125724783658,0.005912996296808472,0.008077512173276727,0.010857004611120541,0.35569206373205864
700000.0,0.022,0.0,23,3.75292354999428e-05,2.242161993127573e-05,910023,37148,3107,13.71,0.7129446495017246,1.8686615125620696,0.005841785462461928,0.008193883587659628,0.010916319658347214,0.3571244939044489
700000.0,0.022,0.0,24,3.75292354999428e-05,2.242161993127573e-05,910024,37148,3186,6.15,0.7207507819107835,1.8563371825182655,0.005817758958918363,0.008071803881356735,0.010799722274368912,0.35694814702599653
700000.0,0.022,0.0,25,3.75292354999428e-05,2.242161993127573e-05,910025,37148,3188,11.19,0.7037893782195643,1.8709311540162392,0.005743272015901702,0.008160498287756123,0.010745266540540144,0.35302813330869187
700000.0,0.022,0.0,26,3.75292354999428e-05,2.242161993127573e-05,910026,37148,3186,6.31,0.7270693724832613,1.8426789887435684,0.005926526085765906,0.008151252562770201,0.010920685094481498,0.3554535028370166
700000.0,0.022,0.0,27,3.75292354999428e-05,2.242161993127573e-05,910027,37148,3075,4.89,0.7247135035838966,1.898566615559232,0.005741081036715575,0.007921862926969675,0.010899824793528377,0.3732493768249634
700000.0,0.022,0.0,28,3.75292354999428e-05,2.242161993127573e-05,910028,37148,3129,5.69,0.7109351694471553,1.8694851998777244,0.005786776868335125,0.0081396688714037,0.010818293710347282,0.3563474004029529
700000.0,0.022,0.0,29,3.75292354999428e-05,2.242161993127573e-05,910029,37148,3125,6.13,0.7047983572824205,1.8783966990990941,0.005935144203374124,0.008421052833123796,0.011148555280295076,0.35614092249816853
700000.0,0.022,0.0,30,3.75292354999428e-05,2.242161993127573e-05,910030,37148,3062,12.27,0.7131415192948927,1.8747835462983151,0.005703785317470547,0.007998111403063552,0.010693362864811692,0.3593270473583903
700000.0,0.022,0.0,31,3.75292354999428e-05,2.242161993127573e-05,910031,37148,3087,17.25,0.7031008669369981,1.86620087651892,0.005692152247036785,0.008095783286165162,0.010622699512699188,0.35101545907804355
700000.0,0.022,0.0,32,3.75292354999428e-05,2.242161993127573e-05,910032,37148,3029,5.34,0.7040479742168962,1.86915105714547,0.005628607243892227,0.007994635948143812,0.010520717180177806,0.3525515913637649
700000.0,0.022,0.0,33,3.75292354999428e-05,2.242161993127573e-05,910033,37148,3141,6.57,0.7185061319506382,1.8436448049745517,0.005884206027293541,0.0081895000830665,0.010848385873619682,0.3513456160983608
700000.0,0.022,0.0,34,3.75292354999428e-05,2.242161993127573e-05,910034,37148,3120,6.28,0.7124558739785678,1.8656011688213197,0.005805108997228127,0.008148026017121108,0.010830018130363953,0.3558120195926058
700000.0,0.022,0.0,35,3.75292354999428e-05,2.242161993127573e-05,910035,37148,3175,5.72,0.7238925818303312,1.8819223177922133,0.005764940741706659,0.007963806905066295,0.010849170642567357,0.3672904547695375
700000.0,0.022,0.0,36,3.75292354999428e-05,2.242161993127573e-05,910036,37148,3170,7.5,0.716716006667348,1.8996561832572312,0.005937010572258937,0.008283630499429467,0.011278278843655242,0.36955623864148246
700000.0,0.022,0.0,37,3.75292354999428e-05,2.242161993127573e-05,910037,37148,3127,13.31,0.7241991735977686,1.818919865851827,0.005750120730463775,0.007939971405791026,0.010459008827686979,0.34553587429745103
700000.0,0.022,0.0,38,3.75292354999428e-05,2.242161993127573e-05,910038,37148,3026,9.97,0.7134204939897265,1.8732474304619302,0.0058981522875366545,0.008267427607177191,0.011048698617101194,0.3589480360705858
700000.0,0.022,0.0,39,3.75292354999428e-05,2.242161993127573e-05,910039,37148,3132,5.5,0.720922348728935,1.8819156230853578,0.005627068293891921,0.007805373635334039,0.010589667734443475,0.36577604387264173
700000.0,0.022,0.0,40,3.75292354999428e-05,2.242161993127573e-05,910040,37148,3133,6.51,0.685345066911497,1.8901697084589075,0.005679926683833773,0.008287688870995052,0.010736025364050052,0.34949783177674565
700000.0,0.022,0.0,41,3.75292354999428e-05,2.242161993127573e-05,910041,37148,3238,12.12,0.7281609007429158,1.856118057045711,0.0056397963278376284,0.007745261139514016,0.010468127802159515,0.3606756757120225
700000.0,0.022,0.0,42,3.75292354999428e-05,2.242161993127573e-05,910042,37148,3144,6.93,0.7167217760314786,1.8787088090433446,0.005760031764651188,0.008036635633627248,0.010821422416619668,0.36252985665316273
700000.0,0.022,0.0,43,3.75292354999428e-05,2.242161993127573e-05,910043,37148,3065,5.24,0.7242005651952729,1.8499578215846595,0.005654632293161067,0.0078081025684319325,0.010460831238918515,0.3565169653293808
700000.0,0.022,0.0,44,3.75292354999428e-05,2.242161993127573e-05,910044,37148,3135,5.37,0.6823914318436615,1.9388608352008996,0.005531359812077087,0.008105845932345092,0.010724536905040471,0.36420537944101017
700000.0,0.022,0.0,45,3.75292354999428e-05,2.242161993127573e-05,910045,37148,2984,4.73,0.7058697873736284,1.8738225199076863,0.0059078907219239085,0.00836966084623872,0.011070338679894699,0.35514386772589523
700000.0,0.022,0.0,46,3.75292354999428e-05,2.242161993127573e-05,910046,37148,3135,12.45,0.7302342340942113,1.82162497814705,0.005964114838273196,0.008167399664124395,0.010864380561935907,0.34964011883437207
700000.0,0.022,0.0,47,3.75292354999428e-05,2.242161993127573e-05,910047,37148,3056,5.47,0.7113250945592133,1.8715115801953628,0.006113170481855892,0.008594059915240357,0.011440869348501768,0.35725031249385675
700000.0,0.022,0.0,48,3.75292354999428e-05,2.242161993127573e-05,910048,37148,3160,9.98,0.7069309189555903,1.8748779605106578,0.006004019757375627,0.008493078455594898,0.01125680431757411,0.35607398849699856
700000.0,0.022,0.0,49,3.75292354999428e-05,2.242161993127573e-05,910049,37148,3154,12.36,0.7199635298805063,1.8983682517001355,0.005757409702086853,0.007996807425846169,0.010929683790472017,0.37078613656127457
700000.0,0.022,0.0,50,3.75292354999428e-05,2.242161993127573e-05,910050,37148,3029,9.31,0.7340719172612818,1.850924192448894,0.005763452880897476,0.007851346367260719,0.010667714369292413,0.3618689638265379
700000.0,0.022,0.0,51,3.75292354999428e-05,2.242161993127573e-05,910051,37148,2953,4.79,0.7101984741105662,1.9118929272084122,0.005582204580285007,0.007860062762421465,0.010672577455277308,0.37024268977970143
700000.0,0.022,0.0,52,3.75292354999428e-05,2.242161993127573e-05,910052,37148,3186,6.55,0.6868048456050482,1.950961703683982,0.00552360903177638,0.008042472424477868,0.010776349687118675,0.37056230309275184
700000.0,0.022,0.0,53,3.75292354999428e-05,2.242161993127573e-05,910053,37148,3092,7.38,0.7020770860880697,1.8875322373885763,0.005713197703352886,0.008137564687072286,0.010783844843652949,0.3578003675295217
700000.0,0.022,0.0,54,3.75292354999428e-05,2.242161993127573e-05,910054,37148,3156,8.63,0.7215063215074772,1.8660357641196956,0.005927892604508499,0.008215995380502106,0.01106165960587351,0.360679658886787
700000.0,0.022,0.0,55,3.75292354999428e-05,2.242161993127573e-05,910055,37148,3202,7.89,0.6942625534151321,1.9524768232413727,0.005695508945118311,0.008203681614544317,0.011120349211907422,0.37505602140714767
700000.0,0.022,0.0,56,3.75292354999428e-05,2.242161993127573e-05,910056,37148,3118,5.37,0.7077718065530748,1.8654149230658443,0.005679762059368537,0.008024849261839903,0.01059511290500926,0.353257891441202
700000.0,0.022,0.0,57,3.75292354999428e-05,2.242161993127573e-05,910057,37148,3126,5.38,0.7419529291283747,1.8516767396300786,0.00578938635197651,0.007802902481667829,0.01072007204468674,0.36603556501370826
700000.0,0.022,0.0,58,3.75292354999428e-05,2.242161993127573e-05,910058,37148,3075,8.06,0.7084314321032514,1.891108957710183,0.005738058834273185,0.00809966720030695,0.010851294461362071,0.362392842446043
700000.0,0.022,0.0,59,3.75292354999428e-05,2.242161993127573e-05,910059,37148,3177,9.67,0.706171818297801,1.8835103090522884,0.005615262306881494,0.007951694136445236,0.01057640444304403,0.35862151847599066
700000.0,0.022,0.0,60,3.75292354999428e-05,2.242161993127573e-05,910060,37148,3182,9.45,0.6998851875283366,1.8929107977317992,0.005701231723507572,0.008145952829265647,0.010791923089798558,0.35844684781608793
700000.0,0.022,0.0,61,3.75292354999428e-05,2.242161993127573e-05,910061,37148,3110,14.15,0.7340657825666086,1.8720837247291557,0.005715088917291987,0.007785526928267365,0.0106991249474423,0.36907850352814286
700000.0,0.022,0.0,62,3.75292354999428e-05,2.242161993127573e-05,910062,37148,3214,9.02,0.6986922366146712,1.8997991682464637,0.00567127263407748,0.008116982466495027,0.010774279033119328,0.3601309629076599
700000.0,0.022,0.0,63,3.75292354999428e-05,2.242161993127573e-05,910063,37148,3113,6.43,0.7297921836212354,1.8652119574580062,0.0057316148758694485,0.00785376303625112,0.010690676602015881,0.3646156170527668
700000.0,0.022,0.0,64,3.75292354999428e-05,2.242161993127573e-05,910064,37148,3100,6.17,0.7320336008137831,1.847855380394234,0.005796841850510198,0.007918819360294387,0.010711725402759737,0.3597828223233335
700000.0,0.022,0.0,65,3.75292354999428e-05,2.242161993127573e-05,910065,37148,3206,13.95,0.718898057340674,1.8822847385900896,0.0059583276114424,0.008288139814264161,0.011215269130537971,0.36486288202772754
700000.0,0.022,0.0,66,3.75292354999428e-05,2.242161993127573e-05,910066,37148,3116,8.18,0.7057471067588207,1.8681945500041606,0.005635243056140317,0.007984790872215482,0.01052773036543013,0.35313531712970847
700000.0,0.022,0.0,67,3.75292354999428e-05,2.242161993127573e-05,910067,37148,3038,5.31,0.7005759257269015,1.8749573405074713,0.005537523419708112,0.007904244517055741,0.01038262018401376,0.35267939602277376
700000.0,0.022,0.0,68,3.75292354999428e-05,2.242161993127573e-05,910068,37148,3118,16.68,0.7109517174827684,1.8546825856677545,0.005839865690874807,0.008214152307770955,0.010831097199504093,0.35121909905446924
700000.0,0.022,0.0,69,3.75292354999428e-05,2.242161993127573e-05,910069,37148,3027,9.66,0.727766730755367,1.8443296587124267,0.00593239480343844,0.008151505905307131,0.010941291683172991,0.35638765894498037
700000.0,0.022,0.0,70,3.75292354999428e-05,2.242161993127573e-05,910070,37148,3100,11.74,0.7210445818167788,1.8401913968839108,0.00567115461859385,0.007865192751749878,0.01043600993953486,0.35145963597333185
700000.0,0.022,0.0,71,3.75292354999428e-05,2.242161993127573e-05,910071,37148,3252,5.7,0.7305406843772487,1.8378387989787435,0.0058246240112266,0.00797303166789652,0.010704719997295446,0.35553402225330943
700000.0,0.022,0.0,72,3.75292354999428e-05,2.242161993127573e-05,910072,37148,3065,5.59,0.7176361599640204,1.8597800240614797,0.0060186959100847455,0.008386834786009809,0.011193450424476137,0.35651965435989574
700000.0,0.022,0.0,73,3.75292354999428e-05,2.242161993127573e-05,910073,37148,3262,5.88,0.7096712108107456,1.8999334086793689,0.005749993747447858,0.008102334799348737,0.010924605220473668,0.3660032437219737
700000.0,0.022,0.0,74,3.75292354999428e-05,2.242161993127573e-05,910074,37148,3163,7.65,0.70417178763146,1.894333869450374,0.005597914291607015,0.007949642956353111,0.010604318640871467,0.3612245299879643
700000.0,0.022,0.0,75,3.75292354999428e-05,2.242161993127573e-05,910075,37148,3099,11.19,0.6998571485905244,1.9034766090930557,0.005667954039215752,0.008098729934574098,0.010788817935061689,0.36199294229210044
700000.0,0.022,0.0,76,3.75292354999428e-05,2.242161993127573e-05,910076,37148,3129,8.8,0.7398362416653499,1.8339055838976839,0.00591362005253258,0.007993147293272891,0.010845020835388814,0.35884091156257847
700000.0,0.022,0.0,77,3.75292354999428e-05,2.242161993127573e-05,910077,37148,3072,9.95,0.7294564829553404,1.8268872817238746,0.006025223061840901,0.008259880064990503,0.011007403381226525,0.3511138534636107
700000.0,0.022,0.0,78,3.75292354999428e-05,2.242161993127573e-05,910078,37148,3215,9.45,0.7062150584232009,1.8851558111103683,0.005658361033542223,0.008012235035282181,0.010666892183742591,0.35920435712007304
700000.0,0.022,0.0,79,3.75292354999428e-05,2.242161993127573e-05,910079,37148,3072,10.24,0.7427017275173797,1.7978468912029735,0.005893223369319935,0.00793484537732145,0.010595113313696558,0.3474317670219955
700000.0,0.022,0.0,80,3.75292354999428e-05,2.242161993127573e-05,910080,37148,3160,7.84,0.7132785874239184,1.8890634178429189,0.005869378192845437,0.008228731797548168,0.011087627629589297,0.36424136608040913
700000.0,0.022,0.0,81,3.75292354999428e-05,2.242161993127573e-05,910081,37148,3029,6.17,0.7075930317139183,1.855401235805383,0.005916595823102638,0.008361580114450214,0.010977659201945603,0.34967119697875626
700000.0,0.022,0.0,82,3.75292354999428e-05,2.242161993127573e-05,910082,37148,3092,9.06,0.7126261570696907,1.9025110054979142,0.0057650696110716475,0.008089893352746885,0.010968108382525389,0.36839779109529325
700000.0,0.022,0.0,83,3.75292354999428e-05,2.242161993127573e-05,910083,37148,3114,8.05,0.7248896721997318,1.8167509296373456,0.005742856982329227,0.007922387644042574,0.010433340761420945,0.3451165384676511
700000.0,0.022,0.0,84,3.75292354999428e-05,2.242161993127573e-05,910084,37148,3149,8.3,0.7168676068099427,1.8602234684726768,0.005836597032665132,0.00814180607021422,0.010857374776181665,0.35627150250240813
700000.0,0.022,0.0,85,3.75292354999428e-05,2.242161993127573e-05,910085,37148,3101,5.65,0.7335703533688352,1.8414772197508482,0.005823972109558773,0.007939214122834801,0.010724711968216772,0.3583423837776961
700000.0,0.022,0.0,86,3.75292354999428e-05,2.242161993127573e-05,910086,37148,3062,13.13,0.7240527409743878,1.8581878484655159,0.005833456208752119,0.008056673055200088,0.010839657441658905,0.3592911335661888
700000.0,0.022,0.0,87,3.75292354999428e-05,2.242161993127573e-05,910087,37148,3074,9.73,0.7043272128937644,1.8991910812078052,0.005791014380506982,0.008222051163853663,0.010998242862605005,0.3629407115564659
700000.0,0.022,0.0,88,3.75292354999428e-05,2.242161993127573e-05,910088,37148,3030,9.02,0.7299847337065232,1.8140718696250995,0.00575758605059581,0.007887269123234213,0.010444674891331733,0.3468032602357881
700000.0,0.022,0.0,89,3.75292354999428e-05,2.242161993127573e-05,910089,37148,3074,8.03,0.7038716073968668,1.8869549178467706,0.005562170651197515,0.007902251764022886,0.010495565264180126,0.35856611452969755
700000.0,0.022,0.0,90,3.75292354999428e-05,2.242161993127573e-05,910090,37148,3185,9.33,0.7116219782673933,1.879652112959937,0.005916060058813889,0.008313486990969409,0.011120134789947417,0.36018999236201776
700000.0,0.022,0.0,91,3.75292354999428e-05,2.242161993127573e-05,910091,37148,2990,9.03,0.7400464415510669,1.7949438017889305,0.005886706759845405,0.007954509919009175,0.010566307811533508,0.3450305950889302
700000.0,0.022,0.0,92,3.75292354999428e-05,2.242161993127573e-05,910092,37148,3190,5.95,0.6951506304737238,1.8829960640815275,0.005688232345812349,0.008182733491784354,0.010710919118745887,0.35248480154610595
700000.0,0.022,0.0,93,3.75292354999428e-05,2.242161993127573e-05,910093,37148,3196,8.21,0.7061064284405464,1.8684388351310004,0.0058256391326323344,0.008250369771449897,0.01088485039486913,0.3534128447591094
700000.0,0.022,0.0,94,3.75292354999428e-05,2.242161993127573e-05,910094,37148,3148,5.32,0.7491939235229775,1.7896480996113098,0.005957933340151556,0.007952458172825567,0.010662604079813095,0.34770195869352016
700000.0,0.022,0.0,95,3.75292354999428e-05,2.242161993127573e-05,910095,37148,3059,7.98,0.6913318122004405,1.8980899205904198,0.005532034485269787,0.008001996129270937,0.010500298896849194,0.3555406971033055
700000.0,0.025,0.0,0,3.733494308092024e-05,2.2305541073904425e-05,911000,37148,3072,5.55,0.7308622249197938,1.8580158896855854,0.006016131452032867,0.008231553426766704,0.01117806783231428,0.3626946493556138
700000.0,0.025,0.0,1,3.733494308092024e-05,2.2305541073904425e-05,911001,37148,3060,7.08,0.7693003934339041,1.7648368377014598,0.006018864890914441,0.007823816213128667,0.010622314480633784,0.34841502154353565
700000.0,0.025,0.0,2,3.733494308092024e-05,2.2305541073904425e-05,911002,37148,3172,6.56,0.7550365448318496,1.8107985908982949,0.006132137879334277,0.008121643808247632,0.011104066631092566,0.35817290362479437
700000.0,0.025,0.0,3,3.733494308092024e-05,2.2305541073904425e-05,911003,37148,3049,10.93,0.7382606111608078,1.785082276470264,0.005998788115417074,0.0081255697848824,0.010708330345131476,0.34049672334207126
700000.0,0.025,0.0,4,3.733494308092024e-05,2.2305541073904425e-05,911004,37148,3052,6.84,0.7535111756297398,1.7802309654463673,0.005948337374925775,0.007894159459485798,0.010589414387764822,0.34639932259118056
700000.0,0.025,0.0,5,3.733494308092024e-05,2.2305541073904425e-05,911005,37148,3107,7.1,0.7388001627308357,1.858619670850668,0.005823368076586408,0.00788219652667837,0.010823426457747316,0.36685648224391765
700000.0,0.025,0.0,6,3.733494308092024e-05,2.2305541073904425e-05,911006,37148,3160,13.62,0.707340933421161,1.8791265964657375,0.0057491491631891075,0.008127833257694393,0.010803379099597391,0.35774805767018514
700000.0,0.025,0.0,7,3.733494308092024e-05,2.2305541073904425e-05,911007,37148,3086,11.7,0.7399438722998072,1.7881827147691554,0.006021398916944511,0.008137642789350362,0.010767361462009887,0.34250179320849705
700000.0,0.025,0.0,8,3.733494308092024e-05,2.2305541073904425e-05,911008,37148,3056,7.07,0.7336921257316553,1.8617148320268289,0.006102376233395267,0.008317352768792266,0.011360884344319982,0.3653782326638656
700000.0,0.025,0.0,9,3.733494308092024e-05,2.2305541073904425e-05,911009,37148,3104,6.23,0.741897292825459,1.8050937182458482,0.00590950837362545,0.007965399565106297,0.01066721644315254,0.34964721055987025
700000.0,0.025,0.0,10,3.733494308092024e-05,2.2305541073904425e-05,911010,37148,3110,8.44,0.7443168879218851,1.7662653587538852,0.006076342389139704,0.00816364976764763,0.01073243306986528,0.3365906843262484
700000.0,0.025,0.0,11,3.733494308092024e-05,2.2305541073904425e-05,911011,37148,3032,8.18,0.7383253364064166,1.825988117719243,0.006062656812066858,0.008211362272321674,0.011070339300643708,0.35530345110747696
700000.0,0.025,0.0,12,3.733494308092024e-05,2.2305541073904425e-05,911012,37148,3182,5.4,0.7644011408857957,1.743846698659918,0.006072479462579095,0.00794410046999962,0.010589473263498708,0.33818332679052876
700000.0,0.025,0.0,13,3.733494308092024e-05,2.2305541073904425e-05,911013,37148,3105,6.09,0.745730154710749,1.8183165095971692,0.006024337604730744,0.008078441734822217,0.010954152526068977,0.3562815879187915
700000.0,0.025,0.0,14,3.733494308092024e-05,2.2305541073904425e-05,911014,37148,3089,9.54,0.7358750799870208,1.8501076932360974,0.005913639251495902,0.0080361999099089,0.010940869474215525,0.3624894623649175
700000.0,0.025,0.0,15,3.733494308092024e-05,2.2305541073904425e-05,911015,37148,3096,9.37,0.7491106683849664,1.7902968302007252,0.0060464843751385925,0.00807155021323407,0.010825001810668835,0.3478968948320036
700000.0,0.025,0.0,16,3.733494308092024e-05,2.2305541073904425e-05,911016,37148,3129,13.23,0.7478321897001083,1.8127822750822538,0.0060247211033876945,0.008056247359188558,0.01092150762853521,0.35535601212298984
700000.0,0.025,0.0,17,3.733494308092024e-05,2.2305541073904425e-05,911017,37148,3152,9.09,0.736807804886261,1.817494854145031,0.005954803932404709,0.008081895838934464,0.010822825504588154,0.35152332607651526
700000.0,0.025,0.0,18,3.733494308092024e-05,2.2305541073904425e-05,911018,37148,3123,5.19,0.7648770897925521,1.7536651236713674,0.0059960474697520584,0.007839230053783269,0.010515059327582134,0.34212080538414547
700000.0,0.025,0.0,19,3.733494308092024e-05,2.2305541073904425e-05,911019,37148,3098,8.09,0.749695870132654,1.7344963018606958,0.006066684798139255,0.008092194501572742,0.01052264234692704,0.327218447947779
700000.0,0.025,0.0,20,3.733494308092024e-05,2.2305541073904425e-05,911020,37148,3144,5.24,0.7368996409023081,1.835051872320171,0.006022470429715765,0.008172714567130823,0.01105154563804278,0.3577737693095866
700000.0,0.025,0.0,21,3.733494308092024e-05,2.2305541073904425e-05,911021,37148,3106,11.67,0.7190326399512074,1.8412690474577922,0.006020211329884865,0.008372653750869208,0.011084828780871714,0.35078541287030085
700000.0,0.025,0.0,22,3.733494308092024e-05,2.2305541073904425e-05,911022,37148,3150,14.51,0.7575794783225422,1.799352946844903,0.0060720924095902535,0.008015122615300092,0.010925837370710791,0.355325612723545
700000.0,0.025,0.0,23,3.733494308092024e-05,2.2305541073904425e-05,911023,37148,3204,5.96,0.7426149536754876,1.793862096078511,0.0059911783081253705,0.008067677978301838,0.010747347677793884,0.34593833251177186
700000.0,0.025,0.0,24,3.733494308092024e-05,2.2305541073904425e-05,911024,37148,3037,9.02,0.7167949466430363,1.8551477844176112,0.0057095683496728835,0.007965413785926488,0.010592093073876567,0.3544721501113799
700000.0,0.025,0.0,25,3.733494308092024e-05,2.2305541073904425e-05,911025,37148,3189,9.9,0.7291585048538147,1.836319571419752,0.005966017474216834,0.008182058406372055,0.010955514651336607,0.3542943288902096
700000.0,0.025,0.0,26,3.733494308092024e-05,2.2305541073904425e-05,911026,37148,3153,5.4,0.7287955960625038,1.805727597584745,0.005881852185554342,0.008070647266987458,0.010621022816369624,0.34316592225762166
700000.0,0.025,0.0,27,3.733494308092024e-05,2.2305541073904425e-05,911027,37148,3166,9.39,0.7312901422745276,1.8513434848128418,0.006058985273104777,0.008285336999428912,0.011217262909939485,0.3606139756328902
700000.0,0.025,0.0,28,3.733494308092024e-05,2.2305541073904425e-05,911028,37148,3015,7.2,0.7566401088985427,1.784373865579344,0.0060589356352571564,0.008007684979953389,0.01081140640078025,0.3494546364386335
700000.0,0.025,0.0,29,3.733494308092024e-05,2.2305541073904425e-05,911029,37148,3067,5.46,0.7646486688790128,1.7919167399399154,0.006012734465454706,0.007863394929163312,0.010774319541461966,0.3560554176428684
700000.0,0.025,0.0,30,3.733494308092024e-05,2.2305541073904425e-05,911030,37148,3014,8.96,0.754291361514799,1.7941168589218135,0.00610063275018836,0.008087899532531856,0.010945248067203485,0.35184053410196525
700000.0,0.025,0.0,31,3.733494308092024e-05,2.2305541073904425e-05,911031,37148,3032,6.21,0.7202035941876761,1.8461687157272713,0.006109748730780719,0.008483363287949094,0.011279626967721765,0.35312080530277945
700000.0,0.025,0.0,32,3.733494308092024e-05,2.2305541073904425e-05,911032,37148,3068,9.72,0.7539759180524483,1.779473202240152,0.005927457675478676,0.007861600793284684,0.010547752090927008,0.346350845663861
700000.0,0.025,0.0,33,3.733494308092024e-05,2.2305541073904425e-05,911033,37148,2991,5.35,0.7781277830155717,1.7795733472391222,0.006223127282421575,0.007997564690858801,0.011074511448274064,0.3579539810987943
700000.0,0.025,0.0,34,3.733494308092024e-05,2.2305541073904425e-05,911034,37148,3029,5.98,0.7428165453532645,1.7965315519391147,0.005872651428573758,0.007905924370304481,0.010550403584973072,0.347011908695936
700000.0,0.025,0.0,35,3.733494308092024e-05,2.2305541073904425e-05,911035,37148,3128,5.3,0.7572075012244897,1.795121830384821,0.005970411420382386,0.007884775851701891,0.010717615877107269,0.3536254969876821
700000.0,0.025,0.0,36,3.733494308092024e-05,2.2305541073904425e-05,911036,37148,3061,5.03,0.7387560613027506,1.803331621965116,0.006169559781485054,0.008351281437346744,0.01112576224755619,0.3474226351537689
700000.0,0.025,0.0,37,3.733494308092024e-05,2.2305541073904425e-05,911037,37148,3116,6.0,0.7319365903195011,1.8196912674083394,0.005778425380390916,0.007894707624698129,0.010514950204068061,0.3498241675077485
700000.0,0.025,0.0,38,3.733494308092024e-05,2.2305541073904425e-05,911038,37148,3203,14.16,0.7265207606403324,1.8213960324790412,0.006076148418452248,0.008363351397001955,0.011067072622122726,0.34763689059968295
700000.0,0.025,0.0,39,3.733494308092024e-05,2.2305541073904425e-05,911039,37148,3079,5.78,0.7581169130650305,1.7658073272116863,0.006155089331221902,0.008118918368853123,0.010868701840714113,0.343343487140081
700000.0,0.025,0.0,40,3.733494308092024e-05,2.2305541073904425e-05,911040,37148,3055,12.65,0.7452060795250802,1.7923617696837306,0.006009616421855652,0.008064368484064945,0.010771406724997604,0.3466969883674258
700000.0,0.025,0.0,41,3.733494308092024e-05,2.2305541073904425e-05,911041,37148,3136,5.37,0.7211537176987881,1.838210670710253,0.005969465262946732,0.008277659972405581,0.01097313474478287,0.3508179036019744
700000.0,0.025,0.0,42,3.733494308092024e-05,2.2305541073904425e-05,911042,37148,3141,11.85,0.7417353468281278,1.7896001390848584,0.005931731005679563,0.007997099007139593,0.010615426632778112,0.34393451649837703
700000.0,0.025,0.0,43,3.733494308092024e-05,2.2305541073904425e-05,911043,37148,3075,8.41,0.7385728778894803,1.8182725287797987,0.00604307057930001,0.008182091111399155,0.010987949223818632,0.352692599822758
700000.0,0.025,0.0,44,3.733494308092024e-05,2.2305541073904425e-05,911044,37148,3150,12.47,0.7373741514890899,1.7882662452572873,0.005958211488077968,0.008080309671888634,0.010654868486234023,0.3412156528208573
700000.0,0.025,0.0,45,3.733494308092024e-05,2.2305541073904425e-05,911045,37148,3090,7.41,0.748541906308509,1.7935439367202308,0.0060558815581046085,0.008090237175857856,0.010861489650034384,0.3487947238472173
700000.0,0.025,0.0,46,3.733494308092024e-05,2.2305541073904425e-05,911046,37148,3190,5.41,0.7297685929032832,1.8426608367144637,0.006097776854592541,0.008355767724030683,0.011236134600981582,0.3568275438174009
700000.0,0.025,0.0,47,3.733494308092024e-05,2.2305541073904425e-05,911047,37148,3080,10.71,0.7589831523065474,1.7907549479181768,0.00582119744773282,0.007669732101486336,0.01042433813233621,0.352911936568404
700000.0,0.025,0.0,48,3.733494308092024e-05,2.2305541073904425e-05,911048,37148,3117,8.5,0.727600821223228,1.805263850275012,0.005859228846986336,0.008052806808458404,0.010577454027952973,0.3423731448664542
700000.0,0.025,0.0,49,3.733494308092024e-05,2.2305541073904425e-05,911049,37148,3026,7.87,0.7657457072744909,1.7723717361929907,0.0060976351211539616,0.007963002682518715,0.010807276146351004,0.3494828107811353
700000.0,0.025,0.0,50,3.733494308092024e-05,2.2305541073904425e-05,911050,37148,3191,14.3,0.7568347730472396,1.7501585378047233,0.006103625220735171,0.00806467334496297,0.010682311791629899,0.3368336909619284
700000.0,0.025,0.0,51,3.733494308092024e-05,2.2305541073904425e-05,911051,37148,3094,7.81,0.7552594295458792,1.7862473626382673,0.005948186072155033,0.007875685942420534,0.010624931683868603,0.349460663565311
700000.0,0.025,0.0,52,3.733494308092024e-05,2.2305541073904425e-05,911052,37148,3116,7.99,0.7561620415180269,1.7627345154097547,0.0061177983150812534,0.008090591671064998,0.010784054248309367,0.3412315229973123
700000.0,0.025,0.0,53,3.733494308092024e-05,2.2305541073904425e-05,911053,37148,3171,11.28,0.724338293267102,1.8425952007591202,0.006097916025682403,0.008418602305530433,0.011235990803554525,0.35401698946654026
700000.0,0.025,0.0,54,3.733494308092024e-05,2.2305541073904425e-05,911054,37148,3179,5.32,0.6756627598256187,1.9372713811748214,0.00561201682219709,0.008305943668769744,0.010871999580314089,0.35991717125486
700000.0,0.025,0.0,55,3.733494308092024e-05,2.2305541073904425e-05,911055,37148,3144,4.86,0.7248087195757983,1.8442867156355152,0.0059389578370862795,0.008193827801301998,0.010953141043657657,0.3548523851716594
700000.0,0.025,0.0,56,3.733494308092024e-05,2.2305541073904425e-05,911056,37148,3101,9.02,0.7183540994325899,1.8652845615606022,0.005744585656439402,0.007996871822652516,0.010715286937518893,0.35879190360376256
700000.0,0.025,0.0,57,3.733494308092024e-05,2.2305541073904425e-05,911057,37148,3017,8.62,0.7395361149724334,1.7979763974973453,0.005997497362225589,0.00810980997520202,0.010783358701334195,0.3458760054192507
700000.0,0.025,0.0,58,3.733494308092024e-05,2.2305541073904425e-05,911058,37148,3065,5.79,0.7180252756279482,1.8319980577898276,0.005725007738813657,0.007973267701205725,0.010488203058338351,0.34696747556155716
700000.0,0.025,0.0,59,3.733494308092024e-05,2.2305541073904425e-05,911059,37148,3031,10.4,0.7156399421528844,1.8653659871858579,0.005917003580461549,0.00826812930907856,0.011037377225049914,0.357404725764641
700000.0,0.025,0.0,60,3.733494308092024e-05,2.2305541073904425e-05,911060,37148,2977,11.12,0.7417002657419481,1.811825144302842,0.005971301022566268,0.008050827670383766,0.010818953336886837,0.351964637598441
700000.0,0.025,0.0,61,3.733494308092024e-05,2.2305541073904425e-05,911061,37148,3090,8.05,0.7459207147791881,1.784711898992603,0.006112584188858414,0.00819468352030939,0.01090920173544966,0.344256891745064
700000.0,0.025,0.0,62,3.733494308092024e-05,2.2305541073904425e-05,911062,37148,3134,6.07,0.7347322376988199,1.7882023354481893,0.00612691630696199,0.008338978463979588,0.010956166049205025,0.33982860856735475
700000.0,0.025,0.0,63,3.733494308092024e-05,2.2305541073904425e-05,911063,37148,3122,6.23,0.7387299445266354,1.8220362402148902,0.006121961261380412,0.008287143775257752,0.011154435279426772,0.35410871659212095
700000.0,0.025,0.0,64,3.733494308092024e-05,2.2305541073904425e-05,911064,37148,3076,11.88,0.7470829191996948,1.7968200645625123,0.0061450690713798824,0.008225417705925771,0.011041583405577898,0.349256069104813
700000.0,0.025,0.0,65,3.733494308092024e-05,2.2305541073904425e-05,911065,37148,3111,5.26,0.7190703775384086,1.8354377077915913,0.0060971806342176365,0.008479254360456477,0.0111909952472597,0.3487426867488218
700000.0,0.025,0.0,66,3.733494308092024e-05,2.2305541073904425e-05,911066,37148,2980,11.25,0.7897880231529218,1.7463099288897537,0.0062103368644397215,0.00786329582417237,0.010845172928121146,0.3511568334646069
700000.0,0.025,0.0,67,3.733494308092024e-05,2.2305541073904425e-05,911067,37148,3166,5.38,0.7612049521721588,1.7713971238900021,0.00613905611508612,0.008064918781161152,0.010874706345662883,0.34692604817268524
700000.0,0.025,0.0,68,3.733494308092024e-05,2.2305541073904425e-05,911068,37148,3044,6.4,0.7383036402270796,1.8127665438427771,0.005947558437669336,0.008055707860034456,0.01078153495335679,0.35059032140205937
700000.0,0.025,0.0,69,3.733494308092024e-05,2.2305541073904425e-05,911069,37148,3180,5.57,0.7511721444825443,1.7795266232575493,0.006071923327603635,0.008083264764545238,0.01080514921584924,0.34497951812707406
700000.0,0.025,0.0,70,3.733494308092024e-05,2.2305541073904425e-05,911070,37148,3153,6.63,0.7236897896751197,1.8585654647796028,0.006212331675404654,0.008584246681431705,0.0115460251076635,0.3592349653295248
700000.0,0.025,0.0,71,3.733494308092024e-05,2.2305541073904425e-05,911071,37148,3144,5.76,0.7532531496946835,1.7610314242380345,0.006048153932228759,0.008029377553456313,0.01065098913328368,0.33914440670615
700000.0,0.025,0.0,72,3.733494308092024e-05,2.2305541073904425e-05,911072,37148,3177,11.99,0.7255855996071167,1.8260404287247343,0.006149593235377598,0.008475351824384914,0.011229405868011634,0.348810380902542
700000.0,0.025,0.0,73,3.733494308092024e-05,2.2305541073904425e-05,911073,37148,3070,6.98,0.758385753744848,1.8078835984947323,0.006071396381883011,0.008005683587676777,0.010976377938766557,0.35875568206146946
700000.0,0.025,0.0,74,3.733494308092024e-05,2.2305541073904425e-05,911074,37148,3136,9.14,0.7761745396169795,1.7331716637887822,0.006223132283652031,0.008017697007586687,0.010785756534034874,0.33983169162491167
700000.0,0.025,0.0,75,3.733494308092024e-05,2.2305541073904425e-05,911075,37148,3145,10.96,0.7499725842368035,1.84618574615325,0.0060476937866486445,0.008063886485667972,0.011165166066010302,0.368053274403326
700000.0,0.025,0.0,76,3.733494308092024e-05,2.2305541073904425e-05,911076,37148,3003,8.76,0.7307048576335663,1.8316469466754766,0.005806080899850235,0.007945863284190547,0.010634690352361486,0.3534393701934587
700000.0,0.025,0.0,77,3.733494308092024e-05,2.2305541073904425e-05,911077,37148,3147,5.3,0.7402084262534357,1.7885432592344475,0.006089524244278303,0.008226769688505742,0.010891377539048702,0.342769365883423
700000.0,0.025,0.0,78,3.733494308092024e-05,2.2305541073904425e-05,911078,37148,3137,6.05,0.7800763887984651,1.7712103293375654,0.006057637015387705,0.007765440798327653,0.010729349253032283,0.3558286953046692
700000.0,0.025,0.0,79,3.733494308092024e-05,2.2305541073904425e-05,911079,37148,3074,11.6,0.7596890940103089,1.8089741913949295,0.006177886380596329,0.008132124614273449,0.011175637019868992,0.3597675475040827
700000.0,0.025,0.0,80,3.733494308092024e-05,2.2305541073904425e-05,911080,37148,3077,8.01,0.7281475289321473,1.8291252197770118,0.00600459718736856,0.00824640192925533,0.010983160150017945,0.3512341201452568
700000.0,0.025,0.0,81,3.733494308092024e-05,2.2305541073904425e-05,911081,37148,3053,10.01,0.7280544259071338,1.8279326848563744,0.005947432162482044,0.008168938956825548,0.010871505640766955,0.35076282965016603
700000.0,0.025,0.0,82,3.733494308092024e-05,2.2305541073904425e-05,911082,37148,3185,13.8,0.7185750343620719,1.853373354836983,0.006008196683931399,0.00836126555560796,0.011135431644618374,0.35478647356773296
700000.0,0.025,0.0,83,3.733494308092024e-05,2.2305541073904425e-05,911083,37148,3153,7.61,0.7417168536468737,1.8014569016456763,0.006033021167781392,0.008133860162565043,0.010868227620474246,0.34824325432520487
700000.0,0.025,0.0,84,3.733494308092024e-05,2.2305541073904425e-05,911084,37148,3151,9.76,0.7235876221071779,1.83562689464073,0.005714133943490715,0.007896948163444864,0.01048901794625105,0.35117462012731104
700000.0,0.025,0.0,85,3.733494308092024e-05,2.2305541073904425e-05,911085,37148,3145,6.99,0.7347772770638927,1.8215356252332127,0.006007669792359497,0.00817617797921791,0.010943184551420241,0.35193235091075104
700000.0,0.025,0.0,86,3.733494308092024e-05,2.2305541073904425e-05,911086,37148,2982,6.02,0.7567616251025041,1.8061516740575183,0.005969869630462442,0.007888705548003729,0.010782490026964877,0.3573573848058931
700000.0,0.025,0.0,87,3.733494308092024e-05,2.2305541073904425e-05,911087,37148,3199,5.36,0.7645752587411396,1.7794041004318804,0.006146519362521948,0.008039129297280805,0.0109371417570555,0.3514919631241108
700000.0,0.025,0.0,88,3.733494308092024e-05,2.2305541073904425e-05,911088,37148,3072,4.71,0.7637293478494205,1.7508019971634234,0.005931851941883542,0.007766955608799109,0.010385498226727437,0.3404838529831772
700000.0,0.025,0.0,89,3.733494308092024e-05,2.2305541073904425e-05,911089,37148,3181,10.03,0.7263961202151376,1.8457326646618046,0.006039353996881511,0.008314133058823097,0.011147032945500032,0.35617454770782764
700000.0,0.025,0.0,90,3.733494308092024e-05,2.2305541073904425e-05,911090,37148,3181,5.62,0.7421065528405343,1.8241259933012015,0.006065214723074404,0.008172970175049395,0.01106371583131317,0.35653693952324483
700000.0,0.025,0.0,91,3.733494308092024e-05,2.2305541073904425e-05,911091,37148,3085,9.99,0.7373087901610327,1.8683136401066744,0.0059520443103212315,0.00807266153577427,0.01112028557149248,0.3694089168874999
700000.0,0.025,0.0,92,3.733494308092024e-05,2.2305541073904425e-05,911092,37148,3135,6.99,0.7479507538345668,1.7700467027463673,0.006112647875313398,0.008172527193769505,0.010819672216748068,0.3398517633939738
700000.0,0.025,0.0,93,3.733494308092024e-05,2.2305541073904425e-05,911093,37148,3083,14.84,0.7009365465495072,1.8492142479452112,0.005993206760413813,0.00855028431591491,0.011082723332238784,0.34386654613930345
700000.0,0.025,0.0,94,3.733494308092024e-05,2.2305541073904425e-05,911094,37148,3084,5.21,0.7386688356155887,1.8763493042940116,0.005844129293883322,0.007911704152257847,0.010965627934782224,0.3727749323634899
700000.0,0.025,0.0,95,3.733494308092024e-05,2.2305541073904425e-05,911095,37148,3091,13.35,0.7539384231873025,1.7536942663228863,0.006093599817399529,0.008082357431311978,0.010686311061039741,0.3367235350094594
700000.0,0.028,0.0,0,3.716129910979439e-05,2.220179850968547e-05,912000,37148,3191,6.01,0.730099926034719,1.8163965732320078,0.006183603589553925,0.00846953049719919,0.011231876370290892,0.3476987457985341
700000.0,0.028,0.0,1,3.716129910979439e-05,2.220179850968547e-05,912001,37148,3111,6.36,0.7566831912167643,1.732567555792046,0.006019560794254932,0.007955192958066555,0.010429295732243894,0.33002409217737394
700000.0,0.028,0.0,2,3.716129910979439e-05,2.220179850968547e-05,912002,37148,3163,5.36,0.7552001873771139,1.778735711053371,0.006223925874035063,0.008241425224815399,0.011070719215095231,0.3466842208803129
700000.0,0.028,0.0,3,3.716129910979439e-05,2.220179850968547e-05,912003,37148,3024,5.84,0.7648731368187535,1.7438633679374083,0.006165913809816871,0.008061354900581328,0.010752511222799025,0.33842111783936146
700000.0,0.028,0.0,4,3.716129910979439e-05,2.220179850968547e-05,912004,37148,3234,5.29,0.7678060113350597,1.7311875457547732,0.006259103844944728,0.008151933890256225,0.010835682623954129,0.33501938754911065
700000.0,0.028,0.0,5,3.716129910979439e-05,2.220179850968547e-05,912005,37148,3029,13.58,0.7550836244678113,1.757621053142815,0.00612316825690239,0.008109258443020859,0.010762209440267434,0.33877765625561074
700000.0,0.028,0.0,6,3.716129910979439e-05,2.220179850968547e-05,912006,37148,3128,6.06,0.7546714946932118,1.759268298400036,0.006136951627973823,0.008131951015943181,0.010796544447908838,0.3391912239716329
700000.0,0.028,0.0,7,3.716129910979439e-05,2.220179850968547e-05,912007,37148,3181,7.51,0.7815778231977121,1.7220758730360626,0.006118226712011345,0.007828045436319457,0.010536050606519496,0.338164143796864
700000.0,0.028,0.0,8,3.716129910979439e-05,2.220179850968547e-05,912008,37148,3099,6.73,0.7936219355645453,1.746608285408758,0.006270878287190303,0.007901593953208332,0.010952767973196465,0.35301869467693425
700000.0,0.028,0.0,9,3.716129910979439e-05,2.220179850968547e-05,912009,37148,3067,13.71,0.7598052171543417,1.738395343372596,0.0059359446168605135,0.007812455722654936,0.010319018480467946,0.3338319741582637
700000.0,0.028,0.0,10,3.716129910979439e-05,2.220179850968547e-05,912010,37148,3159,7.63,0.7671462516416103,1.7186973941158172,0.006340348843023907,0.008264850189199573,0.010897141034290425,0.32986097058555197
700000.0,0.028,0.0,11,3.716129910979439e-05,2.220179850968547e-05,912011,37148,3100,6.63,0.7617651629593883,1.7596612326381094,0.006232858260207648,0.008182125625164533,0.010967719049015612,0.3428449515824362
700000.0,0.028,0.0,12,3.716129910979439e-05,2.220179850968547e-05,912012,37148,3122,9.67,0.7712043320990243,1.7404386188188816,0.006186918884003707,0.008022411994450898,0.010767952557219868,0.3402027542865005
700000.0,0.028,0.0,13,3.716129910979439e-05,2.220179850968547e-05,912013,37148,3085,8.07,0.7936458816113301,1.7201628404476912,0.006213869338884297,0.007829523825246027,0.01068886713214603,0.34308318222537404
700000.0,0.028,0.0,14,3.716129910979439e-05,2.220179850968547e-05,912014,37148,3103,5.76,0.756961836287491,1.7373688326684926,0.006194752654718968,0.008183705383485444,0.010762570188399139,0.33201559727327956
700000.0,0.028,0.0,15,3.716129910979439e-05,2.220179850968547e-05,912015,37148,3044,6.76,0.7645847248595179,1.7511176358348084,0.005997426539303206,0.007844031334009651,0.010502199382597567,0.34102099145782105
700000.0,0.028,0.0,16,3.716129910979439e-05,2.220179850968547e-05,912016,37148,3089,11.26,0.7535426844954106,1.7812247668110763,0.00627555276590258,0.008328065410262504,0.011178170012055429,0.34677956407822663
700000.0,0.028,0.0,17,3.716129910979439e-05,2.220179850968547e-05,912017,37148,3096,12.29,0.7588460739752965,1.7275286037316104,0.006373367848690482,0.008398762367317672,0.011010175260716206,0.32916007846330897
700000.0,0.028,0.0,18,3.716129910979439e-05,2.220179850968547e-05,912018,37148,3144,7.19,0.7877509152717388,1.713556612403967,0.006258786123102089,0.00794513341941734,0.010724784346863773,0.3377992935273775
700000.0,0.028,0.0,19,3.716129910979439e-05,2.220179850968547e-05,912019,37148,3063,9.52,0.7772942806347702,1.741884439269115,0.006278869358259795,0.008077853542331759,0.010937064831356392,0.3436665539628576
700000.0,0.028,0.0,20,3.716129910979439e-05,2.220179850968547e-05,912020,37148,3075,5.38,0.7611004184533422,1.7211605900508808,0.006189223211536718,0.008131940360923788,0.010652647074725144,0.32781197612190605
700000.0,0.028,0.0,21,3.716129910979439e-05,2.220179850968547e-05,912021,37148,3257,6.25,0.7416371000325648,1.7715854277198206,0.006023042523012618,0.00812127996664157,0.010670334364305976,0.33721278046500247
700000.0,0.028,0.0,22,3.716129910979439e-05,2.220179850968547e-05,912022,37148,3214,14.78,0.7957882453176168,1.720816406079918,0.006415055834787783,0.008061259854658184,0.011039133326421521,0.3443182874330474
700000.0,0.028,0.0,23,3.716129910979439e-05,2.220179850968547e-05,912023,37148,3122,6.85,0.7485508786168905,1.7973461874565868,0.006390191280279206,0.008536749421878263,0.011485385934728157,0.3501767904453631
700000.0,0.028,0.0,24,3.716129910979439e-05,2.220179850968547e-05,912024,37148,3068,11.2,0.7717942897857091,1.7596329585745283,0.00611353715736743,0.007921200296862616,0.010757581475573763,0.3476815636443277
700000.0,0.028,0.0,25,3.716129910979439e-05,2.220179850968547e-05,912025,37148,2930,4.35,0.7624405693549123,1.7371186271529118,0.0060377127067098415,0.007918928962316689,0.01048822320822349,0.3346517616976552
700000.0,0.028,0.0,26,3.716129910979439e-05,2.220179850968547e-05,912026,37148,2966,9.3,0.7653117579252431,1.754075663598764,0.006193260695841545,0.008092467718817555,0.010863447864898401,0.34248644664560624
700000.0,0.028,0.0,27,3.716129910979439e-05,2.220179850968547e-05,912027,37148,3073,5.58,0.7783908930604593,1.7597411434027137,0.006190680276369699,0.00795317665142423,0.010893994787979443,0.3508415781784465
700000.0,0.028,0.0,28,3.716129910979439e-05,2.220179850968547e-05,912028,37148,3197,10.1,0.7529645264702132,1.7533673779723966,0.0061684222398409125,0.00819218173365692,0.010815510328896478,0.336110662520949
700000.0,0.028,0.0,29,3.716129910979439e-05,2.220179850968547e-05,912029,37148,3073,21.18,0.7749353346745561,1.7269904825590128,0.006019991556501377,0.007768379227448118,0.010396468123163496,0.33687235796795323
700000.0,0.028,0.0,30,3.716129910979439e-05,2.220179850968547e-05,912030,37148,3189,10.57,0.7598708704040187,1.749314856596299,0.00603910211603549,0.007947537339896366,0.01056429105208303,0.33802280782608596
700000.0,0.028,0.0,31,3.716129910979439e-05,2.220179850968547e-05,912031,37148,3178,10.56,0.7666914201402679,1.7649750537116393,0.006159464401481738,0.008033824612716874,0.010871301012840161,0.34721295098742866
700000.0,0.028,0.0,32,3.716129910979439e-05,2.220179850968547e-05,912032,37148,3035,12.78,0.744418608259395,1.7895012631690934,0.0059181178857805345,0.007949986499690437,0.01059047943218787,0.3452560635110935
700000.0,0.028,0.0,33,3.716129910979439e-05,2.220179850968547e-05,912033,37148,3150,6.29,0.7614400674627297,1.7312248977891647,0.006179128605029756,0.008115055759568637,0.010697461287668743,0.33188894167461536
700000.0,0.028,0.0,34,3.716129910979439e-05,2.220179850968547e-05,912034,37148,3152,7.46,0.7542366094548555,1.770502103527644,0.00632445470735896,0.008385239629153147,0.01119746036304435,0.34316827835982366
700000.0,0.028,0.0,35,3.716129910979439e-05,2.220179850968547e-05,912035,37148,3128,4.96,0.7774042531101674,1.7383572044019158,0.006130021487315583,0.007885243054422661,0.010656167015613591,0.3423871584781447
700000.0,0.028,0.0,36,3.716129910979439e-05,2.220179850968547e-05,912036,37148,3007,9.61,0.7744394624794225,1.7571649072523547,0.006237699998250589,0.008054470750083103,0.01096066753889401,0.34802462087195796
700000.0,0.028,0.0,37,3.716129910979439e-05,2.220179850968547e-05,912037,37148,3072,7.0,0.7568094708329381,1.772862360676435,0.0061055464466386366,0.008067481555058929,0.010824293486607394,0.34531394500558066
700000.0,0.028,0.0,38,3.716129910979439e-05,2.220179850968547e-05,912038,37148,3090,6.65,0.7330686338289305,1.7822454780700874,0.006090085549308179,0.008307660795004586,0.010854027431314486,0.33675557596369954
700000.0,0.028,0.0,39,3.716129910979439e-05,2.220179850968547e-05,912039,37148,3052,6.07,0.7742852046521259,1.7780128134426627,0.006176705742965007,0.007977300490637817,0.010982261955856663,0.35559694849316903
700000.0,0.028,0.0,40,3.716129910979439e-05,2.220179850968547e-05,912040,37148,3269,8.59,0.7598366964462452,1.7583468299254763,0.006256493181077519,0.008233997134304156,0.011001084951398015,0.34140630767785196
700000.0,0.028,0.0,41,3.716129910979439e-05,2.220179850968547e-05,912041,37148,3077,14.92,0.774437512115091,1.7439036837001298,0.006144186582677944,0.007933740923650973,0.010714869614872979,0.34306585089995956
700000.0,0.028,0.0,42,3.716129910979439e-05,2.220179850968547e-05,912042,37148,3018,10.38,0.7525275813186572,1.7657666732437904,0.006159631603474145,0.00818525693461042,0.010876472204873856,0.34055416738634803
700000.0,0.028,0.0,43,3.716129910979439e-05,2.220179850968547e-05,912043,37148,3061,12.39,0.7386611608183945,1.770118856540093,0.0060335279073879785,0.008168194332436774,0.010680061520328347,0.335129193179585
700000.0,0.028,0.0,44,3.716129910979439e-05,2.220179850968547e-05,912044,37148,3088,5.32,0.7944641814361239,1.6803801529128115,0.006184534770743719,0.007784535684874001,0.01039236948375693,0.32791696458391406
700000.0,0.028,0.0,45,3.716129910979439e-05,2.220179850968547e-05,912045,37148,3085,11.94,0.7577831039712905,1.7846488389052575,0.006161194598068694,0.008130551559911948,0.010995568785712638,0.3501133758286805
700000.0,0.028,0.0,46,3.716129910979439e-05,2.220179850968547e-05,912046,37148,3043,12.97,0.7368296862431969,1.8175639686732576,0.006164740895797597,0.008366575086339385,0.011204810928408214,0.3515590724831026
700000.0,0.028,0.0,47,3.716129910979439e-05,2.220179850968547e-05,912047,37148,3092,15.43,0.7726129092760236,1.7513294315196966,0.006419651686155111,0.008309014267145292,0.011242924938068492,0.3449806863234848
700000.0,0.028,0.0,48,3.716129910979439e-05,2.220179850968547e-05,912048,37148,3164,5.69,0.7615334876339838,1.7393061752540337,0.0061624056912611596,0.008092100730077151,0.010718310273231137,0.33503947646772336
700000.0,0.028,0.0,49,3.716129910979439e-05,2.220179850968547e-05,912049,37148,2975,4.52,0.7807194394533072,1.727128269355164,0.006159531471036454,0.007889558219979277,0.010638300929609858,0.3396929742834902
700000.0,0.028,0.0,50,3.716129910979439e-05,2.220179850968547e-05,912050,37148,3064,14.64,0.7513549419976046,1.760761125805047,0.006014550648870318,0.008004939227363854,0.010590186971716377,0.33809054015398565
700000.0,0.028,0.0,51,3.716129910979439e-05,2.220179850968547e-05,912051,37148,3087,17.91,0.7495520435907519,1.788862121552282,0.006268907900920731,0.008363539202547347,0.011214211887456922,0.34759360486872704
700000.0,0.028,0.0,52,3.716129910979439e-05,2.220179850968547e-05,912052,37148,3083,14.61,0.7656219418759078,1.760223283157639,0.006100759513992686,0.007968370784991815,0.010738698941475408,0.34493320021077334
700000.0,0.028,0.0,53,3.716129910979439e-05,2.220179850968547e-05,912053,37148,3166,11.98,0.7555688930921667,1.7611490006214938,0.006203221500264799,0.0082100011752444,0.010924797345825115,0.3403437052762732
700000.0,0.028,0.0,54,3.716129910979439e-05,2.220179850968547e-05,912054,37148,3042,8.39,0.8045469549573512,1.665595421375888,0.006322454926950666,0.007858403897987306,0.010530651978184454,0.32668656915472216
700000.0,0.028,0.0,55,3.716129910979439e-05,2.220179850968547e-05,912055,37148,3163,8.85,0.7622869909305499,1.754469099097654,0.006091116171642813,0.007990581295644544,0.010686675102161317,0.34115628421980304
700000.0,0.028,0.0,56,3.716129910979439e-05,2.220179850968547e-05,912056,37148,3172,9.05,0.7634353692820931,1.7489008797749002,0.006229747951062176,0.008160151077255439,0.010895211672388522,0.33962278746792973
700000.0,0.028,0.0,57,3.716129910979439e-05,2.220179850968547e-05,912057,37148,3165,6.38,0.7818468103181327,1.7010988969769012,0.006242030809608127,0.007983700550070992,0.01061831172512022,0.3301321468070737
700000.0,0.028,0.0,58,3.716129910979439e-05,2.220179850968547e-05,912058,37148,3095,6.61,0.728904253259432,1.800922559062756,0.005824306085430226,0.00799049540373204,0.010489124220137785,0.3414702124206137
700000.0,0.028,0.0,59,3.716129910979439e-05,2.220179850968547e-05,912059,37148,3097,7.74,0.7288931321557985,1.8496744384833566,0.0060388657880179235,0.00828498105086705,0.011169935685528406,0.3588214273497239
700000.0,0.028,0.0,60,3.716129910979439e-05,2.220179850968547e-05,912060,37148,3174,5.75,0.7610452388127092,1.75113162997836,0.0062799980642964225,0.00825180652084982,0.01099710324659234,0.3392894356225492
700000.0,0.028,0.0,61,3.716129910979439e-05,2.220179850968547e-05,912061,37148,3241,11.63,0.766923903426544,1.7589511663984512,0.006237186661597815,0.008132732118181022,0.010970906753462338,0.34508974040619766
700000.0,0.028,0.0,62,3.716129910979439e-05,2.220179850968547e-05,912062,37148,3143,15.2,0.756276394054757,1.755587600044117,0.006117341390940387,0.008088764159545446,0.010739528691171575,0.33860665775007626
700000.0,0.028,0.0,63,3.716129910979439e-05,2.220179850968547e-05,912063,37148,3091,5.16,0.7666574235269237,1.7693539395931477,0.006197223569704098,0.008083432546957477,0.010965081937595456,0.34881215672004384
700000.0,0.028,0.0,64,3.716129910979439e-05,2.220179850968547e-05,912064,37148,3160,10.38,0.7684634467342988,1.756499649280654,0.006129381392743907,0.007976152175866839,0.01076625626666204,0.34491929138409727
700000.0,0.028,0.0,65,3.716129910979439e-05,2.220179850968547e-05,912065,37148,3131,8.75,0.7269985971855218,1.8422872948510722,0.006003920756869012,0.008258503909240529,0.011060946929672414,0.3552801239897123
700000.0,0.028,0.0,66,3.716129910979439e-05,2.220179850968547e-05,912066,37148,3057,17.56,0.796334213951798,1.7227792146191852,0.006301127312802013,0.007912666820546052,0.010855451163164548,0.3453153664594212
700000.0,0.028,0.0,67,3.716129910979439e-05,2.220179850968547e-05,912067,37148,3088,5.22,0.7637410150344807,1.766754732775348,0.006237185649600953,0.00816662392986628,0.011019577265630966,0.34644454899411736
700000.0,0.028,0.0,68,3.716129910979439e-05,2.220179850968547e-05,912068,37148,3132,15.74,0.7632429016761798,1.7495323236201847,0.00653898000150128,0.008567364317625276,0.011440156876132453,0.33976673210474706
700000.0,0.028,0.0,69,3.716129910979439e-05,2.220179850968547e-05,912069,37148,3133,10.34,0.7575926472025408,1.7686705058034722,0.006025455938145586,0.007953424522261358,0.010657046201816489,0.3441484537233098
700000.0,0.028,0.0,70,3.716129910979439e-05,2.220179850968547e-05,912070,37148,3191,5.41,0.7712438423283375,1.722184805875719,0.006224034391243646,0.008070125231021191,0.010718937459847738,0.3332287049994652
700000.0,0.028,0.0,71,3.716129910979439e-05,2.220179850968547e-05,912071,37148,2974,8.11,0.7634554980256791,1.7699868971145218,0.006126547819500215,0.00802476088697202,0.010843909365060925,0.34749967792668246
700000.0,0.028,0.0,72,3.716129910979439e-05,2.220179850968547e-05,912072,37148,3064,7.59,0.7406172432170705,1.811329633622647,0.006152977788984344,0.008307905122836768,0.011145071004209296,0.35124312324437
700000.0,0.028,0.0,73,3.716129910979439e-05,2.220179850968547e-05,912073,37148,3062,15.45,0.7647517762132239,1.7583523095160063,0.006325075486964629,0.008270756190046568,0.011121711090367333,0.343813575158734
700000.0,0.028,0.0,74,3.716129910979439e-05,2.220179850968547e-05,912074,37148,3090,12.62,0.7723562440148563,1.710084145427442,0.006235855740132617,0.008073807635343815,0.010663838034373496,0.3290566056352745
700000.0,0.028,0.0,75,3.716129910979439e-05,2.220179850968547e-05,912075,37148,3139,5.09,0.7776571022595269,1.7068301693625665,0.006274731806895318,0.00806876422611422,0.010709901552667819,0.33036284402462146
700000.0,0.028,0.0,76,3.716129910979439e-05,2.220179850968547e-05,912076,37148,3101,11.87,0.792299363391047,1.73822108220502,0.006264018951483252,0.007906126447802767,0.010888249800799972,0.3492918669883509
700000.0,0.028,0.0,77,3.716129910979439e-05,2.220179850968547e-05,912077,37148,3154,8.03,0.7760098258425889,1.7098549979752893,0.0061891023604584705,0.007975546384014357,0.010582467604010576,0.3307492508125106
700000.0,0.028,0.0,78,3.716129910979439e-05,2.220179850968547e-05,912078,37148,3073,6.72,0.7286524397213588,1.8082946179471804,0.005826032066645139,0.007995625553484799,0.010535182430102093,0.3440238120301825
700000.0,0.028,0.0,79,3.716129910979439e-05,2.220179850968547e-05,912079,37148,2950,6.22,0.7791759147028543,1.729964178493327,0.006238051567313939,0.008005960463617354,0.01079160575504727,0.3400420496148444
700000.0,0.028,0.0,80,3.716129910979439e-05,2.220179850968547e-05,912080,37148,3200,7.74,0.7652494729957268,1.7125264668215285,0.006364135756880362,0.008316419653275476,0.01089875092210288,0.3265028481207244
700000.0,0.028,0.0,81,3.716129910979439e-05,2.220179850968547e-05,912081,37148,3174,13.99,0.7471204965779958,1.779529747563012,0.005960860137993324,0.007978445465350767,0.010607527936621682,0.3429522087224629
700000.0,0.028,0.0,82,3.716129910979439e-05,2.220179850968547e-05,912082,37148,3104,15.23,0.7550617388253468,1.795037356011407,0.006080807771639826,0.008053391476437103,0.01091527710481797,0.3525496827818444
700000.0,0.028,0.0,83,3.716129910979439e-05,2.220179850968547e-05,912083,37148,3151,13.33,0.7619882763159795,1.7530408121084777,0.006263764236328872,0.0082202895123434,0.010980634343710004,0.34047281353243863
700000.0,0.028,0.0,84,3.716129910979439e-05,2.220179850968547e-05,912084,37148,3149,6.19,0.7725442106083428,1.7499999607786894,0.006451024024629927,0.008350362265416557,0.011289291790084754,0.3444501849510898
700000.0,0.028,0.0,85,3.716129910979439e-05,2.220179850968547e-05,912085,37148,3168,7.63,0.7446456612871412,1.7829445318607835,0.0060287823060478085,0.00809617596593108,0.010748984446346985,0.3429631263082151
700000.0,0.028,0.0,86,3.716129910979439e-05,2.220179850968547e-05,912086,37148,3155,17.85,0.7548291242494402,1.7705023388655776,0.006152134691552689,0.008150367406225916,0.010892368860410095,0.34346227707348687
700000.0,0.028,0.0,87,3.716129910979439e-05,2.220179850968547e-05,912087,37148,3119,17.47,0.7533984401533946,1.7693587822327863,0.006051412874170121,0.008032154769179017,0.01070712051382945,0.3423270231637616
700000.0,0.028,0.0,88,3.716129910979439e-05,2.220179850968547e-05,912088,37148,3094,4.87,0.7587976756331158,1.7400016557698408,0.006176606231867031,0.008139990975477717,0.010747305070486952,0.3339447836714253
700000.0,0.028,0.0,89,3.716129910979439e-05,2.220179850968547e-05,912089,37148,3030,17.01,0.7777901812392808,1.705117610689549,0.006247033915384443,0.008031772663201818,0.010651927543696899,0.32975480165392657
700000.0,0.028,0.0,90,3.716129910979439e-05,2.220179850968547e-05,912090,37148,3127,15.45,0.76517154886249,1.7812701786529475,0.0061403936158896145,0.008024858771889744,0.010937700033175112,0.3524574478722782
700000.0,0.028,0.0,91,3.716129910979439e-05,2.220179850968547e-05,912091,37148,3138,9.84,0.7725127600721767,1.715906460376075,0.006258169908924724,0.008101057008223419,0.010738434176855086,0.3314096505756363
700000.0,0.028,0.0,92,3.716129910979439e-05,2.220179850968547e-05,912092,37148,3120,7.0,0.759117637045916,1.7215878337479786,0.006185780475787812,0.00814864544559865,0.01064936440935208,0.32698209158857283
700000.0,0.028,0.0,93,3.716129910979439e-05,2.220179850968547e-05,912093,37148,2953,5.54,0.7413366789763962,1.7766095809028752,0.006128700681525188,0.008267094904824374,0.010888308349283629,0.3389333253362218
700000.0,0.028,0.0,94,3.716129910979439e-05,2.220179850968547e-05,912094,37148,3131,7.47,0.7912792041717246,1.7281703772920087,0.006114563407257425,0.007727441053702244,0.010567007350495974,0.3450366787002387
700000.0,0.028,0.0,95,3.716129910979439e-05,2.220179850968547e-05,912095,37148,3175,8.14,0.7604876245160881,1.72832425338647,0.0061774210752468675,0.008122973834291744,0.010676586667729887,0.33029181729205037
750000.0,0.022,0.0,0,3.502728630160564e-05,2.0926845170607842e-05,920000,37148,3267,5.67,0.680660651743447,2.045629063218928,0.0054539381724801345,0.008012712588145642,0.011156734434624489,0.3964788335002153
750000.0,0.022,0.0,1,3.502728630160564e-05,2.0926845170607842e-05,920001,37148,3032,9.8,0.6921861518012095,1.9996447939476591,0.005513260493289039,0.007964996813274018,0.01102456264308273,0.388716915903241
750000.0,0.022,0.0,2,3.502728630160564e-05,2.0926845170607842e-05,920002,37148,3081,14.61,0.6830912100146236,2.019099988947169,0.0055076028454317085,0.008062763456308861,0.011120400844336558,0.38984365349331174
750000.0,0.022,0.0,3,3.502728630160564e-05,2.0926845170607842e-05,920003,37148,3102,15.94,0.6790400544921615,2.0543880128325522,0.005252046830344956,0.007734516978196287,0.010789742051095877,0.3981985970080608
750000.0,0.022,0.0,4,3.502728630160564e-05,2.0926845170607842e-05,920004,37148,3121,6.47,0.687320029195332,2.040460904775129,0.0054716288278965275,0.007960816789090728,0.011164644708763426,0.398438285884558
750000.0,0.022,0.0,5,3.502728630160564e-05,2.0926845170607842e-05,920005,37148,3080,12.55,0.6970719212900065,2.010899243304871,0.005342914320681519,0.0076647963538595595,0.010744062364501226,0.39465584649252283
750000.0,0.022,0.0,6,3.502728630160564e-05,2.0926845170607842e-05,920006,37148,3218,5.22,0.6901761828398714,2.032487298001504,0.0054430057670026375,0.007886400461699902,0.011062840084381796,0.3975594816958161
750000.0,0.022,0.0,7,3.502728630160564e-05,2.0926845170607842e-05,920007,37148,3253,6.56,0.6631230287839404,2.1164875538291055,0.0053468530566549485,0.008063138851413751,0.011316547946563308,0.407505187474545
750000.0,0.022,0.0,8,3.502728630160564e-05,2.0926845170607842e-05,920008,37148,3177,17.31,0.6829611044910366,2.0275728696278503,0.005416404577538456,0.00793076581070444,0.010982154972345072,0.39232462017457714
750000.0,0.022,0.0,9,3.502728630160564e-05,2.0926845170607842e-05,920009,37148,3108,13.39,0.7039704898353685,1.99176949998938,0.005464121671584336,0.007761861825858898,0.010883270889692667,0.39237093188733807
750000.0,0.022,0.0,10,3.502728630160564e-05,2.0926845170607842e-05,920010,37148,3179,6.47,0.6939774048641765,2.0172488511429187,0.005535774412066964,0.007976879900218671,0.011167034572928449,0.3949757106938879
750000.0,0.022,0.0,11,3.502728630160564e-05,2.0926845170607842e-05,920011,37148,3107,12.34,0.6979157594343872,1.9482454926855097,0.005559838819368897,0.007966346574369898,0.010831930919893379,0.37563369385520706
750000.0,0.022,0.0,12,3.502728630160564e-05,2.0926845170607842e-05,920012,37148,3136,10.61,0.6856898607220443,2.030625568453229,0.005293611573207871,0.007720125200092063,0.010749343010015825,0.39467292274633736
750000.0,0.022,0.0,13,3.502728630160564e-05,2.0926845170607842e-05,920013,37148,3148,10.79,0.6650771868922453,2.040950105965442,0.005434908793397586,0.008171846667593097,0.011092377677797314,0.3866619107179252
750000.0,0.022,0.0,14,3.502728630160564e-05,2.0926845170607842e-05,920014,37148,3014,15.07,0.6965549632656654,1.9479332630715125,0.005626161168476404,0.0080771245130452,0.010959386483476476,0.3748151093046076
750000.0,0.022,0.0,15,3.502728630160564e-05,2.0926845170607842e-05,920015,37148,3152,5.27,0.6872405180419968,2.0435070638652286,0.005169760723349505,0.00752249116230598,0.010564442556657727,0.39929381897879657
750000.0,0.022,0.0,16,3.502728630160564e-05,2.0926845170607842e-05,920016,37148,3087,6.24,0.6405545347125651,2.1276863830059876,0.005370819042777699,0.008384639795248248,0.011427418542907363,0.39813796150122094
750000.0,0.022,0.0,17,3.502728630160564e-05,2.0926845170607842e-05,920017,37148,3132,22.17,0.6849134463792945,2.055762365042387,0.005374704294957176,0.007847275189835808,0.01104911481280464,0.40167245481645975
750000.0,0.022,0.0,18,3.502728630160564e-05,2.0926845170607842e-05,920018,37148,3187,18.77,0.6714813791691764,2.0548424268722756,0.00533887247859573,0.00795088686629183,0.01097054168067925,0.39429794208371693
750000.0,0.022,0.0,19,3.502728630160564e-05,2.0926845170607842e-05,920019,37148,3210,6.67,0.6821832283826056,2.0439957344120043,0.0055306742525516,0.008107314900813855,0.01130467458063777,0.3967986846466106
750000.0,0.022,0.0,20,3.502728630160564e-05,2.0926845170607842e-05,920020,37148,3137,6.59,0.6834966896391813,2.0323161066002187,0.005615524287356398,0.008215876349482891,0.011412520456199123,0.3940251546569512
750000.0,0.022,0.0,21,3.502728630160564e-05,2.0926845170607842e-05,920021,37148,3101,12.78,0.6946012698392429,2.026326601576213,0.005586290219608457,0.008042441703139036,0.011319648476117642,0.39800551441585885
750000.0,0.022,0.0,22,3.502728630160564e-05,2.0926845170607842e-05,920022,37148,3104,13.84,0.6794995670598296,2.0389105893900856,0.005363205693847651,0.00789287580719742,0.010935096882263177,0.3938745287869122
750000.0,0.022,0.0,23,3.502728630160564e-05,2.0926845170607842e-05,920023,37148,3089,6.9,0.6708282622551186,2.0855694579364163,0.0053793318957724295,0.008018940462777712,0.011218970305926182,0.402874239203896
750000.0,0.022,0.0,24,3.502728630160564e-05,2.0926845170607842e-05,920024,37148,3128,11.82,0.6936807186610126,1.9919737247104587,0.005471042123056192,0.007886974476696933,0.010898172155912059,0.38714417387384326
750000.0,0.022,0.0,25,3.502728630160564e-05,2.0926845170607842e-05,920025,37148,3045,12.06,0.696893586192994,2.040365964970821,0.00549036891120181,0.007878346163572435,0.011202361861550077,0.4033081933971552
750000.0,0.022,0.0,26,3.502728630160564e-05,2.0926845170607842e-05,920026,37148,3153,10.25,0.672288230026616,2.0506582871101546,0.005517894611848114,0.008207632330004735,0.011315316313186803,0.39349786775924245
750000.0,0.022,0.0,27,3.502728630160564e-05,2.0926845170607842e-05,920027,37148,3129,5.32,0.7189799463225023,1.9577456949848502,0.005707177211727772,0.007937880939404932,0.011173201616775687,0.3893845909553033
750000.0,0.022,0.0,28,3.502728630160564e-05,2.0926845170607842e-05,920028,37148,3012,6.26,0.6964193711917169,2.0185204370497742,0.005588890899925333,0.00802518013012991,0.01128129050194079,0.39660843643228894
750000.0,0.022,0.0,29,3.502728630160564e-05,2.0926845170607842e-05,920029,37148,3023,7.46,0.6824342818257696,2.006566513239767,0.005396106604042466,0.007907144684475466,0.01082764681354357,0.3856813249635279
750000.0,0.022,0.0,30,3.502728630160564e-05,2.0926845170607842e-05,920030,37148,3071,14.5,0.7010453305938135,1.9364921534363884,0.005514973680821318,0.007866786126583161,0.01067970325931868,0.3734957103921359
750000.0,0.022,0.0,31,3.502728630160564e-05,2.0926845170607842e-05,920031,37148,3145,6.5,0.7037090005543127,2.010788095059676,0.005503857951174652,0.007821212954274074,0.01106709204512153,0.3979868039806115
750000.0,0.022,0.0,32,3.502728630160564e-05,2.0926845170607842e-05,920032,37148,3060,13.3,0.6965241460397501,1.9965776981209478,0.005552337836771885,0.007971493692416828,0.011085673897331854,0.3900311494620239
750000.0,0.022,0.0,33,3.502728630160564e-05,2.0926845170607842e-05,920033,37148,3137,9.03,0.6837302153692116,2.040078768504922,0.005414969075144082,0.007919745176421697,0.011046963442312176,0.396453409065742
750000.0,0.022,0.0,34,3.502728630160564e-05,2.0926845170607842e-05,920034,37148,3141,14.71,0.7269433197677614,1.9448807769131187,0.005846248044391698,0.008042233672715247,0.011370255438603327,0.3892625459427257
750000.0,0.022,0.0,35,3.502728630160564e-05,2.0926845170607842e-05,920035,37148,2963,12.91,0.6932865776926533,2.0210070826131896,0.00542786699828178,0.007829182293340248,0.010969757647009871,0.3957455707676629
750000.0,0.022,0.0,36,3.502728630160564e-05,2.0926845170607842e-05,920036,37148,3082,17.55,0.6977815231166556,2.006315587640019,0.005618983926632371,0.008052640748546998,0.011273455038701247,0.39363643939478543
750000.0,0.022,0.0,37,3.502728630160564e-05,2.0926845170607842e-05,920037,37148,3031,7.62,0.6875242632490663,2.0485634531960284,0.005427335999465727,0.007894028312277309,0.011118242176720628,0.4009230910784034
750000.0,0.022,0.0,38,3.502728630160564e-05,2.0926845170607842e-05,920038,37148,3255,13.55,0.6757654468266682,2.0558807282478555,0.005453576565214506,0.008070221096423316,0.011211902960448637,0.39689998614219735
750000.0,0.022,0.0,39,3.502728630160564e-05,2.0926845170607842e-05,920039,37148,3128,8.27,0.676265967880199,2.018455256172162,0.005432641714558574,0.008033291593228555,0.0109655442236509,0.3859888285916857
750000.0,0.022,0.0,40,3.502728630160564e-05,2.0926845170607842e-05,920040,37148,3267,5.81,0.6901758966814079,2.0073156337396694,0.005518033975126809,0.007995112552697546,0.011076435865778696,0.3900047501031437
750000.0,0.022,0.0,41,3.502728630160564e-05,2.0926845170607842e-05,920041,37148,3074,7.92,0.6641058542081272,2.099326398817029,0.005474722373547623,0.008243749605363176,0.01149322920498275,0.40319331781170253
750000.0,0.022,0.0,42,3.502728630160564e-05,2.0926845170607842e-05,920042,37148,3161,16.76,0.6802022730387727,2.0356056395885727,0.005340997563720082,0.007852072501697794,0.010872164761737425,0.39326388283553015
750000.0,0.022,0.0,43,3.502728630160564e-05,2.0926845170607842e-05,920043,37148,3070,14.11,0.6900695460103646,2.004786802753302,0.005430497147893178,0.007869492545047936,0.010886989014485688,0.38917961268975254
750000.0,0.022,0.0,44,3.502728630160564e-05,2.0926845170607842e-05,920044,37148,3282,6.99,0.6849093329161117,2.0419852023619454,0.005552902726969785,0.008107500453129187,0.011338945198627595,0.3976334244144528
750000.0,0.022,0.0,45,3.502728630160564e-05,2.0926845170607842e-05,920045,37148,3169,14.63,0.6644248513672362,2.027779805933626,0.005349692952254576,0.00805161477817411,0.01084799933652727,0.38231431830457696
750000.0,0.022,0.0,46,3.502728630160564e-05,2.0926845170607842e-05,920046,37148,3043,16.16,0.6707306111847583,2.0918341619733947,0.0052886262290098495,0.00788487380897702,0.011062929015751333,0.40461065874911983
750000.0,0.022,0.0,47,3.502728630160564e-05,2.0926845170607842e-05,920047,37148,3186,16.11,0.6712522475610335,2.0273153972887283,0.005489745105154003,0.0081783638343123,0.01112944477886914,0.3859483015083921
750000.0,0.022,0.0,48,3.502728630160564e-05,2.0926845170607842e-05,920048,37148,3086,7.78,0.6558192023671182,2.095012230074398,0.005415534918022945,0.008257664457637221,0.011345611885653022,0.39742344822536757
750000.0,0.022,0.0,49,3.502728630160564e-05,2.0926845170607842e-05,920049,37148,3111,6.97,0.6752252052675018,2.0676738539012374,0.005486319343957924,0.008125169648820242,0.011343919061654389,0.40005350360843117
750000.0,0.022,0.0,50,3.502728630160564e-05,2.0926845170607842e-05,920050,37148,3105,5.02,0.7229666198570176,1.98498482538828,0.005668842757280481,0.007841085053693929,0.011252566850714012,0.3996957320845793
750000.0,0.022,0.0,51,3.502728630160564e-05,2.0926845170607842e-05,920051,37148,3115,13.11,0.6703406872955718,2.0166613833228624,0.005422696428143758,0.008089463359327226,0.010935742480120336,0.38220199442176805
750000.0,0.022,0.0,52,3.502728630160564e-05,2.0926845170607842e-05,920052,37148,3219,17.38,0.6998661370910416,1.9832696423007492,0.005547021849395331,0.007925832606291323,0.011001240039084719,0.3876665535966448
750000.0,0.022,0.0,53,3.502728630160564e-05,2.0926845170607842e-05,920053,37148,3068,5.4,0.7036864221526676,2.008017577616562,0.005601652655901091,0.007960438740262903,0.01124821699675189,0.3971448363736104
750000.0,0.022,0.0,54,3.502728630160564e-05,2.0926845170607842e-05,920054,37148,3146,12.22,0.6798614271198888,2.0453256282537424,0.0055625912929970975,0.008181948660570463,0.011377310531068087,0.3959670909906491
750000.0,0.022,0.0,55,3.502728630160564e-05,2.0926845170607842e-05,920055,37148,3106,10.62,0.6951844647602345,1.9982331897513719,0.005498853226438883,0.007909919604338985,0.010987991022641592,0.3898442034058788
750000.0,0.022,0.0,56,3.502728630160564e-05,2.0926845170607842e-05,920056,37148,3156,7.46,0.6736486510648788,2.0824011949200485,0.005513500890205308,0.008184534892914534,0.011481320841956284,0.4034642890100676
750000.0,0.022,0.0,57,3.502728630160564e-05,2.0926845170607842e-05,920057,37148,3189,8.38,0.7016154434399472,2.020370992163174,0.005553812168759486,0.007915749604270005,0.011220761001684513,0.3997928584786995
750000.0,0.022,0.0,58,3.502728630160564e-05,2.0926845170607842e-05,920058,37148,3214,7.07,0.7065398773509333,2.022150760941719,0.005384616592104512,0.007621107830874792,0.010888506539103544,0.402777397603966
750000.0,0.022,0.0,59,3.502728630160564e-05,2.0926845170607842e-05,920059,37148,3098,10.1,0.692538250915525,1.96457407377659,0.005585890210658096,0.008065821928642402,0.01097389508682135,0.37799149566798007
750000.0,0.022,0.0,60,3.502728630160564e-05,2.0926845170607842e-05,920060,37148,3220,6.62,0.6895829210933585,2.027777710009218,0.005426130998330832,0.007868714308828163,0.011002987490005329,0.3958529299776311
750000.0,0.022,0.0,61,3.502728630160564e-05,2.0926845170607842e-05,920061,37148,3092,6.1,0.6751004998877653,2.029331789781999,0.005436314221298255,0.00805259990505419,0.01103208526852452,0.38865074924513743
750000.0,0.022,0.0,62,3.502728630160564e-05,2.0926845170607842e-05,920062,37148,3123,17.11,0.6671913386705443,2.0741689158405694,0.005372975827703187,0.008053125867025585,0.011144459447384705,0.39763333708035953
750000.0,0.022,0.0,63,3.502728630160564e-05,2.0926845170607842e-05,920063,37148,3226,5.87,0.6983781566449153,2.0001744260853838,0.005473298894736696,0.007837156478419972,0.010947552475573736,0.3920807686076382
750000.0,0.022,0.0,64,3.502728630160564e-05,2.0926845170607842e-05,920064,37148,3105,16.05,0.6746360672698903,2.0761037054176517,0.0054219431643550324,0.008036841531903996,0.01125651629408139,0.40217806536931966
750000.0,0.022,0.0,65,3.502728630160564e-05,2.0926845170607842e-05,920065,37148,3084,9.37,0.6788015422619076,2.0461202478749327,0.005332551265335044,0.007855832571572947,0.010911041116833126,0.3956404482537661
750000.0,0.022,0.0,66,3.502728630160564e-05,2.0926845170607842e-05,920066,37148,3087,19.32,0.6609508634831599,2.078042766154338,0.005276205467630305,0.007982749942749315,0.010964180604753123,0.3953512857754422
750000.0,0.022,0.0,67,3.502728630160564e-05,2.0926845170607842e-05,920067,37148,3041,13.81,0.649353012902293,2.1570990564509676,0.005175341371778552,0.007969996702790808,0.011163723989875172,0.4112476228142422
750000.0,0.022,0.0,68,3.502728630160564e-05,2.0926845170607842e-05,920068,37148,3133,7.56,0.6826528384243062,2.052580651154047,0.0053036716533447475,0.007769207648190022,0.010886213815729623,0.3995672176378896
750000.0,0.022,0.0,69,3.502728630160564e-05,2.0926845170607842e-05,920069,37148,3168,15.72,0.6865977719671791,2.0170303502076763,0.005482560854235191,0.007985113086701467,0.011058491639852905,0.3910709353705404
750000.0,0.022,0.0,70,3.502728630160564e-05,2.0926845170607842e-05,920070,37148,3016,15.69,0.698481430153943,2.085581656535041,0.005419991606236651,0.007759678886584146,0.011303835072541051,0.4170265928226221
750000.0,0.022,0.0,71,3.502728630160564e-05,2.0926845170607842e-05,920071,37148,3120,18.01,0.7077737714765521,1.9891814522657643,0.0056552366156631595,0.007990175453754453,0.011249291784051369,0.39349906059138173
750000.0,0.022,0.0,72,3.502728630160564e-05,2.0926845170607842e-05,920072,37148,3099,8.04,0.6745180468916957,2.0416444161600413,0.005317189009210711,0.007882945510076868,0.010855809250322592,0.3920243892045485
750000.0,0.022,0.0,73,3.502728630160564e-05,2.0926845170607842e-05,920073,37148,3126,7.42,0.6788355198842092,2.040090100946328,0.005637666100714686,0.008304907353222056,0.011501346804508714,0.3938721398927373
750000.0,0.022,0.0,74,3.502728630160564e-05,2.0926845170607842e-05,920074,37148,2988,15.9,0.6790201453270256,2.024868891270494,0.005280247978150603,0.007776275880014667,0.01069180986915108,0.3894147006936092
750000.0,0.022,0.0,75,3.502728630160564e-05,2.0926845170607842e-05,920075,37148,2997,4.74,0.6511848394588955,2.172557398654366,0.005226268644969037,0.008025783661228698,0.011354368611982808,0.4164337639958152
750000.0,0.022,0.0,76,3.502728630160564e-05,2.0926845170607842e-05,920076,37148,3125,10.15,0.7008200180482419,1.9906037142995006,0.005455866116305997,0.007784974709341757,0.01086046735583951,0.3904110941170338
750000.0,0.022,0.0,77,3.502728630160564e-05,2.0926845170607842e-05,920077,37148,3180,11.35,0.6874228013622173,1.9925311796938128,0.005278071468733975,0.00767805702440302,0.010516721970104762,0.3840224867612464
750000.0,0.022,0.0,78,3.502728630160564e-05,2.0926845170607842e-05,920078,37148,3039,20.32,0.6731352054416998,2.0653471480093786,0.0052939849487993506,0.007864668057772329,0.010933916715607315,0.39826443950369916
750000.0,0.022,0.0,79,3.502728630160564e-05,2.0926845170607842e-05,920079,37148,3261,11.82,0.7183259547959613,1.9366260688489905,0.005657263635819029,0.00787562192072812,0.010956004235478553,0.3823986708254481
750000.0,0.022,0.0,80,3.502728630160564e-05,2.0926845170607842e-05,920080,37148,3129,11.47,0.6908780616275599,2.0131427963073505,0.005302909673980887,0.007675608719559533,0.010675514409643183,0.3921361587120834
750000.0,0.022,0.0,81,3.502728630160564e-05,2.0926845170607842e-05,920081,37148,3082,7.88,0.6854809646375405,2.04284620792787,0.0053164985638282924,0.007755866082495055,0.010860788930570594,0.3981853100225674
750000.0,0.022,0.0,82,3.502728630160564e-05,2.0926845170607842e-05,920082,37148,3134,16.43,0.6511160272505891,2.123836922851517,0.0052850845705335395,0.008116962798244124,0.011224657751291982,0.40300864107704937
750000.0,0.022,0.0,83,3.502728630160564e-05,2.0926845170607842e-05,920083,37148,3022,13.26,0.6929444687649864,2.015700002546383,0.005457793063545344,0.007876234401975386,0.011001273492085982,0.3939780028597203
750000.0,0.022,0.0,84,3.502728630160564e-05,2.0926845170607842e-05,920084,37148,3134,7.03,0.7031950287313683,2.002258815451194,0.005581470050892172,0.00793730021237733,0.011175547612575675,0.395162960602618
750000.0,0.022,0.0,85,3.502728630160564e-05,2.0926845170607842e-05,920085,37148,3062,14.89,0.7103433675866566,1.984046526776083,0.005606251378422487,0.007892311851195776,0.011123063575592763,0.39321738395714845
750000.0,0.022,0.0,86,3.502728630160564e-05,2.0926845170607842e-05,920086,37148,3121,8.0,0.7016925125835479,2.000444817500115,0.005484481795568799,0.00781607569870682,0.01097140318461933,0.39385339912940676
750000.0,0.022,0.0,87,3.502728630160564e-05,2.0926845170607842e-05,920087,37148,3059,5.75,0.6834275900512418,2.012434602716467,0.005412370682222929,0.007919450079293875,0.010892042043633553,0.3880017765213589
750000.0,0.022,0.0,88,3.502728630160564e-05,2.0926845170607842e-05,920088,37148,3109,17.97,0.6620129986341358,2.126219147068066,0.0052772593840321345,0.007971534388176922,0.011220609946373753,0.40962238971283527
750000.0,0.022,0.0,89,3.502728630160564e-05,2.0926845170607842e-05,920089,37148,3093,17.19,0.6970860878329067,2.004613476255386,0.005553576910939266,0.00796684513989393,0.011132775117089612,0.39276497061014126
750000.0,0.022,0.0,90,3.502728630160564e-05,2.0926845170607842e-05,920090,37148,3138,15.03,0.6855340618542555,2.045052545330233,0.00527346655338241,0.007692493847962217,0.01078451619770855,0.39886221302632097
750000.0,0.022,0.0,91,3.502728630160564e-05,2.0926845170607842e-05,920091,37148,3121,6.48,0.6709009609182617,2.048615807812255,0.0054628450951713335,0.00814255070926466,0.011191270817597637,0.39214249989186745
750000.0,0.022,0.0,92,3.502728630160564e-05,2.0926845170607842e-05,920092,37148,3251,5.95,0.6859144772170291,1.9916453610733764,0.005518044938886708,0.008044800222434657,0.010989988604728135,0.3829454402033533
750000.0,0.022,0.0,93,3.502728630160564e-05,2.0926845170607842e-05,920093,37148,3125,17.57,0.6946899172791239,2.054006875801831,0.005590430608858713,0.008047375483373394,0.011482782909288811,0.4061628526826879
750000.0,0.022,0.0,94,3.502728630160564e-05,2.0926845170607842e-05,920094,37148,3012,5.75,0.7034878325072921,1.9433409470487173,0.005396396826810062,0.00767091707553325,0.010487038920063758,0.37697790568208045
750000.0,0.022,0.0,95,3.502728630160564e-05,2.0926845170607842e-05,920095,37148,3135,6.35,0.7241263116612633,1.9818161257064426,0.005519850187063811,0.007622772571818829,0.010939328112206785,0.39929479104766585
750000.0,0.025,0.0,0,3.4845946734859693e-05,2.081850491827081e-05,921000,37148,3154,14.83,0.7385613506540781,1.9099496869821093,0.005743783675905406,0.007776989238360019,0.01097033783388848,0.3837576782504184
750000.0,0.025,0.0,1,3.4845946734859693e-05,2.081850491827081e-05,921001,37148,3148,8.44,0.7293232044322706,1.9150878701812797,0.00599815523802236,0.00822427587874641,0.011486994339800929,0.38093331048793544
750000.0,0.025,0.0,2,3.4845946734859693e-05,2.081850491827081e-05,921002,37148,3090,10.57,0.7296381048063135,1.9161948087597827,0.005832128310766178,0.007993179457526206,0.01117549399311111,0.3814453402769179
750000.0,0.025,0.0,3,3.4845946734859693e-05,2.081850491827081e-05,921003,37148,3141,11.17,0.7057501330056314,1.9686916968434347,0.005522442826164219,0.007824926369684657,0.01087198733816209,0.38615780258509524
750000.0,0.025,0.0,4,3.4845946734859693e-05,2.081850491827081e-05,921004,37148,3094,19.12,0.720215676998158,1.9549415810443882,0.00574316848096326,0.00797423419731802,0.011227558870378613,0.3891190936227661
750000.0,0.025,0.0,5,3.4845946734859693e-05,2.081850491827081e-05,921005,37148,3013,12.79,0.7114674531752097,1.9829250974912658,0.005622367606656631,0.007902494459253975,0.011148733834561334,0.39343506327224265
750000.0,0.025,0.0,6,3.4845946734859693e-05,2.081850491827081e-05,921006,37148,3155,7.39,0.7261472671755741,1.9841986457927419,0.005750808767627554,0.007919617724371431,0.011410746968939619,0.40098459245436435
750000.0,0.025,0.0,7,3.4845946734859693e-05,2.081850491827081e-05,921007,37148,3174,10.99,0.7190785165061508,1.9600965642915504,0.005742727487296827,0.00798623148303681,0.011256300417513158,0.390165575672919
750000.0,0.025,0.0,8,3.4845946734859693e-05,2.081850491827081e-05,921008,37148,3084,14.45,0.7110915771626602,1.9425005590289457,0.0057253545604835235,0.008051501022313282,0.011121504434378168,0.38062086545546103
750000.0,0.025,0.0,9,3.4845946734859693e-05,2.081850491827081e-05,921009,37148,3098,8.94,0.7029807978096896,1.9131263101406002,0.005737127234765076,0.008161143594022075,0.010975849057453255,0.36687035526652956
750000.0,0.025,0.0,10,3.4845946734859693e-05,2.081850491827081e-05,921010,37148,3284,15.61,0.7253293880673132,1.9225837964953252,0.005743361058357113,0.007918279822717053,0.011042092908219628,0.38138353867206765
750000.0,0.025,0.0,11,3.4845946734859693e-05,2.081850491827081e-05,921011,37148,3121,6.75,0.7090579089354268,1.9425024134099917,0.005764944640648124,0.008130428513664788,0.01119841887763398,0.3795832560762029
750000.0,0.025,0.0,12,3.4845946734859693e-05,2.081850491827081e-05,921012,37148,3074,17.09,0.6978250790256952,1.9826860215651037,0.005455737739941207,0.007818202446318666,0.010817014954306621,0.3864323825781961
750000.0,0.025,0.0,13,3.4845946734859693e-05,2.081850491827081e-05,921013,37148,3142,5.69,0.7261176517004884,1.9325709441397225,0.00557137151922426,0.007672822036727403,0.010767070717060389,0.3849676525776745
750000.0,0.025,0.0,14,3.4845946734859693e-05,2.081850491827081e-05,921014,37148,3153,20.1,0.7264958431033987,1.9337546640115373,0.005611213709527499,0.007723669395764019,0.01085071068156428,0.3855295060097801
750000.0,0.025,0.0,15,3.4845946734859693e-05,2.081850491827081e-05,921015,37148,3079,16.99,0.7263827085864193,1.9028242452023545,0.005815944244874925,0.008006721768188937,0.011066719717893107,0.3754849510322903
750000.0,0.025,0.0,16,3.4845946734859693e-05,2.081850491827081e-05,921016,37148,3131,14.18,0.7358959278046361,1.905014082293697,0.005754736972103935,0.007820041876399253,0.010962854971754187,0.38087392000174103
750000.0,0.025,0.0,17,3.4845946734859693e-05,2.081850491827081e-05,921017,37148,3118,8.81,0.7256904141234577,1.9331105512509013,0.005739419830976928,0.007908909528465277,0.011094933033320164,0.38492961974381845
750000.0,0.025,0.0,18,3.4845946734859693e-05,2.081850491827081e-05,921018,37148,3052,16.9,0.6939989458228106,1.9960974581435773,0.005515730197711396,0.007947750109579637,0.011009935027457488,0.38857585109654647
750000.0,0.025,0.0,19,3.4845946734859693e-05,2.081850491827081e-05,921019,37148,3082,9.0,0.7200114579009598,1.9636572506167165,0.005723277631625333,0.007948870214246773,0.011238555618633555,0.39173020493827293
750000.0,0.025,0.0,20,3.4845946734859693e-05,2.081850491827081e-05,921020,37148,3150,18.75,0.7209484484846784,1.9411067868072982,0.005900781664829552,0.008184748406397265,0.011454047337068712,0.38512869483078505
750000.0,0.025,0.0,21,3.4845946734859693e-05,2.081850491827081e-05,921021,37148,3242,7.97,0.720585338219017,1.9139663335458421,0.005701163453045098,0.007911850478578942,0.01091183491117028,0.3762270945976004
750000.0,0.025,0.0,22,3.4845946734859693e-05,2.081850491827081e-05,921022,37148,3206,10.72,0.7240191465253454,1.9287326777749758,0.005786343942697808,0.007991976414528767,0.011160310647126555,0.3827089230363817
750000.0,0.025,0.0,23,3.4845946734859693e-05,2.081850491827081e-05,921023,37148,3102,13.43,0.7191428063358982,1.959302565868965,0.005676826227696962,0.007893878903720024,0.011122620193918895,0.3899501693478421
750000.0,0.025,0.0,24,3.4845946734859693e-05,2.081850491827081e-05,921024,37148,3047,13.85,0.7257618431469322,1.8975925779233127,0.005647784481512179,0.007781870230354301,0.010717193913827977,0.37345284503349696
750000.0,0.025,0.0,25,3.4845946734859693e-05,2.081850491827081e-05,921025,37148,3175,5.24,0.702295578891895,2.0035994282849643,0.005677351598674051,0.008083991654385697,0.011375138417276056,0.3951131516712082
750000.0,0.025,0.0,26,3.4845946734859693e-05,2.081850491827081e-05,921026,37148,3190,10.1,0.7186651089497201,1.913472898026903,0.005643495392361067,0.007852747158699063,0.010798675483422605,0.3750973176396194
750000.0,0.025,0.0,27,3.4845946734859693e-05,2.081850491827081e-05,921027,37148,2935,15.6,0.7380525730343908,1.9382137665787187,0.005647580055565022,0.007652002393739862,0.010946217411551532,0.3925032753657054
750000.0,0.025,0.0,28,3.4845946734859693e-05,2.081850491827081e-05,921028,37148,3130,11.77,0.7025329812163524,1.9365010068596404,0.005656209812279909,0.008051166227793111,0.01095325599648942,0.374278477355669
750000.0,0.025,0.0,29,3.4845946734859693e-05,2.081850491827081e-05,921029,37148,3198,15.97,0.7286571300713972,1.9236837961711433,0.005775851061990438,0.007926706297960048,0.011110911097048896,0.38337381875056387
750000.0,0.025,0.0,30,3.4845946734859693e-05,2.081850491827081e-05,921030,37148,3119,18.4,0.716740972079624,1.98208523259504,0.005755628089639062,0.008030276367401053,0.011408145440782787,0.39578678547710666
750000.0,0.025,0.0,31,3.4845946734859693e-05,2.081850491827081e-05,921031,37148,3146,11.72,0.7276192924859546,1.89366971942316,0.005903479410474549,0.008113417925334224,0.01117924019885374,0.37308363151343726
750000.0,0.025,0.0,32,3.4845946734859693e-05,2.081850491827081e-05,921032,37148,3060,13.32,0.7277754723231097,1.9416332485387957,0.0055407238651758025,0.007613232481563893,0.010758053677597726,0.38864609059670663
750000.0,0.025,0.0,33,3.4845946734859693e-05,2.081850491827081e-05,921033,37148,3191,15.28,0.6790914251078253,2.049229292050537,0.005532128483134468,0.008146367747547517,0.011336599735026258,0.39671080613263343
750000.0,0.025,0.0,34,3.4845946734859693e-05,2.081850491827081e-05,921034,37148,3334,14.56,0.699193183109253,1.9647929468601217,0.005530863254252981,0.007910350655390688,0.010867001112004077,0.3815582711776837
750000.0,0.025,0.0,35,3.4845946734859693e-05,2.081850491827081e-05,921035,37148,3129,16.35,0.6998872511435509,1.9639747597984492,0.005729250771462994,0.00818596247052926,0.011252103907709114,0.38166171606100385
750000.0,0.025,0.0,36,3.4845946734859693e-05,2.081850491827081e-05,921036,37148,3166,15.23,0.7209312482698969,1.9590026398540836,0.005638056333055277,0.007820518734047915,0.011044967240101322,0.39073721204718903
750000.0,0.025,0.0,37,3.4845946734859693e-05,2.081850491827081e-05,921037,37148,3156,6.01,0.6945805899613187,1.967729892397221,0.005675516662576099,0.008171142045435174,0.011167883791749503,0.38006792664511924
750000.0,0.025,0.0,38,3.4845946734859693e-05,2.081850491827081e-05,921038,37148,3204,7.81,0.6909234684443574,2.0023141212927786,0.005471245214930153,0.00791874276213093,0.010955151554910189,0.3888725359048282
750000.0,0.025,0.0,39,3.4845946734859693e-05,2.081850491827081e-05,921039,37148,3217,7.13,0.7110739175666675,1.9390499470731772,0.005775892032857832,0.008122773020030378,0.011199743140613366,0.3795096513201358
750000.0,0.025,0.0,40,3.4845946734859693e-05,2.081850491827081e-05,921040,37148,3120,14.9,0.7178756814813398,1.930498722528585,0.005639988507061671,0.007856497514198459,0.010887990607958456,0.3802122674777556
750000.0,0.025,0.0,41,3.4845946734859693e-05,2.081850491827081e-05,921041,37148,3133,18.91,0.7177540369780608,1.9573396765918656,0.005719857041888113,0.007969104661494156,0.011195703132520983,0.38865109491788263
750000.0,0.025,0.0,42,3.4845946734859693e-05,2.081850491827081e-05,921042,37148,3105,14.83,0.7044125433411369,1.9556140517912148,0.005718610351417666,0.008118268769453506,0.011183394759951084,0.38136498720305867
750000.0,0.025,0.0,43,3.4845946734859693e-05,2.081850491827081e-05,921043,37148,3074,15.64,0.7428434185161716,1.9059846968783445,0.00583777384428742,0.007858686903288935,0.011126707611048486,0.38452320190492906
750000.0,0.025,0.0,44,3.4845946734859693e-05,2.081850491827081e-05,921044,37148,3128,17.5,0.7251588781084052,1.9305770452807243,0.005828218135912787,0.008037160285640903,0.011251824148082038,0.3838608638441461
750000.0,0.025,0.0,45,3.4845946734859693e-05,2.081850491827081e-05,921045,37148,3109,18.08,0.7075988227453027,1.9546248000334214,0.005559006544834273,0.007856155728562051,0.010865772056081172,0.38268711122610233
750000.0,0.025,0.0,46,3.4845946734859693e-05,2.081850491827081e-05,921046,37148,3137,9.7,0.7135817229949606,1.9664097933750984,0.0056799789929821405,0.007959815687462967,0.01116916631796491,0.3893996072694189
750000.0,0.025,0.0,47,3.4845946734859693e-05,2.081850491827081e-05,921047,37148,3216,6.48,0.7093401084526916,1.9456572422576677,0.005721817311424525,0.00806639472834227,0.011132695290848423,0.38073343069484145
750000.0,0.025,0.0,48,3.4845946734859693e-05,2.081850491827081e-05,921048,37148,2992,15.3,0.7165450896721737,1.9605842527280755,0.005678206354512546,0.007924422951681073,0.011132601962397789,0.3890633406215924
750000.0,0.025,0.0,49,3.4845946734859693e-05,2.081850491827081e-05,921049,37148,3125,16.32,0.7124059104528425,1.962424399281636,0.005745389131605671,0.008064769041505566,0.011274891815230498,0.38757025790455846
750000.0,0.025,0.0,50,3.4845946734859693e-05,2.081850491827081e-05,921050,37148,3176,18.41,0.704659882358304,1.9915278053510321,0.005660449616132089,0.008032881902100218,0.011272942801315631,0.39264610139624767
750000.0,0.025,0.0,51,3.4845946734859693e-05,2.081850491827081e-05,921051,37148,3062,11.24,0.7141162594815028,1.9638422296178848,0.005498787116276658,0.00770012871611291,0.010798750350622851,0.38886836884657305
750000.0,0.025,0.0,52,3.4845946734859693e-05,2.081850491827081e-05,921052,37148,3140,6.15,0.7341202830692495,1.898147096670866,0.0058616544181779836,0.007984596738931206,0.011126282315552493,0.3777682983221322
750000.0,0.025,0.0,53,3.4845946734859693e-05,2.081850491827081e-05,921053,37148,3075,11.7,0.7063661795718005,1.9992900469692072,0.005617333911741439,0.007952438939172695,0.011230679780247261,0.3958614653593402
750000.0,0.025,0.0,54,3.4845946734859693e-05,2.081850491827081e-05,921054,37148,3017,7.21,0.7104186577482666,1.9530049176793884,0.00554012967121371,0.007798401141059034,0.010819900492461869,0.383611206888382
750000.0,0.025,0.0,55,3.4845946734859693e-05,2.081850491827081e-05,921055,37148,3192,15.71,0.7249836249373697,1.9670447578180044,0.005690399825897077,0.007849004625985397,0.01119327114741933,0.39519894258060306
750000.0,0.025,0.0,56,3.4845946734859693e-05,2.081850491827081e-05,921056,37148,3105,15.62,0.6986954498163025,1.95793110870927,0.005619419807680499,0.008042731363368588,0.011002436854354713,0.37913067114574384
750000.0,0.025,0.0,57,3.4845946734859693e-05,2.081850491827081e-05,921057,37148,3183,16.94,0.7123459884245708,1.9363852327029916,0.005770575808016755,0.008100804808038577,0.011174057778836777,0.3793042379677338
750000.0,0.025,0.0,58,3.4845946734859693e-05,2.081850491827081e-05,921058,37148,3114,13.17,0.6827583144407836,2.013517938770272,0.005606324641513183,0.008211287248995378,0.01128843523625661,0.3879748786559607
750000.0,0.025,0.0,59,3.4845946734859693e-05,2.081850491827081e-05,921059,37148,3147,16.45,0.6930954911153706,1.9798698111607285,0.005523564480884626,0.007969413380536897,0.010935938565703152,0.3830900850276512
750000.0,0.025,0.0,60,3.4845946734859693e-05,2.081850491827081e-05,921060,37148,3171,18.36,0.7086226721919935,1.9930846985740145,0.005663800146544501,0.007992688307621572,0.011288433407859105,0.395111440146411
750000.0,0.025,0.0,61,3.4845946734859693e-05,2.081850491827081e-05,921061,37148,3060,5.82,0.6948300736977121,1.984866691376786,0.005414573627413467,0.007792658712364678,0.010747206841060172,0.38555047208548454
750000.0,0.025,0.0,62,3.4845946734859693e-05,2.081850491827081e-05,921062,37148,3036,15.72,0.6914688735336166,1.9968510323491893,0.005619533001579362,0.008126950057580807,0.011221370275524088,0.3874864334018179
750000.0,0.025,0.0,63,3.4845946734859693e-05,2.081850491827081e-05,921063,37148,3056,8.72,0.7126360191943533,1.9338601575423657,0.005812240973506402,0.008155974181710933,0.011240061244699284,0.3786415015396547
750000.0,0.025,0.0,64,3.4845946734859693e-05,2.081850491827081e-05,921064,37148,3099,13.47,0.7199462841146956,1.9006452936369167,0.005723661266020921,0.007950122658191366,0.01087864984763458,0.37153120489554714
750000.0,0.025,0.0,65,3.4845946734859693e-05,2.081850491827081e-05,921065,37148,3159,17.47,0.6929874137693668,1.9630184039507037,0.005890445105404403,0.008500075164950691,0.011563052149370187,0.3777369467654389
750000.0,0.025,0.0,66,3.4845946734859693e-05,2.081850491827081e-05,921066,37148,3159,8.72,0.7184312980923123,1.946735018789335,0.005712186330935751,0.007950915203866555,0.011120113164282392,0.38565816134461883
750000.0,0.025,0.0,67,3.4845946734859693e-05,2.081850491827081e-05,921067,37148,3124,15.41,0.7318654046099405,1.9246152361038464,0.005628659095214085,0.0076908391348460715,0.010833003053483519,0.3852351852805457
750000.0,0.025,0.0,68,3.4845946734859693e-05,2.081850491827081e-05,921068,37148,3078,12.84,0.7227737503769028,1.952530537313072,0.005743519539994066,0.007946497139663703,0.011214397293492741,0.389623163805623
750000.0,0.025,0.0,69,3.4845946734859693e-05,2.081850491827081e-05,921069,37148,3012,8.67,0.7186885155289964,1.9303327552031773,0.00576493288191221,0.008021462368393191,0.01112823877350299,0.3805670631757272
750000.0,0.025,0.0,70,3.4845946734859693e-05,2.081850491827081e-05,921070,37148,3193,8.82,0.6986341452955709,1.9868626894605252,0.005857952582443039,0.008384864412781768,0.011638947422685005,0.3881398172026834
750000.0,0.025,0.0,71,3.4845946734859693e-05,2.081850491827081e-05,921071,37148,3131,7.01,0.7164336315773749,1.935406367631367,0.005707383447390573,0.007966381247101148,0.011046106266593579,0.38105951706055485
750000.0,0.025,0.0,72,3.4845946734859693e-05,2.081850491827081e-05,921072,37148,3048,15.15,0.6792188022586827,2.0589210990744893,0.0054682181647795125,0.008050746161024152,0.01125862975380692,0.3996176878792711
750000.0,0.025,0.0,73,3.4845946734859693e-05,2.081850491827081e-05,921073,37148,3102,16.48,0.7135151394781166,1.9368421891776955,0.005576605581415739,0.007815679405898257,0.010801004962489815,0.3800444942936658
750000.0,0.025,0.0,74,3.4845946734859693e-05,2.081850491827081e-05,921074,37148,3160,10.46,0.7194036847857371,1.980364162529662,0.0058472650707293294,0.008127933167969307,0.011579714194883833,0.3965654936080728
750000.0,0.025,0.0,75,3.4845946734859693e-05,2.081850491827081e-05,921075,37148,3049,9.08,0.7285280043500932,1.943219103703511,0.0057167369377265145,0.00784696937329995,0.011108872428237672,0.3895102136311852
750000.0,0.025,0.0,76,3.4845946734859693e-05,2.081850491827081e-05,921076,37148,3133,14.65,0.6982623449197515,1.9812765956466092,0.005506252169938671,0.00788564958428552,0.010909408554027845,0.38622237457227737
750000.0,0.025,0.0,77,3.4845946734859693e-05,2.081850491827081e-05,921077,37148,3208,16.4,0.7109610967085366,1.9602166575545366,0.005764130712539472,0.008107519158537753,0.011298945039041573,0.38615287431056133
750000.0,0.025,0.0,78,3.4845946734859693e-05,2.081850491827081e-05,921078,37148,3244,18.32,0.6996370862368129,1.9804957094405908,0.005661076847824151,0.00809144763647934,0.011211738407929196,0.3866908063705181
750000.0,0.025,0.0,79,3.4845946734859693e-05,2.081850491827081e-05,921079,37148,3111,12.74,0.7175035493515028,1.948406746085772,0.005678330882749018,0.007914010861522889,0.011063698198455362,0.38572340367303337
750000.0,0.025,0.0,80,3.4845946734859693e-05,2.081850491827081e-05,921080,37148,3113,18.16,0.7175758741666433,1.9754766435980755,0.00568086408435647,0.007916743425848787,0.011222414314101373,0.39417637196305577
750000.0,0.025,0.0,81,3.4845946734859693e-05,2.081850491827081e-05,921081,37148,3228,20.04,0.7279974207699229,1.9258785834207535,0.005630874360799965,0.0077347449319872695,0.010844380337397676,0.38375366425065005
750000.0,0.025,0.0,82,3.4845946734859693e-05,2.081850491827081e-05,921082,37148,3259,7.71,0.7015304375380562,1.96781241572363,0.005640003782056169,0.008039571029660724,0.01109846946705836,0.38371795983583257
750000.0,0.025,0.0,83,3.4845946734859693e-05,2.081850491827081e-05,921083,37148,3156,13.69,0.7493853200118387,1.9071445663057878,0.005699995508940781,0.007606227873333219,0.010870715462843804,0.3879784901115855
750000.0,0.025,0.0,84,3.4845946734859693e-05,2.081850491827081e-05,921084,37148,3104,9.71,0.721206077281244,1.9632591882587704,0.005652904304085658,0.007838126275080225,0.011098116315343718,0.3921927741686291
750000.0,0.025,0.0,85,3.4845946734859693e-05,2.081850491827081e-05,921085,37148,3125,14.98,0.6979663254106325,1.9731066362760379,0.0053921110431616815,0.007725460164556443,0.010639210082799623,0.3835270144291416
750000.0,0.025,0.0,86,3.4845946734859693e-05,2.081850491827081e-05,921086,37148,2975,11.67,0.7143833046968191,1.952141835384949,0.005581630849950723,0.00781321569702632,0.010896135091864058,0.38533955232535944
750000.0,0.025,0.0,87,3.4845946734859693e-05,2.081850491827081e-05,921087,37148,3041,13.59,0.7175358508960802,1.9562802034479962,0.005407518968731947,0.00753623524452315,0.010578622308299833,0.3882117237941459
750000.0,0.025,0.0,88,3.4845946734859693e-05,2.081850491827081e-05,921088,37148,3120,6.75,0.7144652313235822,1.9607315700780756,0.005609692747397965,0.007851596552859167,0.010999101668261206,0.38807323969462126
750000.0,0.025,0.0,89,3.4845946734859693e-05,2.081850491827081e-05,921089,37148,3020,16.18,0.7218949136124736,1.964413393839568,0.005579672953165227,0.007729203860494989,0.010960784282442149,0.3928866552469503
750000.0,0.025,0.0,90,3.4845946734859693e-05,2.081850491827081e-05,921090,37148,3131,17.65,0.7088379275504633,1.9777974267962142,0.005676078708190614,0.00800758323952202,0.011226133863352175,0.39054432655648785
750000.0,0.025,0.0,91,3.4845946734859693e-05,2.081850491827081e-05,921091,37148,3095,14.73,0.7061836332325606,1.9910348361350712,0.005714966024735649,0.008092747772382307,0.011378696442577042,0.39326469131156516
750000.0,0.025,0.0,92,3.4845946734859693e-05,2.081850491827081e-05,921092,37148,3087,15.49,0.742525823845895,1.8786272078467825,0.005769398266783855,0.007769963119802881,0.01083854855688422,0.3754070798535536
750000.0,0.025,0.0,93,3.4845946734859693e-05,2.081850491827081e-05,921093,37148,3085,15.32,0.7192075684055261,1.9300184609197615,0.005563717259763629,0.0077358992093177195,0.010738077022681713,0.38072634229625224
750000.0,0.025,0.0,94,3.4845946734859693e-05,2.081850491827081e-05,921094,37148,3112,17.28,0.7078227029244762,1.9417369823936357,0.005694124536693126,0.008044563296948503,0.011056492195252069,0.3787049458805135
750000.0,0.025,0.0,95,3.4845946734859693e-05,2.081850491827081e-05,921095,37148,3133,6.31,0.7403979590264251,1.9493451650383273,0.0056743243492958844,0.007663884374772251,0.011061216735159186,0.3970731681953531
750000.0,0.028,0.0,0,3.468387904806539e-05,2.0721678536703604e-05,922000,37148,3036,16.1,0.718298660989772,1.9499681532332844,0.0057108116896757,0.007950469630287975,0.011135900923979977,0.3866108627751186
750000.0,0.028,0.0,1,3.468387904806539e-05,2.0721678536703604e-05,922001,37148,3084,9.53,0.7285831290901634,1.9100604977625435,0.005580746233280499,0.007659724759547476,0.01065956292822619,0.3789393110214856
750000.0,0.028,0.0,2,3.468387904806539e-05,2.0721678536703604e-05,922002,37148,3174,14.93,0.7646715012795446,1.8166489125285163,0.005988103883929093,0.00783094946510893,0.010878282408847572,0.3648329382495783
750000.0,0.028,0.0,3,3.468387904806539e-05,2.0721678536703604e-05,922003,37148,3076,6.78,0.7224724003103921,1.9609163505184515,0.005764930083108041,0.007979446800502391,0.011304545659562253,0.39208627672778773
750000.0,0.028,0.0,4,3.468387904806539e-05,2.0721678536703604e-05,922004,37148,3035,13.94,0.7395273967783829,1.9191560595102424,0.005947907332360998,0.008042849201087044,0.01141496239830601,0.38717465527857187
750000.0,0.028,0.0,5,3.468387904806539e-05,2.0721678536703604e-05,922005,37148,3110,6.5,0.7628106164980035,1.8792062697734495,0.005871346147990251,0.007696990604227671,0.01103347049331347,0.3851283347138764
750000.0,0.028,0.0,6,3.468387904806539e-05,2.0721678536703604e-05,922006,37148,3165,17.38,0.7564689260599651,1.8805069603569398,0.00579673993022763,0.007662892328465749,0.010900809786172059,0.38263154193520343
750000.0,0.028,0.0,7,3.468387904806539e-05,2.0721678536703604e-05,922007,37148,3052,5.93,0.7715444430542433,1.9119893551015825,0.0058353439226076255,0.007563198692103564,0.011157115463382493,0.3995516736075273
750000.0,0.028,0.0,8,3.468387904806539e-05,2.0721678536703604e-05,922008,37148,3103,16.78,0.7498466174009714,1.8852596348387862,0.006016039766028679,0.008023027145045684,0.011341796932478844,0.38109159445133844
750000.0,0.028,0.0,9,3.468387904806539e-05,2.0721678536703604e-05,922009,37148,3096,13.14,0.7359722982494716,1.88167263137326,0.005799679202153982,0.007880295516487052,0.010913097625437853,0.373231359776635
750000.0,0.028,0.0,10,3.468387904806539e-05,2.0721678536703604e-05,922010,37148,3027,11.58,0.7435886226061921,1.898605666931878,0.005871174405921336,0.007895729207560424,0.011147044998627651,0.3824864071520009
750000.0,0.028,0.0,11,3.468387904806539e-05,2.0721678536703604e-05,922011,37148,3222,11.89,0.7194604918434826,1.9417165954228102,0.005764770295070257,0.008012629408321108,0.011193550150738368,0.3845831073315664
750000.0,0.028,0.0,12,3.468387904806539e-05,2.0721678536703604e-05,922012,37148,3123,8.67,0.7322059221284589,1.9214565068823743,0.005905430039243357,0.008065258502794933,0.011347026974842784,0.3843899123086443
750000.0,0.028,0.0,13,3.468387904806539e-05,2.0721678536703604e-05,922013,37148,3055,15.41,0.7127783653567098,1.9466959066678406,0.0058159288858447575,0.008159519380100962,0.011321844955545245,0.38281047299182525
750000.0,0.028,0.0,14,3.468387904806539e-05,2.0721678536703604e-05,922014,37148,3121,7.87,0.7320725680591775,1.8964681892915887,0.005677625524254197,0.007755550162610713,0.010767436197458064,0.3762128959707156
750000.0,0.028,0.0,15,3.468387904806539e-05,2.0721678536703604e-05,922015,37148,3145,16.85,0.7256122183052269,1.9205775098729914,0.005673919641643738,0.0078194929722876,0.010897202456567586,0.3808772174458843
750000.0,0.028,0.0,16,3.468387904806539e-05,2.0721678536703604e-05,922016,37148,3094,4.78,0.7202447480378237,1.9154128206877867,0.005761521719758008,0.007999394282921507,0.011035692568695634,0.37652685062492686
750000.0,0.028,0.0,17,3.468387904806539e-05,2.0721678536703604e-05,922017,37148,3133,16.0,0.7457139137976008,1.871911492211349,0.005874317722960021,0.007877441488311038,0.010996202854509666,0.374704186835217
750000.0,0.028,0.0,18,3.468387904806539e-05,2.0721678536703604e-05,922018,37148,3172,16.15,0.7531725438399406,1.8380061373904188,0.005849499143625585,0.007766479529116615,0.010751415326643823,0.3667820347801324
750000.0,0.028,0.0,19,3.468387904806539e-05,2.0721678536703604e-05,922019,37148,3090,6.53,0.7594305506681176,1.8904493249513934,0.005704036784232499,0.007510939320539987,0.010783192488250245,0.387241945315731
750000.0,0.028,0.0,20,3.468387904806539e-05,2.0721678536703604e-05,922020,37148,3092,9.97,0.7543951192207085,1.8797065651851745,0.005682376297387817,0.007532360897639054,0.010681200032052503,0.38140203556849217
750000.0,0.028,0.0,21,3.468387904806539e-05,2.0721678536703604e-05,922021,37148,3081,15.33,0.7303102867522696,1.8940037658703288,0.006067828841355681,0.008308562745760644,0.011492490676184254,0.37453107458645385
750000.0,0.028,0.0,22,3.468387904806539e-05,2.0721678536703604e-05,922022,37148,3064,16.42,0.780382246124999,1.8432794709899776,0.005958355683222782,0.0076351758549212225,0.010982914711741017,0.38115100158193116
750000.0,0.028,0.0,23,3.468387904806539e-05,2.0721678536703604e-05,922023,37148,3040,16.03,0.7320883870657656,1.9199504830485088,0.005879973027123825,0.008031780220815892,0.01128925705373859,0.38384992113663274
750000.0,0.028,0.0,24,3.468387904806539e-05,2.0721678536703604e-05,922024,37148,3219,13.59,0.7459896525877315,1.890092227177578,0.006006212009186184,0.008051334208660258,0.01135229463334343,0.3808500099813621
750000.0,0.028,0.0,25,3.468387904806539e-05,2.0721678536703604e-05,922025,37148,3064,16.43,0.7404220079827742,1.90344048804123,0.005902672797186249,0.007972038558480521,0.011235386389823885,0.3825440944232512
750000.0,0.028,0.0,26,3.468387904806539e-05,2.0721678536703604e-05,922026,37148,3067,8.89,0.715794037780128,1.8830140227296908,0.005848699980119364,0.008170925813042218,0.011013184077303626,0.3635071522116051
750000.0,0.028,0.0,27,3.468387904806539e-05,2.0721678536703604e-05,922027,37148,3137,19.53,0.7282200903236076,1.8817681614477337,0.005847990042396874,0.008030525551414182,0.011004561470245821,0.36941987050843217
750000.0,0.028,0.0,28,3.468387904806539e-05,2.0721678536703604e-05,922028,37148,3136,4.56,0.7511585368646495,1.8822365510117376,0.005815343062824093,0.007741831820347072,0.010945851269520055,0.3807162846747867
750000.0,0.028,0.0,29,3.468387904806539e-05,2.0721678536703604e-05,922029,37148,3092,18.71,0.7393646935979719,1.9116104615356462,0.0056926475084047535,0.00769937698905071,0.010882124530901358,0.3846778513043623
750000.0,0.028,0.0,30,3.468387904806539e-05,2.0721678536703604e-05,922030,37148,3096,11.8,0.7665275446047981,1.8557331298149724,0.006028120782369645,0.007864193302378442,0.011186583446369502,0.37906358311497224
750000.0,0.028,0.0,31,3.468387904806539e-05,2.0721678536703604e-05,922031,37148,3191,15.76,0.7593658763764815,1.880759207913525,0.005905622817154357,0.007777045296444745,0.011107054491827268,0.3840550560156607
750000.0,0.028,0.0,32,3.468387904806539e-05,2.0721678536703604e-05,922032,37148,3018,13.56,0.7507458854871678,1.8901459666450697,0.005724811167833059,0.007625497892829825,0.010820728738684308,0.3831141421679263
750000.0,0.028,0.0,33,3.468387904806539e-05,2.0721678536703604e-05,922033,37148,3170,7.3,0.7323096921254789,1.9173484291516563,0.005721011538805929,0.007812284338612375,0.010969172487088048,0.38312138434560494
750000.0,0.028,0.0,34,3.468387904806539e-05,2.0721678536703604e-05,922034,37148,3206,10.76,0.7398950677712292,1.8992066463552384,0.005821741081947081,0.007868333410416957,0.011056689356193233,0.3809143925755789
750000.0,0.028,0.0,35,3.468387904806539e-05,2.0721678536703604e-05,922035,37148,3105,6.23,0.7223448104080514,1.920248002653816,0.005719478310781667,0.0079179336909069,0.010982816802500317,0.37914779755845907
750000.0,0.028,0.0,36,3.468387904806539e-05,2.0721678536703604e-05,922036,37148,3186,16.99,0.7327838427632244,1.891699856427518,0.005800304269803726,0.00791543690146278,0.010972434754423629,0.37499098977385614
750000.0,0.028,0.0,37,3.468387904806539e-05,2.0721678536703604e-05,922037,37148,3052,15.26,0.7546704661198319,1.8941804760946686,0.005777095945262765,0.0076551239310661415,0.010942862348042403,0.3862565639084443
750000.0,0.028,0.0,38,3.468387904806539e-05,2.0721678536703604e-05,922038,37148,3161,6.82,0.7462722051208998,1.8935237262864177,0.0058334257205850245,0.007816753298000668,0.011045730007457188,0.3821060713338914
750000.0,0.028,0.0,39,3.468387904806539e-05,2.0721678536703604e-05,922039,37148,3121,16.0,0.7553643797413296,1.8022535138406812,0.005816420687156767,0.0077001521956179195,0.010482664621403914,0.3552892622751651
750000.0,0.028,0.0,40,3.468387904806539e-05,2.0721678536703604e-05,922040,37148,3194,16.23,0.7365618845408664,1.870194516712816,0.00593028903661169,0.00805131131691442,0.011090794038793312,0.3696754125709415
750000.0,0.028,0.0,41,3.468387904806539e-05,2.0721678536703604e-05,922041,37148,3083,9.24,0.7183046732047084,1.9369440362756543,0.00551350486702476,0.007675719054459605,0.010679350371160403,0.38248940885478033
750000.0,0.028,0.0,42,3.468387904806539e-05,2.0721678536703604e-05,922042,37148,3112,15.39,0.7524859486789648,1.8945231845544752,0.005862566469291131,0.007790931484612073,0.01110676809706372,0.3853523439679649
750000.0,0.028,0.0,43,3.468387904806539e-05,2.0721678536703604e-05,922043,37148,3148,16.91,0.751626591187268,1.8876935612264014,0.005919926466954459,0.007876153579935688,0.011175007074603692,0.3827261157515013
750000.0,0.028,0.0,44,3.468387904806539e-05,2.0721678536703604e-05,922044,37148,3166,13.21,0.7435072239050715,1.887301989877474,0.005983460957963337,0.008047616439470244,0.011292597772318383,0.37874890789840887
750000.0,0.028,0.0,45,3.468387904806539e-05,2.0721678536703604e-05,922045,37148,3078,6.77,0.7088205075533954,1.901449024998689,0.005743087301120886,0.008102315381568245,0.010920187749198661,0.36606389007802886
750000.0,0.028,0.0,46,3.468387904806539e-05,2.0721678536703604e-05,922046,37148,3127,13.96,0.7349704880420527,1.8999969702689776,0.005924948727402069,0.008061478418250534,0.011257384631062966,0.3787887860267616
750000.0,0.028,0.0,47,3.468387904806539e-05,2.0721678536703604e-05,922047,37148,3143,8.03,0.7377767131490789,1.8818907569729353,0.005995878846984311,0.008126955947676751,0.011283588982069315,0.37418693568581873
750000.0,0.028,0.0,48,3.468387904806539e-05,2.0721678536703604e-05,922048,37148,3047,15.53,0.7142010906538128,1.9213158552736307,0.005727617064767032,0.008019613999082116,0.011004561479472713,0.3753848761037659
750000.0,0.028,0.0,49,3.468387904806539e-05,2.0721678536703604e-05,922049,37148,3029,6.44,0.7568079086827167,1.8409813627463858,0.005975012659848278,0.00789501879049897,0.01099988694895439,0.36953754548969786
750000.0,0.028,0.0,50,3.468387904806539e-05,2.0721678536703604e-05,922050,37148,3145,10.54,0.7447139234250022,1.8726686311495786,0.005821648548974814,0.007817295159731352,0.010902018619242596,0.3744762238512066
750000.0,0.028,0.0,51,3.468387904806539e-05,2.0721678536703604e-05,922051,37148,3136,14.88,0.7490169021889396,1.8690992609986967,0.005866902590447051,0.00783280400389032,0.010965823296155922,0.3753452784917748
750000.0,0.028,0.0,52,3.468387904806539e-05,2.0721678536703604e-05,922052,37148,3220,18.4,0.7427331009171979,1.884754542049539,0.005863017453497231,0.007893841605089387,0.011050348775594628,0.37753733669612843
750000.0,0.028,0.0,53,3.468387904806539e-05,2.0721678536703604e-05,922053,37148,3066,6.1,0.7250071420276544,1.9307787506162386,0.005686275519673486,0.007843061385258176,0.010978939943534875,0.38385049128087134
750000.0,0.028,0.0,54,3.468387904806539e-05,2.0721678536703604e-05,922054,37148,3146,5.68,0.7521163185061681,1.869927497168244,0.005798083858310602,0.0077090254733823485,0.01084199643754234,0.3770930746240525
750000.0,0.028,0.0,55,3.468387904806539e-05,2.0721678536703604e-05,922055,37148,3192,9.65,0.7661961863123675,1.8685147575020444,0.00592223616132807,0.007729399163197683,0.011065785664853757,0.3831601416298456
750000.0,0.028,0.0,56,3.468387904806539e-05,2.0721678536703604e-05,922056,37148,3082,16.58,0.7667326248437428,1.8558204100223508,0.005739599184248366,0.007485789698094658,0.010651665311475753,0.37918679870205707
750000.0,0.028,0.0,57,3.468387904806539e-05,2.0721678536703604e-05,922057,37148,3126,12.24,0.7679796105459413,1.8538605044775203,0.005976931870186639,0.007782669992941294,0.011080397932091972,0.37910163752890913
750000.0,0.028,0.0,58,3.468387904806539e-05,2.0721678536703604e-05,922058,37148,3212,17.15,0.7414204807132754,1.8739830917261828,0.005775832070925622,0.007790224604220599,0.010823811641564438,0.37332350541599835
750000.0,0.028,0.0,59,3.468387904806539e-05,2.0721678536703604e-05,922059,37148,3116,6.42,0.7445765243551992,1.827131030874665,0.005956327375036441,0.007999617474099927,0.01088299057697732,0.3588184814448062
750000.0,0.028,0.0,60,3.468387904806539e-05,2.0721678536703604e-05,922060,37148,3051,5.9,0.7544811823156807,1.8768603206664054,0.005922014866277293,0.007849122025947992,0.011114794720912419,0.3805042181159237
750000.0,0.028,0.0,61,3.468387904806539e-05,2.0721678536703604e-05,922061,37148,3132,16.23,0.7249220410165276,1.8970335964005884,0.005644810996141161,0.007786783511542401,0.010708396105011255,0.3728475125514866
750000.0,0.028,0.0,62,3.468387904806539e-05,2.0721678536703604e-05,922062,37148,3227,6.55,0.7577329552760284,1.8807490775528666,0.005944040385826773,0.007844505566821317,0.011179248472580687,0.3832972768041063
750000.0,0.028,0.0,63,3.468387904806539e-05,2.0721678536703604e-05,922063,37148,3126,15.13,0.7326236418810387,1.91664008229538,0.005903411923139651,0.008057905294978497,0.011314715914189909,0.383046055950503
750000.0,0.028,0.0,64,3.468387904806539e-05,2.0721678536703604e-05,922064,37148,3026,14.23,0.7150502103276951,1.9332109706410332,0.0058700664220319295,0.008209306615463801,0.011348076805463684,0.3796581888343834
750000.0,0.028,0.0,65,3.468387904806539e-05,2.0721678536703604e-05,922065,37148,3195,5.66,0.7495017454699968,1.8605153291482976,0.00588865060546009,0.00785675369143729,0.010955924719456901,0.3726953840561458
750000.0,0.028,0.0,66,3.468387904806539e-05,2.0721678536703604e-05,922066,37148,3114,7.13,0.7267516738773112,1.8980047216785356,0.00608556071133782,0.008373645262996906,0.01155042296418057,0.3740832686744594
750000.0,0.028,0.0,67,3.468387904806539e-05,2.0721678536703604e-05,922067,37148,3033,10.24,0.7382220408656858,1.938115817846957,0.005968892862702784,0.008085498037559653,0.011568405672238071,0.39255281589967717
750000.0,0.028,0.0,68,3.468387904806539e-05,2.0721678536703604e-05,922068,37148,3080,15.17,0.7622776543876579,1.8457717945285055,0.006075175029342924,0.007969766651789298,0.011213386715985055,0.37374220488130083
750000.0,0.028,0.0,69,3.468387904806539e-05,2.0721678536703604e-05,922069,37148,3166,19.12,0.7381268291273447,1.8614064902677983,0.0057467951391513145,0.0077856472795407,0.010697121770255691,0.3674727319492527
750000.0,0.028,0.0,70,3.468387904806539e-05,2.0721678536703604e-05,922070,37148,3098,14.54,0.7740044189469986,1.8393600767709128,0.006075636974913866,0.007849615359017617,0.011175284092609766,0.37696204326741567
750000.0,0.028,0.0,71,3.468387904806539e-05,2.0721678536703604e-05,922071,37148,3117,16.65,0.7315609988169178,1.9270756773299214,0.00583051986119,0.00796997088502412,0.011235853010688277,0.38587258425834725
750000.0,0.028,0.0,72,3.468387904806539e-05,2.0721678536703604e-05,922072,37148,3081,14.91,0.7274911370431713,1.9043956814984013,0.005887350809981904,0.008092677024094842,0.011211845457995653,0.3765509930344705
750000.0,0.028,0.0,73,3.468387904806539e-05,2.0721678536703604e-05,922073,37148,3167,7.08,0.761789973401135,1.8289255742143706,0.006013024621365641,0.007893284017009986,0.010997374508396303,0.3677441543998341
750000.0,0.028,0.0,74,3.468387904806539e-05,2.0721678536703604e-05,922074,37148,3267,10.31,0.7130883840042052,1.9238208778659467,0.005672100656220388,0.007954274369706938,0.01091210566379392,0.3756303574323294
750000.0,0.028,0.0,75,3.468387904806539e-05,2.0721678536703604e-05,922075,37148,3050,5.85,0.7468570498893818,1.887018644107115,0.0058192225309288415,0.00779161491719297,0.010980981410070917,0.38025405290100067
750000.0,0.028,0.0,76,3.468387904806539e-05,2.0721678536703604e-05,922076,37148,3116,9.55,0.7232594092335943,1.940365435616877,0.005750955044146593,0.007951441724402345,0.01115895438944858,0.38603581077877125
750000.0,0.028,0.0,77,3.468387904806539e-05,2.0721678536703604e-05,922077,37148,3284,13.09,0.7237044431243284,1.9537362371516598,0.0057589090503114525,0.007957542757993133,0.011251389298054136,0.3904551942453556
750000.0,0.028,0.0,78,3.468387904806539e-05,2.0721678536703604e-05,922078,37148,3177,11.76,0.7492490545376018,1.8694498755227549,0.00586655120123551,0.007829908046872405,0.010967223412897593,0.3755730720320374
750000.0,0.028,0.0,79,3.468387904806539e-05,2.0721678536703604e-05,922079,37148,3024,8.97,0.7250996723663095,1.869851088213755,0.005888412577898547,0.008120831938431506,0.01101045466663516,0.3638207984824602
750000.0,0.028,0.0,80,3.468387904806539e-05,2.0721678536703604e-05,922080,37148,3014,4.54,0.7111580071285037,1.9233582600497308,0.005901613275699742,0.008298596397063896,0.011350916641436247,0.3744906195097004
750000.0,0.028,0.0,81,3.468387904806539e-05,2.0721678536703604e-05,922081,37148,3145,7.25,0.7198102084838836,1.9394437538703333,0.005682485937440207,0.007894422544255202,0.011020861857824416,0.38403599206461825
750000.0,0.028,0.0,82,3.468387904806539e-05,2.0721678536703604e-05,922082,37148,3073,13.35,0.7481698254430245,1.8652025085710067,0.005814780466974833,0.007772006126458848,0.010845743113791148,0.3736350542842428
750000.0,0.028,0.0,83,3.468387904806539e-05,2.0721678536703604e-05,922083,37148,3208,11.88,0.7308843607315335,1.9014729241816237,0.005828529831712422,0.007974626554984314,0.011082791662786046,0.37727078128495506
750000.0,0.028,0.0,84,3.468387904806539e-05,2.0721678536703604e-05,922084,37148,3101,15.06,0.7508284992291874,1.8633775563760364,0.005934233439663734,0.007903580439149438,0.01105771740576557,0.3742915752396584
750000.0,0.028,0.0,85,3.468387904806539e-05,2.0721678536703604e-05,922085,37148,3228,14.78,0.7208487043830386,1.9183415361595386,0.005891612448145347,0.008173160903698748,0.011302124874231805,0.37778189905196635
750000.0,0.028,0.0,86,3.468387904806539e-05,2.0721678536703604e-05,922086,37148,3004,10.58,0.7389825666361239,1.8669491981562756,0.005648082769560017,0.007643052792531087,0.01054468359775035,0.36977077411186177
750000.0,0.028,0.0,87,3.468387904806539e-05,2.0721678536703604e-05,922087,37148,3082,5.93,0.7404192578124952,1.9399286952701036,0.0057136171666504025,0.007716732251847138,0.011084009895372981,0.39415655772266867
750000.0,0.028,0.0,88,3.468387904806539e-05,2.0721678536703604e-05,922088,37148,3086,4.97,0.7479986664114349,1.9189682175825862,0.005874752081041608,0.007853960635018318,0.011273462529696004,0.39110487661193616
750000.0,0.028,0.0,89,3.468387904806539e-05,2.0721678536703604e-05,922089,37148,3199,5.55,0.7583409758996451,1.8936536378577749,0.005750964390284622,0.007583612877389438,0.010890334638852995,0.3877792689629186
750000.0,0.028,0.0,90,3.468387904806539e-05,2.0721678536703604e-05,922090,37148,3292,9.97,0.739256516444976,1.8662110254166544,0.005951785053061982,0.008051041716458082,0.011107286886934319,0.3696558434088969
750000.0,0.028,0.0,91,3.468387904806539e-05,2.0721678536703604e-05,922091,37148,3049,7.73,0.7275216278215126,1.9391414171255217,0.005905338954329834,0.008117063092698362,0.011451287348505701,0.3877368709615865
750000.0,0.028,0.0,92,3.468387904806539e-05,2.0721678536703604e-05,922092,37148,3122,10.39,0.7655365585620402,1.8451265652799043,0.005815743144562565,0.007596950242959885,0.010730782172876875,0.37503654573175604
750000.0,0.028,0.0,93,3.468387904806539e-05,2.0721678536703604e-05,922093,37148,3154,7.05,0.7510286274712297,1.8694090088395963,0.005810112862775592,0.007736206917090076,0.010861477328047509,0.3764052821394236
750000.0,0.028,0.0,94,3.468387904806539e-05,2.0721678536703604e-05,922094,37148,3108,6.29,0.762456110531705,1.8533896210573688,0.005913057248791218,0.007755275572082043,0.010959198933627684,0.3763990915917791
750000.0,0.028,0.0,95,3.468387904806539e-05,2.0721678536703604e-05,922095,37148,3086,16.79,0.7292089733045328,1.9222338521687679,0.0058352355072342045,0.008002144406960402,0.011216687227382779,0.3831788462276967
650000.0,0.022,100000.0,0,4.776448130195679e-05,2.853660703982722e-05,1000000,37148,3024,10.62,0.7841240008229386,1.6709148596072294,0.006407296736808616,0.008171279963480462,0.010706047327446427,0.31914289866275447
650000.0,0.022,100000.0,1,4.776448130195679e-05,2.853660703982722e-05,1000001,37148,3178,14.63,0.7574569795899597,1.7012816054374638,0.006281000354619615,0.008292220579998826,0.010685750367060537,0.31810025342060844
650000.0,0.022,100000.0,2,4.776448130195679e-05,2.853660703982722e-05,1000002,37148,3132,5.68,0.8098424008023594,1.6442042312418135,0.006414138363281081,0.007920230352135441,0.010546153436677193,0.32039824749919
650000.0,0.022,100000.0,3,4.776448130195679e-05,2.853660703982722e-05,1000003,37148,3105,13.78,0.7688580473603127,1.660522329772532,0.006335193375065664,0.008239743860152093,0.010519730062723547,0.3072570708414014
650000.0,0.022,100000.0,4,4.776448130195679e-05,2.853660703982722e-05,1000004,37148,2952,13.52,0.7272702237228332,1.7495613674131472,0.006270792739162451,0.008622369697830892,0.010971136719493492,0.32125709405611524
650000.0,0.022,100000.0,5,4.776448130195679e-05,2.853660703982722e-05,1000005,37148,3153,5.01,0.7593955919946768,1.6631234111785758,0.006289669314511337,0.008282467505494061,0.010460496285535309,0.30346819012040405
650000.0,0.022,100000.0,6,4.776448130195679e-05,2.853660703982722e-05,1000006,37148,3042,5.86,0.7778036144509143,1.6668035578295661,0.006327589308098478,0.008135201727707837,0.010546848371222866,0.31435484199867136
650000.0,0.022,100000.0,7,4.776448130195679e-05,2.853660703982722e-05,1000007,37148,3166,7.17,0.7891955651026652,1.6553494438691263,0.006603231861268158,0.008367041267406455,0.01093065618928914,0.3152161741513808
650000.0,0.022,100000.0,8,4.776448130195679e-05,2.853660703982722e-05,1000008,37148,3157,7.7,0.7783316987947057,1.6686683246276943,0.0063787800411388125,0.008195451953218332,0.010644068204415677,0.3153824405075192
650000.0,0.022,100000.0,9,4.776448130195679e-05,2.853660703982722e-05,1000009,37148,3068,7.19,0.7950840639545296,1.6383735421520875,0.006587857805184754,0.008285737450727613,0.010793371927474822,0.31098477121634127
650000.0,0.022,100000.0,10,4.776448130195679e-05,2.853660703982722e-05,1000010,37148,3121,7.63,0.7849911215059803,1.6615520020750272,0.006444119590773586,0.00820916238951945,0.010707239807660756,0.3157301861396161
650000.0,0.022,100000.0,11,4.776448130195679e-05,2.853660703982722e-05,1000011,37148,3135,19.31,0.7924967034016015,1.650356411183706,0.006459533449566391,0.008150864756711791,0.010660532441747493,0.31474350431772524
650000.0,0.022,100000.0,12,4.776448130195679e-05,2.853660703982722e-05,1000012,37148,3041,9.74,0.7881036421887494,1.670680180774955,0.006638078102408001,0.008422849162291008,0.011090105524129269,0.32097457359940196
650000.0,0.022,100000.0,13,4.776448130195679e-05,2.853660703982722e-05,1000013,37148,3204,21.57,0.7997123554021208,1.6371619840787963,0.006887295448786507,0.008612215882701169,0.011275618281872181,0.3126979406350493
650000.0,0.022,100000.0,14,4.776448130195679e-05,2.853660703982722e-05,1000014,37148,3134,13.78,0.8014109043789122,1.6214193926274743,0.00644303398135392,0.008039613569205458,0.01044686024472505,0.3068420936389896
650000.0,0.022,100000.0,15,4.776448130195679e-05,2.853660703982722e-05,1000015,37148,3256,18.26,0.7997958823305558,1.6171159191966211,0.006671123960786093,0.008341033141289563,0.010787980755921207,0.3042183963001639
650000.0,0.022,100000.0,16,4.776448130195679e-05,2.853660703982722e-05,1000016,37148,3072,13.72,0.7779134080754302,1.6425661304410855,0.006541717196060504,0.008409312820876572,0.01074520310117301,0.30429281437663414
650000.0,0.022,100000.0,17,4.776448130195679e-05,2.853660703982722e-05,1000017,37148,3238,5.8,0.8100556500977096,1.604652158220083,0.0063765242943302014,0.007871711398545346,0.01023210347083975,0.30374845536495576
650000.0,0.022,100000.0,18,4.776448130195679e-05,2.853660703982722e-05,1000018,37148,3028,7.01,0.767442840324608,1.668400428587178,0.006350776791656108,0.008275244041588683,0.010595638721060554,0.3098093839225946
650000.0,0.022,100000.0,19,4.776448130195679e-05,2.853660703982722e-05,1000019,37148,2886,7.45,0.8106994994684529,1.6077358348299644,0.006306582277006666,0.0077791860993397305,0.01013931832204717,0.3053887880352876
650000.0,0.022,100000.0,20,4.776448130195679e-05,2.853660703982722e-05,1000020,37148,3036,5.31,0.7788695715687959,1.6454694693645175,0.006435041903819575,0.00826202760862533,0.01058866498681643,0.30599988144191437
650000.0,0.022,100000.0,21,4.776448130195679e-05,2.853660703982722e-05,1000021,37148,3191,19.64,0.7542517302672207,1.7061913967739195,0.006296612780368062,0.0083481582178635,0.010743226554680697,0.31841840420599676
650000.0,0.022,100000.0,22,4.776448130195679e-05,2.853660703982722e-05,1000022,37148,3118,16.39,0.7863480330229435,1.6856730416714736,0.006398664057932406,0.008137190899218171,0.010786055505168854,0.32617373653488246
650000.0,0.022,100000.0,23,4.776448130195679e-05,2.853660703982722e-05,1000023,37148,3123,16.08,0.7877085289075555,1.6497590044531958,0.0065388006409941805,0.008301040805109228,0.010787445235804478,0.31217071689742293
650000.0,0.022,100000.0,24,4.776448130195679e-05,2.853660703982722e-05,1000024,37148,3047,6.25,0.7963943294442095,1.6409318594479896,0.006244030039346368,0.007840374809931123,0.01024602782291374,0.3126895079388823
650000.0,0.022,100000.0,25,4.776448130195679e-05,2.853660703982722e-05,1000025,37148,3167,14.33,0.7767961418930401,1.6425229447603784,0.006541328891328758,0.008420908058821766,0.010744282793231454,0.3037116930887074
650000.0,0.022,100000.0,26,4.776448130195679e-05,2.853660703982722e-05,1000026,37148,3187,9.59,0.7732913352803312,1.6270431847864057,0.006139030287887846,0.007938832375074192,0.009988467391105246,0.2952941571647715
650000.0,0.022,100000.0,27,4.776448130195679e-05,2.853660703982722e-05,1000027,37148,3056,7.36,0.8035566132381541,1.6306233758808797,0.00667264778335657,0.008303892561430472,0.010880575454560958,0.31177627473236613
650000.0,0.022,100000.0,28,4.776448130195679e-05,2.853660703982722e-05,1000028,37148,3085,13.5,0.7843959614302249,1.6525798558939733,0.006655873955396533,0.008485349597237311,0.010999363222057653,0.31172272217221264
650000.0,0.022,100000.0,29,4.776448130195679e-05,2.853660703982722e-05,1000029,37148,3113,7.93,0.7827836847578183,1.674654961083188,0.006263304542542133,0.008001322286730984,0.01048887402494305,0.3200115286278038
650000.0,0.022,100000.0,30,4.776448130195679e-05,2.853660703982722e-05,1000030,37148,3075,6.38,0.7814777363878459,1.6311784177286508,0.006394035747742351,0.00818198068865906,0.010429813113902798,0.3012330960670915
650000.0,0.022,100000.0,31,4.776448130195679e-05,2.853660703982722e-05,1000031,37148,3051,7.4,0.8114813987053362,1.6406626876268595,0.006617420900167029,0.008154741329529768,0.01085695555922619,0.3196913191219851
650000.0,0.022,100000.0,32,4.776448130195679e-05,2.853660703982722e-05,1000032,37148,3175,13.8,0.7873519785262718,1.6707029000482552,0.006601065430336025,0.008383881174327633,0.011028419157870681,0.32062127898134374
650000.0,0.022,100000.0,33,4.776448130195679e-05,2.853660703982722e-05,1000033,37148,3226,5.52,0.7679006476739998,1.693029073830873,0.006482059265373599,0.00844127334051352,0.010974314794572294,0.3200790716670556
650000.0,0.022,100000.0,34,4.776448130195679e-05,2.853660703982722e-05,1000034,37148,3044,6.79,0.7855322154931251,1.6523509743038869,0.006579619463969776,0.00837600207120641,0.010871840631839278,0.31218539520450916
650000.0,0.022,100000.0,35,4.776448130195679e-05,2.853660703982722e-05,1000035,37148,3141,6.14,0.7900121958503822,1.656892201929639,0.006529155427748772,0.008264626118487552,0.010818106713423517,0.3162490471701652
650000.0,0.022,100000.0,36,4.776448130195679e-05,2.853660703982722e-05,1000036,37148,3155,6.45,0.8003187991750899,1.6372468842794556,0.006496301035370719,0.008117141621647063,0.01063604862950211,0.3130229483680981
650000.0,0.022,100000.0,37,4.776448130195679e-05,2.853660703982722e-05,1000037,37148,3072,8.14,0.7844802663883916,1.6497968108673664,0.006476408134315051,0.008255667365772358,0.01068475748586844,0.31060318778540763
650000.0,0.022,100000.0,38,4.776448130195679e-05,2.853660703982722e-05,1000038,37148,3108,22.65,0.7996251549198374,1.6002776677554829,0.006299812265401834,0.00787845683273107,0.010081448879374632,0.29681391693906967
650000.0,0.022,100000.0,39,4.776448130195679e-05,2.853660703982722e-05,1000039,37148,3149,18.32,0.7758344896729897,1.6673543010878633,0.0063302351839261235,0.008159259826917833,0.010554744860816943,0.3136027823545864
650000.0,0.022,100000.0,40,4.776448130195679e-05,2.853660703982722e-05,1000040,37148,3118,14.68,0.7716931385236809,1.6613030879960586,0.006192597963750613,0.008024689678591176,0.010287782119896999,0.3090207647941453
650000.0,0.022,100000.0,41,4.776448130195679e-05,2.853660703982722e-05,1000041,37148,2949,10.93,0.7817042887704296,1.6566270650573698,0.00643562222437621,0.008232809154084376,0.010661425957386342,0.31207929234371556
650000.0,0.022,100000.0,42,4.776448130195679e-05,2.853660703982722e-05,1000042,37148,3091,6.63,0.8013056288501702,1.637251060135032,0.006719743326324013,0.008385992915046008,0.011001906884859297,0.31349463327314797
650000.0,0.022,100000.0,43,4.776448130195679e-05,2.853660703982722e-05,1000043,37148,3099,19.33,0.8166771009814288,1.6216899428841829,0.006593960789416765,0.008074134540435353,0.010693359895969815,0.3141493659359428
650000.0,0.022,100000.0,44,4.776448130195679e-05,2.853660703982722e-05,1000044,37148,3070,9.01,0.7996401314493766,1.622101260396097,0.00654592704122548,0.008186091197499993,0.010618156504032744,0.30628173388053304
650000.0,0.022,100000.0,45,4.776448130195679e-05,2.853660703982722e-05,1000045,37148,3160,5.76,0.7820540276502993,1.670582213586366,0.006485535176342083,0.008292950291206906,0.0108346197111858,0.3179970381290128
650000.0,0.022,100000.0,46,4.776448130195679e-05,2.853660703982722e-05,1000046,37148,3095,7.68,0.7572301277009302,1.6849363214407036,0.006843079652535332,0.009036988099393243,0.011530153457068612,0.31136789241112706
650000.0,0.022,100000.0,47,4.776448130195679e-05,2.853660703982722e-05,1000047,37148,3116,7.86,0.7980483328759428,1.6353683848345928,0.006364411057090516,0.007974969428424166,0.01040815663085754,0.31114696895499905
650000.0,0.022,100000.0,48,4.776448130195679e-05,2.853660703982722e-05,1000048,37148,3085,9.02,0.8019575541619899,1.6220452377790633,0.006694133259137359,0.008347241352608033,0.010858186974042193,0.30737172569860816
650000.0,0.022,100000.0,49,4.776448130195679e-05,2.853660703982722e-05,1000049,37148,3120,6.17,0.7941214183598687,1.6360607297778609,0.006444015731930239,0.008114647940411085,0.010542801081081802,0.3095447993197149
650000.0,0.022,100000.0,50,4.776448130195679e-05,2.853660703982722e-05,1000050,37148,3112,17.43,0.780250204633219,1.6715977490961818,0.006320794457134515,0.008100984042812013,0.010565825787045678,0.31752714881838795
650000.0,0.022,100000.0,51,4.776448130195679e-05,2.853660703982722e-05,1000051,37148,3069,6.67,0.789270559770388,1.6455573517344022,0.006237448981654597,0.007902802029597018,0.010264080027829981,0.31117786626215893
650000.0,0.022,100000.0,52,4.776448130195679e-05,2.853660703982722e-05,1000052,37148,3165,16.71,0.7719783562276746,1.686495087252647,0.006482143660042076,0.00839679455745044,0.010932103437526854,0.3194842007066415
650000.0,0.022,100000.0,53,4.776448130195679e-05,2.853660703982722e-05,1000053,37148,3132,5.99,0.7669376560954253,1.6783740194850632,0.006292379683844376,0.008204551743983548,0.010560966582100036,0.3136550847344304
650000.0,0.022,100000.0,54,4.776448130195679e-05,2.853660703982722e-05,1000054,37148,3083,7.7,0.7627100062118197,1.6930135283919558,0.006419815661156434,0.008417112151238151,0.010868834764120391,0.31745545247529905
650000.0,0.022,100000.0,55,4.776448130195679e-05,2.853660703982722e-05,1000055,37148,3160,5.61,0.7811483708626125,1.656547944904802,0.006512487376719096,0.008337068372206213,0.010788247580122484,0.3117716460138601
650000.0,0.022,100000.0,56,4.776448130195679e-05,2.853660703982722e-05,1000056,37148,3173,15.11,0.8021104295724967,1.6166736460507227,0.006415635591102174,0.007998444297154366,0.010371988982799936,0.3051438874376129
650000.0,0.022,100000.0,57,4.776448130195679e-05,2.853660703982722e-05,1000057,37148,3049,12.0,0.7702001795522037,1.6828497354632956,0.006336363997277244,0.00822690537538075,0.01066314847661716,0.31712151412909273
650000.0,0.022,100000.0,58,4.776448130195679e-05,2.853660703982722e-05,1000058,37148,3125,24.55,0.7848086432960969,1.6446625467579132,0.006548895036548593,0.008344575575829623,0.010770722389260266,0.30861319816260246
650000.0,0.022,100000.0,59,4.776448130195679e-05,2.853660703982722e-05,1000059,37148,3018,23.58,0.8047714955712338,1.6241716409574796,0.006317079193979932,0.007849531486569382,0.010260020880544738,0.3096207675652818
650000.0,0.022,100000.0,60,4.776448130195679e-05,2.853660703982722e-05,1000060,37148,2990,13.06,0.7955714346822925,1.6315107082332263,0.006439475125246951,0.008094150750672092,0.010506072622241897,0.3083226054829181
650000.0,0.022,100000.0,61,4.776448130195679e-05,2.853660703982722e-05,1000061,37148,3187,18.5,0.8006466714627198,1.6422036918146898,0.006490374745119929,0.008106415696779846,0.010658517367696773,0.3152523030014055
650000.0,0.022,100000.0,62,4.776448130195679e-05,2.853660703982722e-05,1000062,37148,3082,17.19,0.7749732742909704,1.614795401712576,0.006255864120143232,0.008072361109312802,0.010101940614945982,0.29081818159487116
650000.0,0.022,100000.0,63,4.776448130195679e-05,2.853660703982722e-05,1000063,37148,3119,14.85,0.7981533892114776,1.6223411740037457,0.006409975979120205,0.008031007655624735,0.010399167955301682,0.30566639096435266
650000.0,0.022,100000.0,64,4.776448130195679e-05,2.853660703982722e-05,1000064,37148,3175,6.34,0.805228462111674,1.645436937055551,0.006572988479728215,0.00816288642168815,0.010815438031385417,0.3187573698515864
650000.0,0.022,100000.0,65,4.776448130195679e-05,2.853660703982722e-05,1000065,37148,3126,7.23,0.7610080580988594,1.70902400609206,0.006328479067429304,0.008315915974975389,0.010815522648287773,0.32299179990515414
650000.0,0.022,100000.0,66,4.776448130195679e-05,2.853660703982722e-05,1000066,37148,3106,8.06,0.8000681783581526,1.6405585124005795,0.006472318503708633,0.008089708700814349,0.01061821721622698,0.31429038849059376
650000.0,0.022,100000.0,67,4.776448130195679e-05,2.853660703982722e-05,1000067,37148,2948,13.8,0.7975665554952058,1.618867992365416,0.0066974242258112954,0.008397323307586402,0.010842245710458632,0.30389201939792676
650000.0,0.022,100000.0,68,4.776448130195679e-05,2.853660703982722e-05,1000068,37148,3066,17.16,0.7963664809394773,1.6241478378528935,0.0064570071274512334,0.008108085011104275,0.010487134165050644,0.3055732905994928
650000.0,0.022,100000.0,69,4.776448130195679e-05,2.853660703982722e-05,1000069,37148,3143,13.85,0.7921609333202183,1.6182080581536091,0.006321846985481651,0.007980508403746473,0.01023006373432051,0.3009645022422678
650000.0,0.022,100000.0,70,4.776448130195679e-05,2.853660703982722e-05,1000070,37148,3232,6.23,0.7669611907650394,1.6569336480956047,0.006520281800110236,0.008501449458748091,0.01080367430966803,0.30478600019367363
650000.0,0.022,100000.0,71,4.776448130195679e-05,2.853660703982722e-05,1000071,37148,3005,16.97,0.7972888563977576,1.6029449327123813,0.0064283422130898046,0.00806275186402804,0.010304278576213396,0.29684092050027755
650000.0,0.022,100000.0,72,4.776448130195679e-05,2.853660703982722e-05,1000072,37148,3168,11.77,0.7812424333030302,1.6218565792905546,0.006501551431326289,0.008322066434407886,0.010544583964492465,0.2970980213325244
650000.0,0.022,100000.0,73,4.776448130195679e-05,2.853660703982722e-05,1000073,37148,3076,15.34,0.7913104716173412,1.6531719278564585,0.006323445036976391,0.007991104962950949,0.010453741822472615,0.3153384576059135
650000.0,0.022,100000.0,74,4.776448130195679e-05,2.853660703982722e-05,1000074,37148,3169,6.27,0.8092083549885094,1.5761750693944379,0.006747411772559124,0.008338287328552034,0.010635102218846225,0.29075909235841046
650000.0,0.022,100000.0,75,4.776448130195679e-05,2.853660703982722e-05,1000075,37148,3186,14.29,0.7806665282207269,1.6388941087583442,0.006608580853339149,0.008465305754047428,0.010830764227790722,0.304117129209202
650000.0,0.022,100000.0,76,4.776448130195679e-05,2.853660703982722e-05,1000076,37148,3055,8.79,0.7728872421662525,1.6518963180402975,0.006304637474416077,0.00815725390516915,0.010414607430566797,0.30569195833826246
650000.0,0.022,100000.0,77,4.776448130195679e-05,2.853660703982722e-05,1000077,37148,3170,6.31,0.7632900213962331,1.7048212719856533,0.006428910025306769,0.008422630776106325,0.010960142566824805,0.32247501750720187
650000.0,0.022,100000.0,78,4.776448130195679e-05,2.853660703982722e-05,1000078,37148,3192,5.76,0.7792660602347254,1.6476599396430478,0.00645795478923525,0.008287227070161413,0.010640513398248884,0.30712075124949867
650000.0,0.022,100000.0,79,4.776448130195679e-05,2.853660703982722e-05,1000079,37148,3079,21.59,0.7987504887242365,1.6469149043639537,0.006333915434716102,0.007929779729878633,0.01043141973241484,0.31631093703039326
650000.0,0.022,100000.0,80,4.776448130195679e-05,2.853660703982722e-05,1000080,37148,3140,7.19,0.809857835587,1.613275701843137,0.006619289744535307,0.008173397173761397,0.010678739308318277,0.30737671876801786
650000.0,0.022,100000.0,81,4.776448130195679e-05,2.853660703982722e-05,1000081,37148,3176,7.65,0.7791417986195942,1.6854244938919234,0.006352098403929048,0.008152685961891741,0.01070598223759381,0.32258507234919676
650000.0,0.022,100000.0,82,4.776448130195679e-05,2.853660703982722e-05,1000082,37148,3157,9.14,0.770263455874695,1.679791509108263,0.0063540760448453125,0.00824922433536686,0.01067352298835937,0.31591001414721964
650000.0,0.022,100000.0,83,4.776448130195679e-05,2.853660703982722e-05,1000083,37148,3134,8.32,0.7629700160130728,1.6992642793348975,0.00663153296744536,0.00869173470551133,0.011268727088811653,0.32009766710160836
650000.0,0.022,100000.0,84,4.776448130195679e-05,2.853660703982722e-05,1000084,37148,3098,19.19,0.7827951870704702,1.6477643448309787,0.006473409653414578,0.008269608398642105,0.010666653616381205,0.3089201832983851
650000.0,0.022,100000.0,85,4.776448130195679e-05,2.853660703982722e-05,1000085,37148,3080,11.81,0.7692086323972527,1.7091666773251566,0.006581917208618613,0.008556738616031841,0.011249593565883944,0.32714654374000374
650000.0,0.022,100000.0,86,4.776448130195679e-05,2.853660703982722e-05,1000086,37148,3207,6.72,0.7769228124538836,1.6907936954202263,0.006698791577773338,0.008622209916343476,0.01132627456663327,0.3236522122087768
650000.0,0.022,100000.0,87,4.776448130195679e-05,2.853660703982722e-05,1000087,37148,3137,17.25,0.8197956584071426,1.6156688888439454,0.00647781633933502,0.00790174511526613,0.010466006327108566,0.3130349339959849
650000.0,0.022,100000.0,88,4.776448130195679e-05,2.853660703982722e-05,1000088,37148,3049,10.54,0.7823533109169646,1.6346121820734067,0.006416528666623616,0.008201574118863334,0.010488535925086195,0.303139022934375
650000.0,0.022,100000.0,89,4.776448130195679e-05,2.853660703982722e-05,1000089,37148,3139,12.59,0.7518277590501804,1.7156846907298304,0.006319736995372846,0.008405830882537336,0.010842676012400129,0.32094402428563673
650000.0,0.022,100000.0,90,4.776448130195679e-05,2.853660703982722e-05,1000090,37148,3178,14.05,0.7824060332615531,1.6646764395275244,0.006296019014573429,0.008046997015510886,0.010480834516377689,0.3157502865028802
650000.0,0.022,100000.0,91,4.776448130195679e-05,2.853660703982722e-05,1000091,37148,3208,5.72,0.7999796489823402,1.6152658990360926,0.006331478436338722,0.007914549381841201,0.0102270212087003,0.3035104001710397
650000.0,0.022,100000.0,92,4.776448130195679e-05,2.853660703982722e-05,1000092,37148,3131,9.1,0.8050294821035395,1.6374361855774728,0.006649990132663751,0.008260554775319964,0.010888934476956765,0.31533498803131244
650000.0,0.022,100000.0,93,4.776448130195679e-05,2.853660703982722e-05,1000093,37148,3143,15.1,0.7584498129029584,1.6695673163983706,0.006523540679702786,0.008601150094208613,0.010891490306026983,0.30566477364709643
650000.0,0.022,100000.0,94,4.776448130195679e-05,2.853660703982722e-05,1000094,37148,3171,13.17,0.8077239140280404,1.608957365556369,0.006435830535013882,0.00796785934307556,0.010354976942783173,0.3045040101162181
650000.0,0.022,100000.0,95,4.776448130195679e-05,2.853660703982722e-05,1000095,37148,3110,14.34,0.7837642427279333,1.6585552252077864,0.006475010588700284,0.008261426377610267,0.0107391626451646,0.3138926444630319
650000.0,0.025,100000.0,0,4.751720007736667e-05,2.8388870333762196e-05,1001000,37148,3249,11.43,0.7942042360877224,1.617979356375563,0.006398920402546128,0.008057021244393548,0.010353321114410043,0.3018693476618102
650000.0,0.025,100000.0,1,4.751720007736667e-05,2.8388870333762196e-05,1001001,37148,3046,8.82,0.8319138378513453,1.5684905585177533,0.006507304089421365,0.007822089011319169,0.010206645025661376,0.2980360801853198
650000.0,0.025,100000.0,2,4.751720007736667e-05,2.8388870333762196e-05,1001002,37148,3045,12.05,0.8340624700022937,1.5537899065452088,0.006821836373145049,0.008179047275830896,0.010599700500695752,0.29239115539201765
650000.0,0.025,100000.0,3,4.751720007736667e-05,2.8388870333762196e-05,1001003,37148,3129,6.85,0.7892363110956548,1.6432918858782743,0.006597711287465499,0.008359614471242774,0.010841965424059559,0.3102115172994252
650000.0,0.025,100000.0,4,4.751720007736667e-05,2.8388870333762196e-05,1001004,37148,3128,16.27,0.7997268973187605,1.615639768245428,0.0066560617427126,0.008322918442568755,0.010753798051423446,0.3035493081768149
650000.0,0.025,100000.0,5,4.751720007736667e-05,2.8388870333762196e-05,1001005,37148,2997,13.65,0.7563937717037486,1.6825154602910315,0.006375099822766816,0.00842828175119309,0.010726204012703782,0.30994312822936987
650000.0,0.025,100000.0,6,4.751720007736667e-05,2.8388870333762196e-05,1001006,37148,3048,9.92,0.8254521182439117,1.609184229167362,0.006780659929865131,0.008214480016467197,0.010911331022486039,0.3128638515580552
650000.0,0.025,100000.0,7,4.751720007736667e-05,2.8388870333762196e-05,1001007,37148,3079,8.27,0.8490791354774837,1.5617364921269759,0.0066394374873851416,0.007819574418880782,0.010369051811245214,0.302780419585465
650000.0,0.025,100000.0,8,4.751720007736667e-05,2.8388870333762196e-05,1001008,37148,3094,13.98,0.778397409468727,1.6515623903153211,0.006406182393296591,0.008229963660425011,0.010580209906268843,0.308324400773486
650000.0,0.025,100000.0,9,4.751720007736667e-05,2.8388870333762196e-05,1001009,37148,3038,13.74,0.8063752441998553,1.6195505071569107,0.006496412673668959,0.00805631462572388,0.010521268440341146,0.30841383898190056
650000.0,0.025,100000.0,10,4.751720007736667e-05,2.8388870333762196e-05,1001010,37148,3119,6.39,0.83477859242908,1.5635110790419966,0.006736257982176491,0.008069514531481928,0.010532213986418027,0.2971196496410241
650000.0,0.025,100000.0,11,4.751720007736667e-05,2.8388870333762196e-05,1001011,37148,3121,5.98,0.830487069406668,1.5915854810597665,0.0067728168204303696,0.00815523452432454,0.010779516917274348,0.30757326792481443
650000.0,0.025,100000.0,12,4.751720007736667e-05,2.8388870333762196e-05,1001012,37148,3059,11.07,0.7981753972446971,1.6269232391668709,0.0062872711903864675,0.00787705460740852,0.0102289076105841,0.3076325284657564
650000.0,0.025,100000.0,13,4.751720007736667e-05,2.8388870333762196e-05,1001013,37148,3265,17.77,0.8096492449687588,1.6000124405364433,0.006695401429477433,0.008269508643506217,0.01071272558154938,0.3015358248904534
650000.0,0.025,100000.0,14,4.751720007736667e-05,2.8388870333762196e-05,1001014,37148,3170,13.94,0.8276122289420232,1.5812345199687958,0.006900931144277174,0.00833836294697937,0.010911990545258831,0.3017179575051093
650000.0,0.025,100000.0,15,4.751720007736667e-05,2.8388870333762196e-05,1001015,37148,3009,6.58,0.7989280863808731,1.6199656883244755,0.006575651597201023,0.00823059260188058,0.010652329965841692,0.30502320869893884
650000.0,0.025,100000.0,16,4.751720007736667e-05,2.8388870333762196e-05,1001016,37148,3092,17.76,0.7833155330839499,1.6293717177029883,0.00636965168086164,0.00813165501236012,0.010378530300415257,0.3013795656287892
650000.0,0.025,100000.0,17,4.751720007736667e-05,2.8388870333762196e-05,1001017,37148,3208,15.19,0.8059689393322924,1.5976736098808975,0.006674406754236446,0.008281220812015261,0.010663523532854387,0.298748320844732
650000.0,0.025,100000.0,18,4.751720007736667e-05,2.8388870333762196e-05,1001018,37148,3185,8.54,0.8332217171827851,1.5727795338161275,0.006726050835068873,0.008072342206598257,0.010578595096803197,0.3005501720101217
650000.0,0.025,100000.0,19,4.751720007736667e-05,2.8388870333762196e-05,1001019,37148,3176,9.8,0.8059586145551677,1.6103973070354087,0.006544809544654508,0.008120528059951044,0.010539743665771258,0.30428395273821873
650000.0,0.025,100000.0,20,4.751720007736667e-05,2.8388870333762196e-05,1001020,37148,3114,8.66,0.8578140064571491,1.5185454500157733,0.007008922611376543,0.008170678676982717,0.010643367541018522,0.28689856711898154
650000.0,0.025,100000.0,21,4.751720007736667e-05,2.8388870333762196e-05,1001021,37148,3125,5.57,0.8096753017803339,1.6132653024153736,0.006747021029075956,0.008332995972880043,0.010884734920875107,0.3072859784102303
650000.0,0.025,100000.0,22,4.751720007736667e-05,2.8388870333762196e-05,1001022,37148,3219,13.78,0.8163523363123427,1.6211963189127545,0.006756206007608619,0.008276090735684062,0.010953136309351331,0.31379030084475745
650000.0,0.025,100000.0,23,4.751720007736667e-05,2.8388870333762196e-05,1001023,37148,3141,15.88,0.8181475517431873,1.5952481778943124,0.007048117826570675,0.00861472702760473,0.01124349712042129,0.3034709447415893
650000.0,0.025,100000.0,24,4.751720007736667e-05,2.8388870333762196e-05,1001024,37148,3018,6.51,0.8206568215911519,1.5697104091950616,0.006785113523982343,0.008267906078970804,0.01065066332616527,0.29332947902067763
650000.0,0.025,100000.0,25,4.751720007736667e-05,2.8388870333762196e-05,1001025,37148,3034,13.81,0.7757718980712963,1.6559494841959255,0.006699688899941184,0.008636158278738601,0.011094346378130771,0.30884404290324474
650000.0,0.025,100000.0,26,4.751720007736667e-05,2.8388870333762196e-05,1001026,37148,3137,9.76,0.8177366306778163,1.5774546046579454,0.006550227633976431,0.008010192265139195,0.01033268674277384,0.29541946535355634
650000.0,0.025,100000.0,27,4.751720007736667e-05,2.8388870333762196e-05,1001027,37148,3208,6.94,0.8405150616496315,1.5411366454010833,0.006674379467475881,0.007940820780030345,0.010286130782639649,0.2895676442218226
650000.0,0.025,100000.0,28,4.751720007736667e-05,2.8388870333762196e-05,1001028,37148,3103,10.12,0.8204879837940169,1.5785003922899326,0.00661480090576174,0.008062032639618013,0.010441465824664707,0.2971851945006462
650000.0,0.025,100000.0,29,4.751720007736667e-05,2.8388870333762196e-05,1001029,37148,3164,17.64,0.8117839603314368,1.6059650216871046,0.006451829911514667,0.007947717898836656,0.010361413163767163,0.30513591231430104
650000.0,0.025,100000.0,30,4.751720007736667e-05,2.8388870333762196e-05,1001030,37148,3148,14.01,0.7939560027282494,1.6192896012076117,0.0067280694779168915,0.008474108709799295,0.010894692941793148,0.30231268247133947
650000.0,0.025,100000.0,31,4.751720007736667e-05,2.8388870333762196e-05,1001031,37148,3083,17.22,0.790473169485417,1.626973515818591,0.00650406832180315,0.008228069683930164,0.010581946904648394,0.3039022904536669
650000.0,0.025,100000.0,32,4.751720007736667e-05,2.8388870333762196e-05,1001032,37148,3217,15.43,0.8154288757100355,1.5911868393358526,0.006473235950682101,0.007938443368277244,0.010300127852641065,0.3004126004482539
650000.0,0.025,100000.0,33,4.751720007736667e-05,2.8388870333762196e-05,1001033,37148,3071,5.84,0.8103819384301132,1.5914665976995623,0.006437447261635209,0.007943720061315718,0.01024498229134495,0.29813605753617245
650000.0,0.025,100000.0,34,4.751720007736667e-05,2.8388870333762196e-05,1001034,37148,3112,14.52,0.8014209688876386,1.6338356794181013,0.00653832357785436,0.008158413407786752,0.010682546345079069,0.3121145225636589
650000.0,0.025,100000.0,35,4.751720007736667e-05,2.8388870333762196e-05,1001035,37148,3103,11.93,0.7850174777160771,1.6222181642957014,0.006414425423841046,0.008171060652691605,0.010405597436075099,0.29915191481623526
650000.0,0.025,100000.0,36,4.751720007736667e-05,2.8388870333762196e-05,1001036,37148,3198,6.28,0.8101165550112752,1.5628088413378793,0.006645622839053799,0.008203292227451524,0.010385838129070216,0.2851364096970256
650000.0,0.025,100000.0,37,4.751720007736667e-05,2.8388870333762196e-05,1001037,37148,3173,16.78,0.792714650366793,1.6173285791607743,0.0065763369697409806,0.008295970014806812,0.010636097727353652,0.30085697942114786
650000.0,0.025,100000.0,38,4.751720007736667e-05,2.8388870333762196e-05,1001038,37148,3021,11.13,0.8120897381622187,1.6441341840072863,0.006493630581609155,0.007996198297375877,0.010676400017538728,0.3214084871688131
650000.0,0.025,100000.0,39,4.751720007736667e-05,2.8388870333762196e-05,1001039,37148,2946,12.89,0.8378555697832376,1.6030408767980975,0.006619584988372701,0.007900627777750836,0.010611465323800499,0.31582433136938715
650000.0,0.025,100000.0,40,4.751720007736667e-05,2.8388870333762196e-05,1001040,37148,3095,16.54,0.8111486128563371,1.579181052995553,0.006646998644460293,0.008194550960339922,0.010496814318618819,0.2930450537514566
650000.0,0.025,100000.0,41,4.751720007736667e-05,2.8388870333762196e-05,1001041,37148,3158,10.61,0.8013605553190957,1.60685005402185,0.006595457464100597,0.008230324565294253,0.010597911182488859,0.30053282320898356
650000.0,0.025,100000.0,42,4.751720007736667e-05,2.8388870333762196e-05,1001042,37148,3005,16.02,0.8077133514771494,1.6070999126804224,0.006775867679903245,0.008388950940963785,0.010889496356706602,0.30369513317632213
650000.0,0.025,100000.0,43,4.751720007736667e-05,2.8388870333762196e-05,1001043,37148,3063,15.7,0.8265523828376272,1.581120516255087,0.006931452734729178,0.008385981189640866,0.010959462126332732,0.30117766055478945
650000.0,0.025,100000.0,44,4.751720007736667e-05,2.8388870333762196e-05,1001044,37148,3053,14.3,0.8246740293379722,1.5699812340521786,0.006538568882793571,0.00792867078407037,0.010265430443543425,0.29534179075932965
650000.0,0.025,100000.0,45,4.751720007736667e-05,2.8388870333762196e-05,1001045,37148,3047,6.3,0.8219602761170336,1.5605207693677334,0.00665252616905367,0.008093488654318448,0.010381405255570613,0.28978715018087375
650000.0,0.025,100000.0,46,4.751720007736667e-05,2.8388870333762196e-05,1001046,37148,3054,5.51,0.8288972567150718,1.5404675725892558,0.006819032021812799,0.008226631185675161,0.010504497706050367,0.2838466136832998
650000.0,0.025,100000.0,47,4.751720007736667e-05,2.8388870333762196e-05,1001047,37148,3117,9.92,0.795449017197049,1.5835342188046282,0.00661593975113292,0.00831723920465165,0.010476566985468755,0.2873057091842566
650000.0,0.025,100000.0,48,4.751720007736667e-05,2.8388870333762196e-05,1001048,37148,3118,5.84,0.8170257108314026,1.5618971619044784,0.006621543139260855,0.008104448919389324,0.0103421694366396,0.28806078120902545
650000.0,0.025,100000.0,49,4.751720007736667e-05,2.8388870333762196e-05,1001049,37148,3027,5.79,0.832501868841006,1.568987849410499,0.00657817181232939,0.007901690144536734,0.010321071644879455,0.29852914236624106
650000.0,0.025,100000.0,50,4.751720007736667e-05,2.8388870333762196e-05,1001050,37148,3092,16.65,0.8121096247272478,1.607939529998755,0.006684204334337858,0.008230667548833436,0.010747796375770856,0.30614279608076567
650000.0,0.025,100000.0,51,4.751720007736667e-05,2.8388870333762196e-05,1001051,37148,3068,16.97,0.7911727428705627,1.6191992340395969,0.006369722121812885,0.008050987826883443,0.010313849180684499,0.30090552537344417
650000.0,0.025,100000.0,52,4.751720007736667e-05,2.8388870333762196e-05,1001052,37148,3156,15.25,0.806483550220437,1.6015156183260326,0.006783430003884641,0.008411120105339431,0.010863769097042673,0.30067778625006303
650000.0,0.025,100000.0,53,4.751720007736667e-05,2.8388870333762196e-05,1001053,37148,3037,13.39,0.8017211034078523,1.63906989201567,0.006383266755888451,0.007961954261594571,0.0104626203522813,0.31445371549034806
650000.0,0.025,100000.0,54,4.751720007736667e-05,2.8388870333762196e-05,1001054,37148,3107,5.81,0.813263820185834,1.6238928188296933,0.006657875074904387,0.00818661166235458,0.01081167552280244,0.3134973989021822
650000.0,0.025,100000.0,55,4.751720007736667e-05,2.8388870333762196e-05,1001055,37148,3160,16.3,0.8135066952046257,1.6005127207962722,0.006517763843782827,0.008011936327264496,0.01043176394312042,0.30358373472257183
650000.0,0.025,100000.0,56,4.751720007736667e-05,2.8388870333762196e-05,1001056,37148,3031,14.61,0.8079107783175318,1.5825736651689357,0.006606780238420691,0.008177611211202383,0.010455716416883127,0.29299959657712604
650000.0,0.025,100000.0,57,4.751720007736667e-05,2.8388870333762196e-05,1001057,37148,3044,5.55,0.8265101214742194,1.5897009413862242,0.006769037504314786,0.008189902734936957,0.010760745292887874,0.30493010325508807
650000.0,0.025,100000.0,58,4.751720007736667e-05,2.8388870333762196e-05,1001058,37148,3135,13.76,0.8146766926576207,1.5987715736847794,0.0065907294025845395,0.008089993812250115,0.01053707081870063,0.3033774059494746
650000.0,0.025,100000.0,59,4.751720007736667e-05,2.8388870333762196e-05,1001059,37148,3148,6.52,0.8224622401586796,1.6102127787985228,0.006609390951914393,0.008036102606533313,0.010642525770847889,0.3119352551362954
650000.0,0.025,100000.0,60,4.751720007736667e-05,2.8388870333762196e-05,1001060,37148,3191,6.1,0.8102106579869833,1.6330235686846555,0.006818276022123547,0.008415436102832762,0.011134405441925212,0.3159171271240191
650000.0,0.025,100000.0,61,4.751720007736667e-05,2.8388870333762196e-05,1001061,37148,3035,5.73,0.7984261110613391,1.6519710752333554,0.00658504254404593,0.008247529048483278,0.010878299811944945,0.3182495496105804
650000.0,0.025,100000.0,62,4.751720007736667e-05,2.8388870333762196e-05,1001062,37148,3119,13.04,0.8156942292846877,1.5992115138408016,0.006628972404571936,0.008126785953095593,0.010601128994324385,0.3040477874777563
650000.0,0.025,100000.0,63,4.751720007736667e-05,2.8388870333762196e-05,1001063,37148,3087,7.28,0.8171872828317088,1.608444783297588,0.006477798833492284,0.007926945229795406,0.010419181740981866,0.308739187904297
650000.0,0.025,100000.0,64,4.751720007736667e-05,2.8388870333762196e-05,1001064,37148,3089,5.9,0.7906819326398337,1.6510676134888078,0.006660933364662985,0.00842428932506939,0.010997651354002089,0.3141616239615197
650000.0,0.025,100000.0,65,4.751720007736667e-05,2.8388870333762196e-05,1001065,37148,3230,7.84,0.7855250071800398,1.647955539577346,0.006731557723412772,0.008569501495029962,0.011093307840282746,0.31034730854215886
650000.0,0.025,100000.0,66,4.751720007736667e-05,2.8388870333762196e-05,1001066,37148,3050,7.74,0.8238166414575808,1.6329956304407358,0.006617269950101592,0.008032454817122461,0.010805972913962686,0.32214688654758916
650000.0,0.025,100000.0,67,4.751720007736667e-05,2.8388870333762196e-05,1001067,37148,3079,11.85,0.8377328669944144,1.5666130650396854,0.0065756346258659835,0.007849321525915285,0.010301475115808994,0.29985968079249936
650000.0,0.025,100000.0,68,4.751720007736667e-05,2.8388870333762196e-05,1001068,37148,3040,6.57,0.8123883359513251,1.5734870944273969,0.00680606154856674,0.008377842526009052,0.010709250010548309,0.29108462032261484
650000.0,0.025,100000.0,69,4.751720007736667e-05,2.8388870333762196e-05,1001069,37148,3089,12.12,0.8170021133872132,1.5896115212906967,0.006776304279236579,0.008294108629832871,0.010771691354045916,0.30046209022648485
650000.0,0.025,100000.0,70,4.751720007736667e-05,2.8388870333762196e-05,1001070,37148,3221,14.35,0.79104701605692,1.6182331817556788,0.006409203392174937,0.008102177572355271,0.010371585597838538,0.3004261099886978
650000.0,0.025,100000.0,71,4.751720007736667e-05,2.8388870333762196e-05,1001071,37148,3119,5.94,0.8167171781003096,1.5921282279719837,0.006503111879387027,0.00796250165144477,0.010353787992832025,0.3014337583092097
650000.0,0.025,100000.0,72,4.751720007736667e-05,2.8388870333762196e-05,1001072,37148,3063,5.4,0.8225690002397644,1.5873313277885535,0.0066159506891208366,0.008043034307386253,0.010501705791945773,0.3020664791547618
650000.0,0.025,100000.0,73,4.751720007736667e-05,2.8388870333762196e-05,1001073,37148,3127,11.93,0.8024835347477284,1.6013724681439652,0.006681894652775146,0.008326519315908072,0.0107002021319925,0.29868549287449386
650000.0,0.025,100000.0,74,4.751720007736667e-05,2.8388870333762196e-05,1001074,37148,3281,10.2,0.7791867879502341,1.6154463173764426,0.006543730416891137,0.008398153713701161,0.010571045203871001,0.29326363465361294
650000.0,0.025,100000.0,75,4.751720007736667e-05,2.8388870333762196e-05,1001075,37148,3018,12.85,0.798153502665199,1.6071330127066936,0.006183392574294385,0.007747122018066403,0.009937534336673933,0.2990960272232229
650000.0,0.025,100000.0,76,4.751720007736667e-05,2.8388870333762196e-05,1001076,37148,3034,5.69,0.8089844630296753,1.6050218878318083,0.006542580710920404,0.008087399709035461,0.010500985243933442,0.3033996296486656
650000.0,0.025,100000.0,77,4.751720007736667e-05,2.8388870333762196e-05,1001077,37148,3214,5.51,0.8326107491560494,1.5612460737407723,0.006745516911168601,0.008101645238193225,0.01053141179291396,0.2951010538135205
650000.0,0.025,100000.0,78,4.751720007736667e-05,2.8388870333762196e-05,1001078,37148,3122,18.37,0.8195879417639348,1.5869336172494906,0.006618749726455161,0.008075704130309854,0.010503516445072565,0.30049836482816594
650000.0,0.025,100000.0,79,4.751720007736667e-05,2.8388870333762196e-05,1001079,37148,3103,12.87,0.7954682600612385,1.601077829965057,0.00689212461363051,0.00866423584656907,0.011034827920240292,0.2951244653454992
650000.0,0.025,100000.0,80,4.751720007736667e-05,2.8388870333762196e-05,1001080,37148,3161,18.28,0.8338950916187855,1.5668987221443837,0.006463753096375636,0.00775127850174532,0.010128046466967787,0.29823428217461756
650000.0,0.025,100000.0,81,4.751720007736667e-05,2.8388870333762196e-05,1001081,37148,3037,5.45,0.8260839687410071,1.577304245668687,0.006810304091028327,0.008244082137809269,0.010741921557073809,0.2992694021804727
650000.0,0.025,100000.0,82,4.751720007736667e-05,2.8388870333762196e-05,1001082,37148,3102,11.94,0.8603585094960687,1.5313106784679984,0.006738963937944903,0.007832739333155507,0.010319447439985783,0.29396882169107275
650000.0,0.025,100000.0,83,4.751720007736667e-05,2.8388870333762196e-05,1001083,37148,3102,5.0,0.8181416148589068,1.5621350995713543,0.0065824044747025585,0.00804555636231477,0.01028260506950841,0.2887035562420631
650000.0,0.025,100000.0,84,4.751720007736667e-05,2.8388870333762196e-05,1001084,37148,3032,5.81,0.7912420660961802,1.613364422464356,0.006562060755681732,0.008293366893468572,0.010586995361266473,0.29841153499035733
650000.0,0.025,100000.0,85,4.751720007736667e-05,2.8388870333762196e-05,1001085,37148,3034,7.31,0.7852408521576978,1.645459561560229,0.006419939943492468,0.008175758973634204,0.010563751564662117,0.3091611996086583
650000.0,0.025,100000.0,86,4.751720007736667e-05,2.8388870333762196e-05,1001086,37148,3255,6.98,0.7926877047522921,1.625267803856214,0.0067049641876779295,0.008458519221984364,0.010897362420241873,0.3042590112678967
650000.0,0.025,100000.0,87,4.751720007736667e-05,2.8388870333762196e-05,1001087,37148,3029,6.74,0.8193623503587097,1.6094133548259886,0.006405462782726424,0.007817619127754855,0.010309037346360747,0.31016440077684604
650000.0,0.025,100000.0,88,4.751720007736667e-05,2.8388870333762196e-05,1001088,37148,3124,14.05,0.8138454706577183,1.5829292140945013,0.006439874849659856,0.007912896344382674,0.01019386603463902,0.29600942639076067
650000.0,0.025,100000.0,89,4.751720007736667e-05,2.8388870333762196e-05,1001089,37148,3078,4.68,0.8062821365340499,1.5963031738959372,0.0066378234388544234,0.008232631157361755,0.01059597862320416,0.2982972538444286
650000.0,0.025,100000.0,90,4.751720007736667e-05,2.8388870333762196e-05,1001090,37148,3120,5.97,0.8229758697909808,1.5857949690169844,0.006925307138422561,0.008414957707303676,0.010982117219007905,0.3015798074357088
650000.0,0.025,100000.0,91,4.751720007736667e-05,2.8388870333762196e-05,1001091,37148,3223,16.77,0.7830998679315142,1.6304998714294332,0.006883509254095651,0.008790078425473118,0.011223560953786273,0.30175513172219737
650000.0,0.025,100000.0,92,4.751720007736667e-05,2.8388870333762196e-05,1001092,37148,3072,6.75,0.8042441031349256,1.611872814557047,0.006675944032539246,0.008300892734577183,0.010760772697554356,0.3041003100771622
650000.0,0.025,100000.0,93,4.751720007736667e-05,2.8388870333762196e-05,1001093,37148,3078,15.26,0.8162045475214653,1.595472435584392,0.006803434509135961,0.0083354528344588,0.010854692226630054,0.30265699719913763
650000.0,0.025,100000.0,94,4.751720007736667e-05,2.8388870333762196e-05,1001094,37148,2966,13.31,0.8270455357170705,1.562176548581339,0.006324235661357122,0.007646780483342844,0.00987957263787389,0.29293418567816887
650000.0,0.025,100000.0,95,4.751720007736667e-05,2.8388870333762196e-05,1001095,37148,3120,11.32,0.8284324728915827,1.5849118973809262,0.0064321429851510615,0.00776423329073538,0.010194379942821184,0.3037155591849685
650000.0,0.028,100000.0,0,4.729619868803571e-05,2.825683435994466e-05,1002000,37148,3060,13.12,0.8658348447541769,1.5529275921009047,0.0069551814341549415,0.008032919298979724,0.01080089315716715,0.30616382760952465
650000.0,0.028,100000.0,1,4.729619868803571e-05,2.825683435994466e-05,1002001,37148,3031,14.49,0.8320292268295649,1.551935405601165,0.006728972197792063,0.008087422870267084,0.010442930197059387,0.29060164204529115
650000.0,0.028,100000.0,2,4.729619868803571e-05,2.825683435994466e-05,1002002,37148,3121,11.96,0.8282644344432506,1.565510798279956,0.006656681608620289,0.008036903833852084,0.010421106939006651,0.29500841280720136
650000.0,0.028,100000.0,3,4.729619868803571e-05,2.825683435994466e-05,1002003,37148,3086,12.33,0.8483238683635108,1.5187504959773097,0.007073441349696128,0.008338137842733814,0.010742792558117406,0.28270144336051917
650000.0,0.028,100000.0,4,4.729619868803571e-05,2.825683435994466e-05,1002004,37148,3043,5.1,0.8476886326500659,1.5377936078357897,0.006705613231674762,0.00791046732656011,0.01031184916428854,0.29129682148316716
650000.0,0.028,100000.0,5,4.729619868803571e-05,2.825683435994466e-05,1002005,37148,3138,7.78,0.8249512152325826,1.5816528264219487,0.006539978814594242,0.007927715838021274,0.010343975976842648,0.3006705214220937
650000.0,0.028,100000.0,6,4.729619868803571e-05,2.825683435994466e-05,1002006,37148,3095,13.92,0.8305169352375482,1.579440866014507,0.006743516926747578,0.00811966215332956,0.01065098621476568,0.3022627773439417
650000.0,0.028,100000.0,7,4.729619868803571e-05,2.825683435994466e-05,1002007,37148,3121,7.21,0.8237373981484188,1.5719073980583353,0.006855317734685761,0.008322212576599063,0.010775924663193055,0.29576668426765385
650000.0,0.028,100000.0,8,4.729619868803571e-05,2.825683435994466e-05,1002008,37148,3168,5.39,0.839290836350415,1.5570955849546269,0.006627811097356712,0.007896918219883331,0.010320135397607417,0.2962917269182629
650000.0,0.028,100000.0,9,4.729619868803571e-05,2.825683435994466e-05,1002009,37148,3063,6.19,0.837862362382545,1.552680975281056,0.0068896740026017245,0.008222918598479888,0.010697465749728182,0.29363678488684963
650000.0,0.028,100000.0,10,4.729619868803571e-05,2.825683435994466e-05,1002010,37148,3111,7.32,0.8143861557243264,1.5545907876403946,0.006663129034092774,0.008181780826279511,0.010358439013259868,0.28343885399290025
650000.0,0.028,100000.0,11,4.729619868803571e-05,2.825683435994466e-05,1002011,37148,2983,6.56,0.8431287353630169,1.5402774261386682,0.006707986603930728,0.007956064504245063,0.010332160340875089,0.2903685858337245
650000.0,0.028,100000.0,12,4.729619868803571e-05,2.825683435994466e-05,1002012,37148,3137,9.76,0.856654054194358,1.5209487512879607,0.006896074302238603,0.008050010699738099,0.010488575598778799,0.28750644636070044
650000.0,0.028,100000.0,13,4.729619868803571e-05,2.825683435994466e-05,1002013,37148,3179,6.58,0.8552183161312946,1.568834995529094,0.006689103028338618,0.007821515164218834,0.010494098919557264,0.3086296258597855
650000.0,0.028,100000.0,14,4.729619868803571e-05,2.825683435994466e-05,1002014,37148,3234,17.36,0.8709629237883653,1.512263617730276,0.007122498483382413,0.008177728682642642,0.01077109532375829,0.28975527993533523
650000.0,0.028,100000.0,15,4.729619868803571e-05,2.825683435994466e-05,1002015,37148,3231,12.77,0.8246522704789077,1.5903726344105091,0.006769643530212811,0.00820908857291015,0.010766255815164607,0.30436670090892004
650000.0,0.028,100000.0,16,4.729619868803571e-05,2.825683435994466e-05,1002016,37148,3098,6.67,0.8125840575873738,1.5653150010812322,0.006868458501735175,0.008452612917521628,0.010751301127069995,0.28747826713359914
650000.0,0.028,100000.0,17,4.729619868803571e-05,2.825683435994466e-05,1002017,37148,2967,9.02,0.8438910407497464,1.5454448643924028,0.006743522233162344,0.007990986878082187,0.010421741803156732,0.2930879794593708
650000.0,0.028,100000.0,18,4.729619868803571e-05,2.825683435994466e-05,1002018,37148,3126,5.6,0.8317176604324101,1.5614952780069973,0.006714899816250257,0.008073532805302198,0.01048528435536483,0.2948005928906494
650000.0,0.028,100000.0,19,4.729619868803571e-05,2.825683435994466e-05,1002019,37148,3072,13.02,0.8451675768257749,1.5285630147098586,0.006695946555484265,0.007922625925419978,0.010235176253187121,0.28586610922541855
650000.0,0.028,100000.0,20,4.729619868803571e-05,2.825683435994466e-05,1002020,37148,3172,5.67,0.8198418837986089,1.6186623816137684,0.006554669913421355,0.007995041535388896,0.010609797612750724,0.3143266262061122
650000.0,0.028,100000.0,21,4.729619868803571e-05,2.825683435994466e-05,1002021,37148,3151,5.96,0.8346074722825317,1.5589625199350763,0.007055883746702641,0.008454134405729452,0.010999858306128497,0.29499009347280447
650000.0,0.028,100000.0,22,4.729619868803571e-05,2.825683435994466e-05,1002022,37148,3112,6.9,0.8549320261962362,1.5054131387049758,0.006820132684409074,0.007977397588850672,0.010267117350820656,0.279372692079098
650000.0,0.028,100000.0,23,4.729619868803571e-05,2.825683435994466e-05,1002023,37148,3067,6.89,0.8640268895784448,1.524609047146529,0.007130142487050747,0.00825222290307367,0.010870679743201422,0.2924837382066827
650000.0,0.028,100000.0,24,4.729619868803571e-05,2.825683435994466e-05,1002024,37148,2999,6.33,0.8399802780342098,1.5756531410307635,0.006832418308197811,0.008134022294175277,0.010765521368147976,0.30489011676413547
650000.0,0.028,100000.0,25,4.729619868803571e-05,2.825683435994466e-05,1002025,37148,3158,7.11,0.8387014177189429,1.5591509495008986,0.006873883683016273,0.008195865105023322,0.010717422271133556,0.2969508708904448
650000.0,0.028,100000.0,26,4.729619868803571e-05,2.825683435994466e-05,1002026,37148,3152,6.29,0.8210833282607802,1.5590124707372808,0.006750828601736377,0.00822185565018838,0.010524625977916932,0.2886833088728822
650000.0,0.028,100000.0,27,4.729619868803571e-05,2.825683435994466e-05,1002027,37148,3033,12.53,0.8740457520846472,1.4928723045993542,0.007017026166747226,0.00802821379774598,0.010475524024985904,0.28188604557596575
650000.0,0.028,100000.0,28,4.729619868803571e-05,2.825683435994466e-05,1002028,37148,3105,18.25,0.8559523730493123,1.5527759850598108,0.00680560030283142,0.007950910023868048,0.010567572714152405,0.3018022810982358
650000.0,0.028,100000.0,29,4.729619868803571e-05,2.825683435994466e-05,1002029,37148,3002,13.03,0.8248711222303506,1.5772186031626154,0.006605835319423006,0.00800832413863833,0.010418846355222623,0.2986670999934775
650000.0,0.028,100000.0,30,4.729619868803571e-05,2.825683435994466e-05,1002030,37148,3124,17.08,0.8165838229820013,1.5599320802780272,0.006410466651510328,0.00785034735087034,0.009999892579243426,0.28695164026153885
650000.0,0.028,100000.0,31,4.729619868803571e-05,2.825683435994466e-05,1002031,37148,3005,4.85,0.8557075792147457,1.5737809136620415,0.006778812310444446,0.007921879477408784,0.010668365431474754,0.31101479967671763
650000.0,0.028,100000.0,32,4.729619868803571e-05,2.825683435994466e-05,1002032,37148,3137,6.22,0.844157074145749,1.5436710496461254,0.006776756628027269,0.008027838462273219,0.010461083017183192,0.2923966349381456
650000.0,0.028,100000.0,33,4.729619868803571e-05,2.825683435994466e-05,1002033,37148,2959,12.71,0.8348114908218721,1.5576731540901543,0.006590480428317702,0.007894573206975591,0.010265814435747065,0.2945005130399483
650000.0,0.028,100000.0,34,4.729619868803571e-05,2.825683435994466e-05,1002034,37148,3058,13.19,0.8581914629613563,1.5331861114174012,0.006977980146799554,0.008131029552217495,0.010698542246819435,0.29387530794165906
650000.0,0.028,100000.0,35,4.729619868803571e-05,2.825683435994466e-05,1002035,37148,3066,12.51,0.8194925405346516,1.5685487395339288,0.006573911452887172,0.00802192958168751,0.010311500523233832,0.29225426494973306
650000.0,0.028,100000.0,36,4.729619868803571e-05,2.825683435994466e-05,1002036,37148,3133,13.91,0.8657606902791507,1.5190609971643796,0.006909003848061367,0.007980269750794147,0.010495198274848636,0.2906625864069132
650000.0,0.028,100000.0,37,4.729619868803571e-05,2.825683435994466e-05,1002037,37148,3067,10.45,0.8174359719037155,1.575836846736791,0.006748516093834779,0.00825571216069468,0.010634560321461083,0.2945534276461734
650000.0,0.028,100000.0,38,4.729619868803571e-05,2.825683435994466e-05,1002038,37148,3091,5.21,0.8208229127747066,1.5801780790010167,0.006645941782743051,0.008096681609772727,0.010501771519407507,0.29808873839660854
650000.0,0.028,100000.0,39,4.729619868803571e-05,2.825683435994466e-05,1002039,37148,3214,19.08,0.808239750696065,1.595371504974831,0.007073737743713446,0.008752029008250912,0.011285239629985386,0.2988289451154148
650000.0,0.028,100000.0,40,4.729619868803571e-05,2.825683435994466e-05,1002040,37148,3131,15.19,0.8594059459780939,1.5492790410331456,0.0065126858444296215,0.007578125186250025,0.010089967679608066,0.30174151800519
650000.0,0.028,100000.0,41,4.729619868803571e-05,2.825683435994466e-05,1002041,37148,3083,8.15,0.8500226422232514,1.5294224395346805,0.007231391766965808,0.008507293109336424,0.01105985283746385,0.28847674975432624
650000.0,0.028,100000.0,42,4.729619868803571e-05,2.825683435994466e-05,1002042,37148,3178,16.05,0.8375871681419957,1.5538332165544202,0.006855174078333269,0.008184430634891382,0.010651797188177067,0.2940344034188982
650000.0,0.028,100000.0,43,4.729619868803571e-05,2.825683435994466e-05,1002043,37148,3123,5.09,0.8528684968576047,1.5319992182026163,0.007178660058509477,0.008417077292641552,0.010997701597378865,0.2909546957126008
650000.0,0.028,100000.0,44,4.729619868803571e-05,2.825683435994466e-05,1002044,37148,3049,16.61,0.844330559791343,1.540502036509585,0.006801868420887253,0.008055930632865142,0.010478292154447047,0.2910200042739475
650000.0,0.028,100000.0,45,4.729619868803571e-05,2.825683435994466e-05,1002045,37148,3196,7.28,0.8335676975872471,1.5355302800246418,0.006710643275470262,0.008050507829051135,0.01030439594792833,0.28374495802012134
650000.0,0.028,100000.0,46,4.729619868803571e-05,2.825683435994466e-05,1002046,37148,3079,5.3,0.8651523059140177,1.5255972630613077,0.006690906995996516,0.00773379086001244,0.010207629400490041,0.29343546429514467
650000.0,0.028,100000.0,47,4.729619868803571e-05,2.825683435994466e-05,1002047,37148,3009,7.3,0.8446188932374222,1.542619095892963,0.00696867759127974,0.00825067689945795,0.010750015125429504,0.2921240429357248
650000.0,0.028,100000.0,48,4.729619868803571e-05,2.825683435994466e-05,1002048,37148,3178,6.32,0.8578709600064129,1.5323773961853433,0.006898582049266367,0.00804151483250441,0.010571231198025745,0.2933606028519672
650000.0,0.028,100000.0,49,4.729619868803571e-05,2.825683435994466e-05,1002049,37148,2989,5.62,0.8026245628865183,1.5696812450478428,0.006614513871608632,0.008241105714258894,0.010382678369372865,0.2845959849007229
650000.0,0.028,100000.0,50,4.729619868803571e-05,2.825683435994466e-05,1002050,37148,3115,11.34,0.8030477240558624,1.578650499265541,0.006746479853610313,0.008401094544588993,0.010650333789186835,0.2888685604587121
650000.0,0.028,100000.0,51,4.729619868803571e-05,2.825683435994466e-05,1002051,37148,3216,16.68,0.8284952892340078,1.5887702698136328,0.006781812170971056,0.008185697926226275,0.010774741552699063,0.30543530793794393
650000.0,0.028,100000.0,52,4.729619868803571e-05,2.825683435994466e-05,1002052,37148,3087,6.01,0.8230272556837072,1.580028326138442,0.0066020196793637395,0.008021629458527827,0.010431378103118142,0.29905478483613435
650000.0,0.028,100000.0,53,4.729619868803571e-05,2.825683435994466e-05,1002053,37148,2946,5.46,0.8195968837358918,1.5515275340370005,0.006775783266545492,0.008267214530709381,0.0105128143027125,0.2845399260322946
650000.0,0.028,100000.0,54,4.729619868803571e-05,2.825683435994466e-05,1002054,37148,3128,15.56,0.833941765041544,1.5756810118809825,0.006795089595428194,0.008148158396995127,0.010706893649546233,0.30216697384228586
650000.0,0.028,100000.0,55,4.729619868803571e-05,2.825683435994466e-05,1002055,37148,3126,6.58,0.8274557572243832,1.5649420333183222,0.006688402774748116,0.008083094130837505,0.010466962637966225,0.2943751966780792
650000.0,0.028,100000.0,56,4.729619868803571e-05,2.825683435994466e-05,1002056,37148,3266,6.19,0.8593756517093077,1.5499456947072126,0.007300072539790851,0.008494623422563725,0.011314716004099177,0.3020286166867838
650000.0,0.028,100000.0,57,4.729619868803571e-05,2.825683435994466e-05,1002057,37148,3160,14.31,0.8260517994904537,1.5901198998870218,0.006773778390545137,0.008200185986791036,0.010771119816230506,0.3049021534988129
650000.0,0.028,100000.0,58,4.729619868803571e-05,2.825683435994466e-05,1002058,37148,3088,6.92,0.861200144668632,1.5277566695604152,0.0068905652127717164,0.008001119432490378,0.010527106960852971,0.29269814106384473
650000.0,0.028,100000.0,59,4.729619868803571e-05,2.825683435994466e-05,1002059,37148,3146,9.59,0.8182022672806621,1.5995142757021232,0.006391144200066578,0.007811203238666007,0.010222726386077319,0.3053542224276271
650000.0,0.028,100000.0,60,4.729619868803571e-05,2.825683435994466e-05,1002060,37148,3119,8.1,0.8554754190712723,1.5299117352282356,0.0067950936134885485,0.00794306120550546,0.010395893461250567,0.2911549702808761
650000.0,0.028,100000.0,61,4.729619868803571e-05,2.825683435994466e-05,1002061,37148,3032,13.87,0.8283670069941406,1.5657963826410282,0.006808263577588035,0.00821889756605938,0.01066035448185401,0.29518473474655293
650000.0,0.028,100000.0,62,4.729619868803571e-05,2.825683435994466e-05,1002062,37148,3055,11.22,0.8248158635126317,1.5705625823135951,0.006672015333329912,0.0080890967650839,0.010478817631150529,0.29566900493939097
650000.0,0.028,100000.0,63,4.729619868803571e-05,2.825683435994466e-05,1002063,37148,2996,8.81,0.8044875624486907,1.60004725972247,0.00664377646393366,0.008258395498012926,0.010630356325325694,0.2990746732334951
650000.0,0.028,100000.0,64,4.729619868803571e-05,2.825683435994466e-05,1002064,37148,3241,14.43,0.8500817284379837,1.5327253805683654,0.006981071076674556,0.008212235180612811,0.010700064822770817,0.29003671898536176
650000.0,0.028,100000.0,65,4.729619868803571e-05,2.825683435994466e-05,1002065,37148,3102,16.49,0.8652723266220128,1.5229423601209693,0.00716063330832688,0.00827558340653479,0.010905231790544163,0.29225636779924813
650000.0,0.028,100000.0,66,4.729619868803571e-05,2.825683435994466e-05,1002066,37148,3161,6.55,0.8276281579403787,1.5647993769995476,0.006929980680377094,0.008373302205694554,0.010844029451272977,0.2943913074546657
650000.0,0.028,100000.0,67,4.729619868803571e-05,2.825683435994466e-05,1002067,37148,3169,9.69,0.8278286031144462,1.5622426663090536,0.00661121364250242,0.007986210693408994,0.01032832002840177,0.29333016909961807
650000.0,0.028,100000.0,68,4.729619868803571e-05,2.825683435994466e-05,1002068,37148,3214,19.87,0.843440952250497,1.5225947608042276,0.006899428966126293,0.008180097193190594,0.010505034396364823,0.2822714524126152
650000.0,0.028,100000.0,69,4.729619868803571e-05,2.825683435994466e-05,1002069,37148,3190,16.49,0.8413281488175769,1.5653726819468115,0.006610415466535769,0.007857119098922588,0.010347763787633779,0.3009342471294155
650000.0,0.028,100000.0,70,4.729619868803571e-05,2.825683435994466e-05,1002070,37148,3153,13.63,0.8200983263863164,1.5599593476604876,0.006850838521094042,0.00835367943168668,0.0106870295902932,0.28864621248028266
650000.0,0.028,100000.0,71,4.729619868803571e-05,2.825683435994466e-05,1002071,37148,3243,9.45,0.8238047607246347,1.583865280813393,0.00694685976718836,0.008432653097413235,0.011002889995929055,0.30111484935813027
650000.0,0.028,100000.0,72,4.729619868803571e-05,2.825683435994466e-05,1002072,37148,3149,11.23,0.7944260586498906,1.620003730079216,0.006560644616395836,0.00825834518513341,0.010628268750285382,0.3028502501345133
650000.0,0.028,100000.0,73,4.729619868803571e-05,2.825683435994466e-05,1002073,37148,3112,5.85,0.8511484692638945,1.5429147366741744,0.006485396053498983,0.007619582584819543,0.010006413144112113,0.29520306451577727
650000.0,0.028,100000.0,74,4.729619868803571e-05,2.825683435994466e-05,1002074,37148,3068,18.19,0.831717957749929,1.5668342464177896,0.006410682385079181,0.0077077599748142855,0.010044476703849337,0.29720368834730493
650000.0,0.028,100000.0,75,4.729619868803571e-05,2.825683435994466e-05,1002075,37148,3094,10.99,0.8430753367114406,1.5483957941298316,0.006870129432355611,0.00814889148477967,0.010637679518186996,0.29406498421683
650000.0,0.028,100000.0,76,4.729619868803571e-05,2.825683435994466e-05,1002076,37148,3065,12.72,0.8440699490460557,1.5511966372793629,0.007099873006354628,0.00841147468213826,0.01101329913256782,0.2957901396401862
650000.0,0.028,100000.0,77,4.729619868803571e-05,2.825683435994466e-05,1002077,37148,3054,6.52,0.8353013483458329,1.5594808877899242,0.006570325326170675,0.0078658143425508,0.010246296772725268,0.2955435515419973
650000.0,0.028,100000.0,78,4.729619868803571e-05,2.825683435994466e-05,1002078,37148,3132,14.97,0.8490377082866838,1.5575811503479422,0.006886893036093875,0.008111410092716948,0.010726894777482331,0.30090191803247
650000.0,0.028,100000.0,79,4.729619868803571e-05,2.825683435994466e-05,1002079,37148,3091,7.19,0.833266943794276,1.5533075224819655,0.0066382954124247825,0.007966589172729382,0.010311314200576936,0.2918029505716644
650000.0,0.028,100000.0,80,4.729619868803571e-05,2.825683435994466e-05,1002080,37148,3117,10.11,0.8258483724650468,1.568171644899635,0.006654057935742065,0.008057239267640128,0.010434704978350104,0.2950784313545447
650000.0,0.028,100000.0,81,4.729619868803571e-05,2.825683435994466e-05,1002081,37148,3062,9.57,0.8271381843774952,1.5665485224986482,0.0066698361504269645,0.008063750744921404,0.010448621966759433,0.29495071492581293
650000.0,0.028,100000.0,82,4.729619868803571e-05,2.825683435994466e-05,1002082,37148,3064,11.16,0.8149271059296507,1.5793312414176781,0.006642566139326545,0.008151116941617562,0.010490812227021626,0.2949219392737106
650000.0,0.028,100000.0,83,4.729619868803571e-05,2.825683435994466e-05,1002083,37148,3345,18.13,0.8628349522410633,1.5183646509605506,0.006927170619461565,0.008028384341025416,0.01051797099976294,0.2890475282341025
650000.0,0.028,100000.0,84,4.729619868803571e-05,2.825683435994466e-05,1002084,37148,3206,10.2,0.8129392978410728,1.5940176767806615,0.006589369847416067,0.008105611162992726,0.010503572015626702,0.30047697161754516
650000.0,0.028,100000.0,85,4.729619868803571e-05,2.825683435994466e-05,1002085,37148,3125,17.62,0.8548847524386298,1.5309444637872605,0.007032056767066698,0.008225736565083389,0.010765688376578503,0.2913693579806532
650000.0,0.028,100000.0,86,4.729619868803571e-05,2.825683435994466e-05,1002086,37148,3259,5.63,0.8387601823915743,1.5369030383380886,0.006499610628194979,0.0077490691196886625,0.009989271322487395,0.28680084423136765
650000.0,0.028,100000.0,87,4.729619868803571e-05,2.825683435994466e-05,1002087,37148,3147,7.85,0.8271375977133252,1.5407497644992805,0.006837977598265318,0.008267037572913315,0.010535612374178644,0.2831448882744123
650000.0,0.028,100000.0,88,4.729619868803571e-05,2.825683435994466e-05,1002088,37148,2912,11.1,0.8219687348555916,1.5475879359525042,0.006696379797711647,0.008146757308096527,0.010363236589494616,0.2838561110891308
650000.0,0.028,100000.0,89,4.729619868803571e-05,2.825683435994466e-05,1002089,37148,2998,14.52,0.8420220694047781,1.533290153784049,0.0065442195897179554,0.00777202858155967,0.010034187461115231,0.28662643453910164
650000.0,0.028,100000.0,90,4.729619868803571e-05,2.825683435994466e-05,1002090,37148,3044,6.7,0.8467310143614012,1.580318639620916,0.006739347252293868,0.007959254046430126,0.010650316081678003,0.3099453018107906
650000.0,0.028,100000.0,91,4.729619868803571e-05,2.825683435994466e-05,1002091,37148,3135,6.78,0.8390093531057149,1.5542450897935047,0.006550259795415126,0.007807135607211515,0.010180709123895767,0.2948725266628275
650000.0,0.028,100000.0,92,4.729619868803571e-05,2.825683435994466e-05,1002092,37148,3137,14.95,0.8420197923832716,1.5728151987704808,0.006807839406379075,0.00808512990782558,0.010707473289141617,0.3045525815456611
650000.0,0.028,100000.0,93,4.729619868803571e-05,2.825683435994466e-05,1002093,37148,3060,10.32,0.8112349643211071,1.624540447932616,0.006611941988130882,0.008150464759201023,0.010741367199102615,0.312824593289892
650000.0,0.028,100000.0,94,4.729619868803571e-05,2.825683435994466e-05,1002094,37148,3122,17.02,0.8116818246939459,1.5914170279053563,0.006819848087243671,0.008402119993034432,0.010853222373767353,0.2987350873289867
650000.0,0.028,100000.0,95,4.729619868803571e-05,2.825683435994466e-05,1002095,37148,3153,8.52,0.8553660793263274,1.5165265729516846,0.006906734114779135,0.008074594354055714,0.01047424581737449,0.28484929941284687
700000.0,0.022,100000.0,0,4.378410783891187e-05,2.6158556440500064e-05,1010000,37148,3174,12.13,0.7383324230153254,1.7698433942753002,0.006223688083973647,0.008429384772994675,0.01101495324345066,0.3348554218475308
700000.0,0.022,100000.0,1,4.378410783891187e-05,2.6158556440500064e-05,1010001,37148,3105,13.97,0.7602251691959313,1.7785359112154246,0.0062486116342390435,0.008219422202040513,0.01111338018673264,0.3490714079253868
700000.0,0.022,100000.0,2,4.378410783891187e-05,2.6158556440500064e-05,1010002,37148,3104,13.51,0.7486099388396708,1.782313539157532,0.0060071586803091236,0.00802441748184654,0.010706640247782643,0.3447255237205893
700000.0,0.022,100000.0,3,4.378410783891187e-05,2.6158556440500064e-05,1010003,37148,3018,5.12,0.7525700020910375,1.8150064463482634,0.006036438039211561,0.008021098399403568,0.010956173954150853,0.3584650765201982
700000.0,0.022,100000.0,4,4.378410783891187e-05,2.6158556440500064e-05,1010004,37148,3171,12.38,0.7360369753285527,1.8062397693263221,0.0059592311675806175,0.008096374730251196,0.010763800329493044,0.34708906391922045
700000.0,0.022,100000.0,5,4.378410783891187e-05,2.6158556440500064e-05,1010005,37148,3164,19.04,0.7070400213476288,1.89150658854311,0.005906921927186409,0.008354437866088157,0.011172981743282857,0.36179257601273596
700000.0,0.022,100000.0,6,4.378410783891187e-05,2.6158556440500064e-05,1010006,37148,3089,9.06,0.7917265324868211,1.735761338150834,0.0061162383374311945,0.0077251905632365605,0.010616330041029003,0.3481066975510987
700000.0,0.022,100000.0,7,4.378410783891187e-05,2.6158556440500064e-05,1010007,37148,3186,10.23,0.7369342268967943,1.8166052848934244,0.006108979879921469,0.00828972200904032,0.011097605135172937,0.35126985896595375
700000.0,0.022,100000.0,8,4.378410783891187e-05,2.6158556440500064e-05,1010008,37148,3062,14.61,0.727670856734419,1.8745268289539068,0.005880343856450042,0.008081049010041932,0.011022862322389883,0.3667074640797571
700000.0,0.022,100000.0,9,4.378410783891187e-05,2.6158556440500064e-05,1010009,37148,3098,13.45,0.7677069547482823,1.7882107226275301,0.005950976841327556,0.007751625544774148,0.010641600597770046,0.3561775665132042
700000.0,0.022,100000.0,10,4.378410783891187e-05,2.6158556440500064e-05,1010010,37148,3286,17.54,0.7603824381730189,1.8151784730253253,0.005911021168441191,0.007773747619216037,0.010729558378551456,0.3622864844552558
700000.0,0.022,100000.0,11,4.378410783891187e-05,2.6158556440500064e-05,1010011,37148,3067,6.06,0.7385319898838072,1.816214188809794,0.005927201974410826,0.008025653669170579,0.010765068325866368,0.3519383611316519
700000.0,0.022,100000.0,12,4.378410783891187e-05,2.6158556440500064e-05,1010012,37148,3199,7.69,0.7632649585349381,1.798005925548519,0.00623375121115996,0.008167217872972237,0.011208321616060866,0.3575769157312342
700000.0,0.022,100000.0,13,4.378410783891187e-05,2.6158556440500064e-05,1010013,37148,3186,9.8,0.7535391315387188,1.812494923806225,0.00603972068760638,0.008015138743058155,0.010946963087494006,0.3580475553662439
700000.0,0.022,100000.0,14,4.378410783891187e-05,2.6158556440500064e-05,1010014,37148,3117,8.12,0.7527966904245348,1.7886158539449513,0.005958701164499815,0.007915418917609008,0.010657827371744612,0.34911124011583017
700000.0,0.022,100000.0,15,4.378410783891187e-05,2.6158556440500064e-05,1010015,37148,3072,11.07,0.771292361371733,1.7882135835398056,0.0060993848985676875,0.0079080063592488,0.010907002926856299,0.35787166503246703
700000.0,0.022,100000.0,16,4.378410783891187e-05,2.6158556440500064e-05,1010016,37148,3194,5.87,0.7493386497324508,1.8301193799605204,0.005910003643034137,0.007886959581151041,0.010816012202754051,0.3621973160925199
700000.0,0.022,100000.0,17,4.378410783891187e-05,2.6158556440500064e-05,1010017,37148,3171,10.92,0.7203257489190682,1.8477384270186652,0.006005152441116993,0.008336717728233951,0.01109595092555681,0.35373406634676297
700000.0,0.022,100000.0,18,4.378410783891187e-05,2.6158556440500064e-05,1010018,37148,3212,7.56,0.7762655253537494,1.742486277772543,0.006238634955207723,0.008036728092961149,0.01087073580148158,0.3434040110595241
700000.0,0.022,100000.0,19,4.378410783891187e-05,2.6158556440500064e-05,1010019,37148,3123,7.72,0.7438901456826412,1.8423772055625325,0.005824297741602534,0.007829513235798795,0.010730553397537845,0.36378812575806974
700000.0,0.022,100000.0,20,4.378410783891187e-05,2.6158556440500064e-05,1010020,37148,3146,17.09,0.7321025111431083,1.8079138890821516,0.005819992989746717,0.007949696799508792,0.010522046160523846,0.345674330867506
700000.0,0.022,100000.0,21,4.378410783891187e-05,2.6158556440500064e-05,1010021,37148,3001,10.72,0.742838416526591,1.809124724135567,0.0059971217356692185,0.008073252005073896,0.010849541205649987,0.35156826108850336
700000.0,0.022,100000.0,22,4.378410783891187e-05,2.6158556440500064e-05,1010022,37148,3183,6.72,0.7607233945737174,1.787704272832012,0.005999894983367448,0.007887091452905268,0.010726037898309341,0.3526506913395481
700000.0,0.022,100000.0,23,4.378410783891187e-05,2.6158556440500064e-05,1010023,37148,3082,14.46,0.7603716899922898,1.7830854804448129,0.005925196857240594,0.007792500608880738,0.01056513248492294,0.3508033389218125
700000.0,0.022,100000.0,24,4.378410783891187e-05,2.6158556440500064e-05,1010024,37148,3006,9.38,0.7538244425299446,1.801792334998145,0.0059591678191800905,0.007905246212473896,0.0107371828995663,0.3543737607275925
700000.0,0.022,100000.0,25,4.378410783891187e-05,2.6158556440500064e-05,1010025,37148,3154,13.61,0.7541158147117372,1.7902353743905084,0.006104172995193447,0.008094476837787554,0.010927906427394572,0.3503490386142408
700000.0,0.022,100000.0,26,4.378410783891187e-05,2.6158556440500064e-05,1010026,37148,3157,5.25,0.7842723224964113,1.7387365923144957,0.006181444287698331,0.007881757535472145,0.0107479033763745,0.34576999203009684
700000.0,0.022,100000.0,27,4.378410783891187e-05,2.6158556440500064e-05,1010027,37148,3189,8.24,0.7525766436730504,1.7864254166605058,0.00622130229410894,0.008266669377015272,0.011113892542924523,0.34820443804147894
700000.0,0.022,100000.0,28,4.378410783891187e-05,2.6158556440500064e-05,1010028,37148,3119,15.82,0.7451463337081904,1.8335718432508192,0.0062388669400642305,0.00837267347074871,0.01143941075509017,0.36135082813110475
700000.0,0.022,100000.0,29,4.378410783891187e-05,2.6158556440500064e-05,1010029,37148,3124,16.32,0.7370746777313618,1.825675960771101,0.006046178493941136,0.008202938829143658,0.011038362730919554,0.35456382117378704
700000.0,0.022,100000.0,30,4.378410783891187e-05,2.6158556440500064e-05,1010030,37148,3227,17.89,0.7697170979712821,1.7506070541378413,0.006165186376152525,0.008009678351178509,0.010792818760167126,0.34331961638946595
700000.0,0.022,100000.0,31,4.378410783891187e-05,2.6158556440500064e-05,1010031,37148,3110,13.99,0.7218485224336938,1.8111222572084709,0.006025799833307996,0.008347734526063954,0.010913460195587204,0.3414767588933981
700000.0,0.022,100000.0,32,4.378410783891187e-05,2.6158556440500064e-05,1010032,37148,3101,8.45,0.7694355764540904,1.7711492218244114,0.005940084682936715,0.007720054627979811,0.010520776363754468,0.3508017451080132
700000.0,0.022,100000.0,33,4.378410783891187e-05,2.6158556440500064e-05,1010033,37148,3123,15.13,0.7496108233489861,1.7891716819862769,0.005925904130150086,0.007905307588376754,0.010602459859830054,0.34773571881513643
700000.0,0.022,100000.0,34,4.378410783891187e-05,2.6158556440500064e-05,1010034,37148,3103,8.97,0.731053298375029,1.8145634134558624,0.006099991010362212,0.008344112561862661,0.01106882050981293,0.3475319452772937
700000.0,0.022,100000.0,35,4.378410783891187e-05,2.6158556440500064e-05,1010035,37148,3126,10.45,0.7745255607716006,1.7130695917299565,0.006088887400924359,0.007861441518932527,0.010430687853991169,0.3312843258693159
700000.0,0.022,100000.0,36,4.378410783891187e-05,2.6158556440500064e-05,1010036,37148,3071,14.71,0.769432889062791,1.7312298098371706,0.006226667810233436,0.008092541791159771,0.010779792929029662,0.3358309526135701
700000.0,0.022,100000.0,37,4.378410783891187e-05,2.6158556440500064e-05,1010037,37148,3129,7.61,0.7313219359165005,1.83259988586555,0.0057892857970045656,0.007916193283262275,0.010609444490833616,0.3540906363142694
700000.0,0.022,100000.0,38,4.378410783891187e-05,2.6158556440500064e-05,1010038,37148,3100,8.67,0.7508565597815945,1.7852328220105096,0.005889314257877588,0.007843461152674277,0.010513797112297536,0.34691647252307967
700000.0,0.022,100000.0,39,4.378410783891187e-05,2.6158556440500064e-05,1010039,37148,3091,13.54,0.748969662256816,1.7788812671166865,0.005983308183302064,0.007988719016031964,0.010643594842662016,0.343641532495634
700000.0,0.022,100000.0,40,4.378410783891187e-05,2.6158556440500064e-05,1010040,37148,3184,6.72,0.741337637164048,1.7974225309683736,0.006168206943479122,0.00832037473110809,0.011086874135884939,0.3465885200368628
700000.0,0.022,100000.0,41,4.378410783891187e-05,2.6158556440500064e-05,1010041,37148,3186,18.52,0.7345611521031624,1.8442038424989298,0.005848224387197404,0.007961521475037214,0.010785317886665402,0.35978957656368593
700000.0,0.022,100000.0,42,4.378410783891187e-05,2.6158556440500064e-05,1010042,37148,3123,9.3,0.7481657751431047,1.781853137669086,0.005906325890047135,0.007894408012605774,0.010524205319276645,0.3443336820227739
700000.0,0.022,100000.0,43,4.378410783891187e-05,2.6158556440500064e-05,1010043,37148,3136,5.73,0.7769816274875625,1.7559541698041663,0.006226025787373538,0.008013092674412307,0.010932615942646832,0.34877807212449763
700000.0,0.022,100000.0,44,4.378410783891187e-05,2.6158556440500064e-05,1010044,37148,3100,9.35,0.7636107302679133,1.788190527077636,0.0061277506494650654,0.00802470474362656,0.01095758566366726,0.35421652964951067
700000.0,0.022,100000.0,45,4.378410783891187e-05,2.6158556440500064e-05,1010045,37148,3165,17.79,0.7433873895720726,1.8200412866273652,0.005899348502462635,0.007935766176849686,0.010737057838685315,0.35573064394489917
700000.0,0.022,100000.0,46,4.378410783891187e-05,2.6158556440500064e-05,1010046,37148,3080,10.49,0.7408395659010778,1.8450572265007315,0.0058806880834336136,0.007937869889928159,0.010850206045135926,0.36321218620744355
700000.0,0.022,100000.0,47,4.378410783891187e-05,2.6158556440500064e-05,1010047,37148,3200,7.09,0.7389073642629796,1.8104257145219667,0.0059867436178548976,0.008102157195071878,0.010838554592014776,0.35005628779566844
700000.0,0.022,100000.0,48,4.378410783891187e-05,2.6158556440500064e-05,1010048,37148,3138,7.62,0.7640619610589543,1.7891591304774679,0.006236942012346171,0.008162874649199993,0.011158881747647663,0.35478227177280985
700000.0,0.022,100000.0,49,4.378410783891187e-05,2.6158556440500064e-05,1010049,37148,3145,16.76,0.7435916477500627,1.8068652020563523,0.005940905388095726,0.00798947299377493,0.010734415214459257,0.3511347333058983
700000.0,0.022,100000.0,50,4.378410783891187e-05,2.6158556440500064e-05,1010050,37148,3116,10.01,0.7315750342602758,1.8168249911773786,0.005761830226272457,0.007875925170271112,0.01046823715001301,0.34861260778150116
700000.0,0.022,100000.0,51,4.378410783891187e-05,2.6158556440500064e-05,1010051,37148,3147,8.08,0.774412323869058,1.7721782798551504,0.006063413830037843,0.007829696975565022,0.010745450291366395,0.3535351972748173
700000.0,0.022,100000.0,52,4.378410783891187e-05,2.6158556440500064e-05,1010052,37148,3018,5.97,0.7807620890487448,1.7123797780587398,0.006268977829477312,0.008029306132313918,0.01073487086429552,0.3340262709005787
700000.0,0.022,100000.0,53,4.378410783891187e-05,2.6158556440500064e-05,1010053,37148,3198,15.58,0.7213794063478596,1.8385850905809562,0.005880960699040985,0.008152382293271483,0.010812646659549313,0.35106808563291203
700000.0,0.022,100000.0,54,4.378410783891187e-05,2.6158556440500064e-05,1010054,37148,3112,6.77,0.761613728306723,1.8025585468934093,0.0058613672865485385,0.00769598428796704,0.0105654576988495,0.3584115349781829
700000.0,0.022,100000.0,55,4.378410783891187e-05,2.6158556440500064e-05,1010055,37148,3003,6.77,0.74803507828866,1.8263502822507365,0.006118523678746973,0.008179460905422794,0.011174567447637349,0.36024438300773753
700000.0,0.022,100000.0,56,4.378410783891187e-05,2.6158556440500064e-05,1010056,37148,3047,13.05,0.7418485531912256,1.8135533741518575,0.006049828726216895,0.008155072487763464,0.010971687299471483,0.35265648636082514
700000.0,0.022,100000.0,57,4.378410783891187e-05,2.6158556440500064e-05,1010057,37148,3193,6.97,0.762485062429506,1.8011310055886023,0.005934310971934075,0.007782855382144249,0.010688471488355096,0.3583195516298593
700000.0,0.022,100000.0,58,4.378410783891187e-05,2.6158556440500064e-05,1010058,37148,3042,19.43,0.7478367560638396,1.7866776750557147,0.006014202269995096,0.008042132485771654,0.01074544092906964,0.3459396013364072
700000.0,0.022,100000.0,59,4.378410783891187e-05,2.6158556440500064e-05,1010059,37148,3146,16.77,0.7746488274806188,1.775026876270475,0.006033323361846498,0.007788462523681349,0.010709311120508071,0.35468370794366677
700000.0,0.022,100000.0,60,4.378410783891187e-05,2.6158556440500064e-05,1010060,37148,3196,18.21,0.7406540160694238,1.7767721277001327,0.005782024202841783,0.007806646662805398,0.010273339445296858,0.3386439269332192
700000.0,0.022,100000.0,61,4.378410783891187e-05,2.6158556440500064e-05,1010061,37148,3101,18.57,0.7380904345801644,1.8065881635249608,0.006073595090585758,0.008228795288534662,0.010972485000695541,0.34826111048619346
700000.0,0.022,100000.0,62,4.378410783891187e-05,2.6158556440500064e-05,1010062,37148,3204,21.07,0.7360986487844154,1.8071526125698467,0.00601362069346498,0.008169585290498497,0.010867530347199332,0.3474503621874575
700000.0,0.022,100000.0,63,4.378410783891187e-05,2.6158556440500064e-05,1010063,37148,3133,19.17,0.7810373380815423,1.7519008208332376,0.006085408843711019,0.007791444207595216,0.010661032748403177,0.349178762564784
700000.0,0.022,100000.0,64,4.378410783891187e-05,2.6158556440500064e-05,1010064,37148,3084,5.68,0.7623462483744945,1.7685924066327343,0.005997966333059214,0.007867771823955743,0.010607957711887312,0.3464463880037453
700000.0,0.022,100000.0,65,4.378410783891187e-05,2.6158556440500064e-05,1010065,37148,3164,17.49,0.7633075900158318,1.8012743714838266,0.00621038164589663,0.008136145542281087,0.011186601295887144,0.3587629160676197
700000.0,0.022,100000.0,66,4.378410783891187e-05,2.6158556440500064e-05,1010066,37148,3146,6.93,0.7492440046639789,1.7937899702519629,0.005912720713845822,0.007891582284328801,0.010606179113397661,0.34923298717739404
700000.0,0.022,100000.0,67,4.378410783891187e-05,2.6158556440500064e-05,1010067,37148,3064,5.15,0.7586399602887148,1.7636765640305527,0.00618642641718557,0.008154627677180632,0.01091085528708969,0.34280797806312635
700000.0,0.022,100000.0,68,4.378410783891187e-05,2.6158556440500064e-05,1010068,37148,3100,16.67,0.7876532242172685,1.7601767310283023,0.006004768122552149,0.007623619046972601,0.010569453124536797,0.35529364627737015
700000.0,0.022,100000.0,69,4.378410783891187e-05,2.6158556440500064e-05,1010069,37148,3140,18.01,0.7739238046821871,1.7518396599209871,0.006177138557417441,0.00798158490544698,0.010821356309710987,0.3457971876335635
700000.0,0.022,100000.0,70,4.378410783891187e-05,2.6158556440500064e-05,1010070,37148,3204,20.61,0.7724246763820821,1.7801455415535468,0.006084253933588493,0.007876824912024042,0.010830857513557186,0.3554952214939032
700000.0,0.022,100000.0,71,4.378410783891187e-05,2.6158556440500064e-05,1010071,37148,3095,15.72,0.7764468483957842,1.7425208045107095,0.006134837585001696,0.007901168763421316,0.010690082124159693,0.3435033433138227
700000.0,0.022,100000.0,72,4.378410783891187e-05,2.6158556440500064e-05,1010072,37148,3140,7.01,0.7459496644946505,1.824070746911479,0.00601693582210599,0.008066141870553975,0.010975316619147307,0.358420436450511
700000.0,0.022,100000.0,73,4.378410783891187e-05,2.6158556440500064e-05,1010073,37148,3362,7.66,0.7716263304810558,1.777146587541437,0.005915508682775289,0.007666286710417694,0.010512726069165847,0.354030757396561
700000.0,0.022,100000.0,74,4.378410783891187e-05,2.6158556440500064e-05,1010074,37148,3138,7.65,0.7300963126514638,1.849313095980407,0.006054889563732682,0.008293275090985411,0.011197386564925941,0.3593074343051855
700000.0,0.022,100000.0,75,4.378410783891187e-05,2.6158556440500064e-05,1010075,37148,3030,7.77,0.7572220516738838,1.7623828261850742,0.006109310973623437,0.008068057394945705,0.01076694473973796,0.3416252840861993
700000.0,0.022,100000.0,76,4.378410783891187e-05,2.6158556440500064e-05,1010076,37148,3001,16.54,0.7554173670384338,1.7910066279377792,0.0058136085583224174,0.007695889467188587,0.010412211460191247,0.35126663162952765
700000.0,0.022,100000.0,77,4.378410783891187e-05,2.6158556440500064e-05,1010077,37148,3063,19.73,0.731660113910323,1.8262578378041148,0.005794496874825075,0.007919656633811374,0.010582245333780741,0.3520206215188566
700000.0,0.022,100000.0,78,4.378410783891187e-05,2.6158556440500064e-05,1010078,37148,3188,6.7,0.7431918916596054,1.8197122743371938,0.006091323965218826,0.008196165799947608,0.011084456986473003,0.35551692867759443
700000.0,0.022,100000.0,79,4.378410783891187e-05,2.6158556440500064e-05,1010079,37148,3010,5.23,0.7499936380739574,1.8038459653779082,0.005971537595425523,0.007962117666439013,0.010771733998610825,0.3532306282506842
700000.0,0.022,100000.0,80,4.378410783891187e-05,2.6158556440500064e-05,1010080,37148,3129,5.52,0.7778622949189393,1.7480267492898183,0.006159897709758826,0.007919007965800355,0.010767665969547516,0.34624152925172835
700000.0,0.022,100000.0,81,4.378410783891187e-05,2.6158556440500064e-05,1010081,37148,3163,18.47,0.7711555474935302,1.7325101613552172,0.006108461039269697,0.007921178884239233,0.0105829708207772,0.33715966144567855
700000.0,0.022,100000.0,82,4.378410783891187e-05,2.6158556440500064e-05,1010082,37148,3231,7.24,0.7620216623540221,1.8134370683357333,0.0058129157548122605,0.007628281506926085,0.010541356904889342,0.3624541231734605
700000.0,0.022,100000.0,83,4.378410783891187e-05,2.6158556440500064e-05,1010083,37148,3070,17.03,0.7807734793989273,1.7484561027184136,0.0062340926086263465,0.007984508661110796,0.01090003726646449,0.34777281388373393
700000.0,0.022,100000.0,84,4.378410783891187e-05,2.6158556440500064e-05,1010084,37148,3127,6.41,0.7532200701041486,1.772301409975642,0.005959635734128308,0.007912210482262193,0.01056227081453682,0.343330309364028
700000.0,0.022,100000.0,85,4.378410783891187e-05,2.6158556440500064e-05,1010085,37148,3154,7.08,0.7394368324178896,1.8240600760660415,0.005985905699917371,0.008095222522719103,0.010918651606315432,0.3551800748687759
700000.0,0.022,100000.0,86,4.378410783891187e-05,2.6158556440500064e-05,1010086,37148,3086,10.37,0.737229543378587,1.817260386911452,0.0059373477827788556,0.008053594482349534,0.010789706928960556,0.3516532767180437
700000.0,0.022,100000.0,87,4.378410783891187e-05,2.6158556440500064e-05,1010087,37148,3169,19.09,0.7560263496305422,1.7813672646765517,0.005978346068433143,0.007907589558690201,0.010649629983214564,0.3480554888287344
700000.0,0.022,100000.0,88,4.378410783891187e-05,2.6158556440500064e-05,1010088,37148,3174,6.6,0.7546967782192641,1.768466077300959,0.005953870072707805,0.007889089028253426,0.010529217252241149,0.3426406365575394
700000.0,0.022,100000.0,89,4.378410783891187e-05,2.6158556440500064e-05,1010089,37148,2997,16.36,0.721755555548622,1.8331121470075427,0.006207346783266299,0.008600344999835797,0.011378762789093649,0.3493276880112566
700000.0,0.022,100000.0,90,4.378410783891187e-05,2.6158556440500064e-05,1010090,37148,3133,5.64,0.7352407047072727,1.7970441781441615,0.006189909559732861,0.008418888562756193,0.011123540937556829,0.34333868124830547
700000.0,0.022,100000.0,91,4.378410783891187e-05,2.6158556440500064e-05,1010091,37148,3040,6.94,0.7483032115064941,1.8283559645309189,0.005975998491481591,0.007986065540799472,0.01092625248592814,0.3610771831301388
700000.0,0.022,100000.0,92,4.378410783891187e-05,2.6158556440500064e-05,1010092,37148,3181,12.09,0.7441096015314943,1.8203058546399808,0.005795692130191442,0.0077887613844291196,0.010549932316278344,0.3561829068012119
700000.0,0.022,100000.0,93,4.378410783891187e-05,2.6158556440500064e-05,1010093,37148,3081,8.04,0.7632667139503604,1.7873075881472023,0.005944221816542918,0.0077878698335710535,0.010624152758337304,0.3537323887150572
700000.0,0.022,100000.0,94,4.378410783891187e-05,2.6158556440500064e-05,1010094,37148,3082,14.4,0.7646616747854631,1.7841895590946792,0.005941411956062361,0.007769987893965407,0.01060060517828676,0.353272779269581
700000.0,0.022,100000.0,95,4.378410783891187e-05,2.6158556440500064e-05,1010095,37148,3163,8.68,0.7590820524830447,1.759382713142423,0.006167878276961785,0.008125443431030869,0.010851658417253237,0.34142224356843665
700000.0,0.025,100000.0,0,4.3557433382206e-05,2.602313112611029e-05,1011000,37148,3072,9.5,0.7813229536769694,1.7223212359581754,0.006077242022971568,0.007778143460871812,0.010466962992221353,0.3381372660751656
700000.0,0.025,100000.0,1,4.3557433382206e-05,2.602313112611029e-05,1011001,37148,3107,13.16,0.7742640740013077,1.731311012753233,0.006146990925368878,0.007939140057993309,0.010642353084385324,0.33820411371101555
700000.0,0.025,100000.0,2,4.3557433382206e-05,2.602313112611029e-05,1011002,37148,3122,6.72,0.779260176540404,1.724445554166769,0.006644708182862166,0.008526944379939892,0.011458437484672212,0.337970269371502
700000.0,0.025,100000.0,3,4.3557433382206e-05,2.602313112611029e-05,1011003,37148,3113,5.09,0.7929405657736801,1.7059728932514528,0.0062208209982243185,0.007845255075523347,0.010612551996740131,0.3372905933432243
700000.0,0.025,100000.0,4,4.3557433382206e-05,2.602313112611029e-05,1011004,37148,3211,6.83,0.7844344627056066,1.6899242349301329,0.006271860540005234,0.007995391378360469,0.010598969124656835,0.32695096331702744
700000.0,0.025,100000.0,5,4.3557433382206e-05,2.602313112611029e-05,1011005,37148,3020,19.68,0.777629453156911,1.7483323624617038,0.006166817190764337,0.007930277287889698,0.010781646067998462,0.34624572213994675
700000.0,0.025,100000.0,6,4.3557433382206e-05,2.602313112611029e-05,1011006,37148,3055,13.85,0.819151649384172,1.6554066297956,0.0063638375606082185,0.007768814926262399,0.010534738888773104,0.32923574869369476
700000.0,0.025,100000.0,7,4.3557433382206e-05,2.602313112611029e-05,1011007,37148,3152,17.37,0.7721363087608183,1.7490328194590503,0.00608142164165149,0.007876098523862202,0.010636606040216991,0.343892209942705
700000.0,0.025,100000.0,8,4.3557433382206e-05,2.602313112611029e-05,1011008,37148,3206,7.17,0.7654690569873677,1.732991461063446,0.006501210323717626,0.00849310663099072,0.011266541977580168,0.33456436835072123
700000.0,0.025,100000.0,9,4.3557433382206e-05,2.602313112611029e-05,1011009,37148,3180,18.95,0.7654797068507286,1.7822716760211377,0.006252740265769302,0.008168394550253713,0.011144081873197507,0.35296891300183697
700000.0,0.025,100000.0,10,4.3557433382206e-05,2.602313112611029e-05,1011010,37148,3057,14.65,0.7579169831620335,1.7420308694147197,0.00614169504471727,0.008103387549245944,0.010699022358428902,0.33428110921084975
700000.0,0.025,100000.0,11,4.3557433382206e-05,2.602313112611029e-05,1011011,37148,3089,16.64,0.7631031515089,1.7424388220719216,0.006115942797182005,0.008014568915209986,0.010656656163381066,0.3370100575756605
700000.0,0.025,100000.0,12,4.3557433382206e-05,2.602313112611029e-05,1011012,37148,3195,18.98,0.7799706508159935,1.7148169855764046,0.0062453042396031526,0.00800710159166811,0.010709553790163818,0.3345938537438705
700000.0,0.025,100000.0,13,4.3557433382206e-05,2.602313112611029e-05,1011013,37148,3234,20.63,0.7778595405318495,1.7040897424621448,0.006358030138887049,0.008173750924928997,0.010834653941942586,0.3293841620745578
700000.0,0.025,100000.0,14,4.3557433382206e-05,2.602313112611029e-05,1011014,37148,3031,5.34,0.7730943439272623,1.7670295610206925,0.00607591978191235,0.007859221619766515,0.010736329865029521,0.3510286300410467
700000.0,0.025,100000.0,15,4.3557433382206e-05,2.602313112611029e-05,1011015,37148,3038,17.81,0.8068612133763138,1.6746520184813753,0.006259896138891248,0.007758330720467637,0.010483147704477997,0.33139228528799425
700000.0,0.025,100000.0,16,4.3557433382206e-05,2.602313112611029e-05,1011016,37148,3096,15.17,0.7823280148865125,1.7371201960961278,0.006382495613898656,0.008158337030567064,0.011087162032398309,0.3442491143371369
700000.0,0.025,100000.0,17,4.3557433382206e-05,2.602313112611029e-05,1011017,37148,3086,7.36,0.7854837850939483,1.7442887749252178,0.006231586137850477,0.007933437018187642,0.010869685750232177,0.3484161602493636
700000.0,0.025,100000.0,18,4.3557433382206e-05,2.602313112611029e-05,1011018,37148,3048,19.24,0.7735880935028523,1.705809083772273,0.006249738575407256,0.00807889706149441,0.010660860833131683,0.32797942580906225
700000.0,0.025,100000.0,19,4.3557433382206e-05,2.602313112611029e-05,1011019,37148,3115,5.96,0.7622303588436,1.7855527659193553,0.0061596828816801235,0.00808113034362098,0.01099843880657005,0.3525984243875512
700000.0,0.025,100000.0,20,4.3557433382206e-05,2.602313112611029e-05,1011020,37148,2992,5.74,0.8030171682833065,1.7151084443826636,0.006485132878476684,0.008075957942892589,0.011122706162819011,0.345433988445901
700000.0,0.025,100000.0,21,4.3557433382206e-05,2.602313112611029e-05,1011021,37148,3094,20.55,0.8052990238984268,1.7338951868332775,0.006170192177130732,0.007661988893592629,0.010698466517763317,0.35354375097791135
700000.0,0.025,100000.0,22,4.3557433382206e-05,2.602313112611029e-05,1011022,37148,3090,8.3,0.7890330387738524,1.7156925759230466,0.006190898670413924,0.007846184337267428,0.01062167888712103,0.3392248458621
700000.0,0.025,100000.0,23,4.3557433382206e-05,2.602313112611029e-05,1011023,37148,3120,6.04,0.7595542340112298,1.7532783333209239,0.0060946704560871845,0.00802400958770388,0.010685653659388814,0.3393628273088438
700000.0,0.025,100000.0,24,4.3557433382206e-05,2.602313112611029e-05,1011024,37148,3160,9.34,0.7908493795338283,1.7135828919147518,0.006548994136204863,0.008280962602594711,0.011222244311050681,0.3392606537626197
700000.0,0.025,100000.0,25,4.3557433382206e-05,2.602313112611029e-05,1011025,37148,3141,8.78,0.7648983747831307,1.7494164779485724,0.0064118324476702656,0.008382593896199862,0.01121696533779969,0.3405334732552455
700000.0,0.025,100000.0,26,4.3557433382206e-05,2.602313112611029e-05,1011026,37148,3060,8.98,0.7762298203316212,1.7331065015592921,0.006343176372420018,0.008171776201164346,0.01099340021157842,0.33983334117605435
700000.0,0.025,100000.0,27,4.3557433382206e-05,2.602313112611029e-05,1011027,37148,3145,18.21,0.7919332703604787,1.6936534220079635,0.0063054350625990655,0.00796207874904524,0.010679221671019905,0.3319965512860402
700000.0,0.025,100000.0,28,4.3557433382206e-05,2.602313112611029e-05,1011028,37148,3150,14.86,0.7928834075435511,1.7323078045675253,0.0060619542476620415,0.007645454791950698,0.010501170654156216,0.34733900195272327
700000.0,0.025,100000.0,29,4.3557433382206e-05,2.602313112611029e-05,1011029,37148,3060,13.31,0.7392783680363835,1.8081548825205074,0.006322104498216255,0.00855172391288624,0.011431344116254584,0.34942784243749014
700000.0,0.025,100000.0,30,4.3557433382206e-05,2.602313112611029e-05,1011030,37148,3084,5.71,0.7619868472356169,1.7552264745832242,0.006098366689787367,0.008003244034869367,0.010704014665631248,0.3412933761229521
700000.0,0.025,100000.0,31,4.3557433382206e-05,2.602313112611029e-05,1011031,37148,3085,5.89,0.7675109097729694,1.7636192648921112,0.006110122150768442,0.007960958043678914,0.010775929135939244,0.34710594246957704
700000.0,0.025,100000.0,32,4.3557433382206e-05,2.602313112611029e-05,1011032,37148,3139,13.82,0.7768923254040254,1.7234485468397858,0.006221238963275657,0.00800785225937234,0.010721985250800486,0.33645258364883146
700000.0,0.025,100000.0,33,4.3557433382206e-05,2.602313112611029e-05,1011033,37148,3180,19.26,0.7793893379161073,1.7358058039706397,0.006584072986390322,0.008447732944351652,0.011428672103542623,0.3423642836825084
700000.0,0.025,100000.0,34,4.3557433382206e-05,2.602313112611029e-05,1011034,37148,3076,9.61,0.7780812687566885,1.7220649565797954,0.00626543519362783,0.008052417459733343,0.01078948638466823,0.3364905361154762
700000.0,0.025,100000.0,35,4.3557433382206e-05,2.602313112611029e-05,1011035,37148,3090,13.34,0.791749564140816,1.7119523750906642,0.006192343854557463,0.007821089060247501,0.010600997769187728,0.33905122801102605
700000.0,0.025,100000.0,36,4.3557433382206e-05,2.602313112611029e-05,1011036,37148,3113,5.62,0.7754415182178264,1.7554026425139488,0.006226536195826639,0.0080296657446675,0.010930078091862833,0.3478453758208955
700000.0,0.025,100000.0,37,4.3557433382206e-05,2.602313112611029e-05,1011037,37148,3155,13.2,0.8043798413859604,1.702720049343159,0.0062751297605163625,0.007801202165514498,0.010684789255461145,0.3412910826090346
700000.0,0.025,100000.0,38,4.3557433382206e-05,2.602313112611029e-05,1011038,37148,3103,7.34,0.8041882742356956,1.6771952332565405,0.0065386760599331776,0.00813077766664475,0.010966636319528583,0.33117807050573744
700000.0,0.025,100000.0,39,4.3557433382206e-05,2.602313112611029e-05,1011039,37148,3305,18.59,0.7610125024285714,1.747794842550707,0.006219172214610636,0.00817223395773891,0.010869837121631129,0.33801187583066694
700000.0,0.025,100000.0,40,4.3557433382206e-05,2.602313112611029e-05,1011040,37148,3245,5.66,0.7843753311464948,1.749344804445035,0.006228845265089217,0.007941153957487068,0.010896398102175879,0.34978517259998476
700000.0,0.025,100000.0,41,4.3557433382206e-05,2.602313112611029e-05,1011041,37148,3235,16.04,0.7617296633197838,1.7654473519437879,0.006171370343370493,0.008101785502844037,0.010895229430567862,0.34498140047562953
700000.0,0.025,100000.0,42,4.3557433382206e-05,2.602313112611029e-05,1011042,37148,3080,13.75,0.7771858103310608,1.7665916559579045,0.0064272289116111036,0.008269874238791457,0.01135428896618358,0.35279508940740945
700000.0,0.025,100000.0,43,4.3557433382206e-05,2.602313112611029e-05,1011043,37148,3141,6.04,0.8023947265452953,1.7324965049152075,0.0062535812991239646,0.007793647057039761,0.010834307743935371,0.3517246930692538
700000.0,0.025,100000.0,44,4.3557433382206e-05,2.602313112611029e-05,1011044,37148,3120,6.2,0.7799348602727002,1.7119758447869344,0.006175079736716316,0.007917430097376634,0.010571587348891597,0.3334723836165193
700000.0,0.025,100000.0,45,4.3557433382206e-05,2.602313112611029e-05,1011045,37148,3211,7.83,0.7725042830378916,1.723928298480691,0.00629268634805918,0.008145827131615426,0.010848140068882335,0.3345166365849579
700000.0,0.025,100000.0,46,4.3557433382206e-05,2.602313112611029e-05,1011046,37148,3178,12.39,0.7999564048485328,1.723640551385374,0.006155204641764047,0.007694425101739763,0.010609360322619997,0.3472919515243864
700000.0,0.025,100000.0,47,4.3557433382206e-05,2.602313112611029e-05,1011047,37148,3167,7.07,0.7575543790500383,1.7545250981156892,0.00602666381573093,0.007955420735985019,0.010573932922605583,0.3388418172284686
700000.0,0.025,100000.0,48,4.3557433382206e-05,2.602313112611029e-05,1011048,37148,3067,11.95,0.7819827314617966,1.7389550417006971,0.00620777384418404,0.007938505026293305,0.010795039624081555,0.3447787426866016
700000.0,0.025,100000.0,49,4.3557433382206e-05,2.602313112611029e-05,1011049,37148,3286,19.65,0.7856849022270597,1.7000609332157857,0.0063995745321140255,0.008145217648925339,0.010879666651249745,0.3315607615896665
700000.0,0.025,100000.0,50,4.3557433382206e-05,2.602313112611029e-05,1011050,37148,3103,7.78,0.7456469171858341,1.78746080163878,0.006073084116502606,0.008144718333206813,0.01085539980330349,0.3451276458107655
700000.0,0.025,100000.0,51,4.3557433382206e-05,2.602313112611029e-05,1011051,37148,3028,7.89,0.7714894147122738,1.720236105672905,0.006250426141876363,0.00810176526428098,0.010752208725097514,0.33259334090786175
700000.0,0.025,100000.0,52,4.3557433382206e-05,2.602313112611029e-05,1011052,37148,3159,14.7,0.7917868295375682,1.6886508768178286,0.006522330208353052,0.008237482571113649,0.011013938625230792,0.32994847339829736
700000.0,0.025,100000.0,53,4.3557433382206e-05,2.602313112611029e-05,1011053,37148,3142,8.66,0.8099241869828936,1.7190339257325207,0.006402898181741275,0.007905552500652151,0.011006799197424323,0.35001763792775853
700000.0,0.025,100000.0,54,4.3557433382206e-05,2.602313112611029e-05,1011054,37148,3072,5.19,0.7626362647096965,1.7387856072422487,0.006185553645658244,0.008110752047718087,0.010755351651895374,0.33538641245370404
700000.0,0.025,100000.0,55,4.3557433382206e-05,2.602313112611029e-05,1011055,37148,3154,5.03,0.7839608704820236,1.7323455131680439,0.006322224007418751,0.008064463732139449,0.010952276392495163,0.34321015905805663
700000.0,0.025,100000.0,56,4.3557433382206e-05,2.602313112611029e-05,1011056,37148,3116,15.4,0.7809857780286669,1.7293025670520437,0.006364106283586826,0.008148812004811214,0.01100546533319874,0.34064949327409044
700000.0,0.025,100000.0,57,4.3557433382206e-05,2.602313112611029e-05,1011057,37148,3112,17.46,0.7764751336808094,1.7004770675969563,0.0063085898305471995,0.008124651462619164,0.010727612335720881,0.32728547408884023
700000.0,0.025,100000.0,58,4.3557433382206e-05,2.602313112611029e-05,1011058,37148,3119,5.67,0.7770802372950064,1.7489954687814957,0.006246071424205879,0.00803787192677589,0.010924350618621667,0.34623375568734793
700000.0,0.025,100000.0,59,4.3557433382206e-05,2.602313112611029e-05,1011059,37148,3077,6.15,0.766234619674566,1.7208272678045446,0.00611751175414277,0.00798386237982955,0.01052718103764369,0.33023978197259896
700000.0,0.025,100000.0,60,4.3557433382206e-05,2.602313112611029e-05,1011060,37148,3135,14.8,0.8139469422140936,1.6893120411682065,0.0062607742318075334,0.007691870203206382,0.010576401296828094,0.3403879049484265
700000.0,0.025,100000.0,61,4.3557433382206e-05,2.602313112611029e-05,1011061,37148,3026,17.35,0.7537501928476243,1.7882851007777059,0.006055883476118172,0.008034337547880946,0.01082964619238803,0.34946069457454243
700000.0,0.025,100000.0,62,4.3557433382206e-05,2.602313112611029e-05,1011062,37148,3117,5.96,0.774424898258253,1.7503837312172563,0.006460022639850736,0.008341703184362838,0.011307518532089882,0.34549186091504525
700000.0,0.025,100000.0,63,4.3557433382206e-05,2.602313112611029e-05,1011063,37148,3143,13.8,0.8019002870320918,1.7206092127415518,0.0063736530131625006,0.007948186471851741,0.010966566093265349,0.3470226065655414
700000.0,0.025,100000.0,64,4.3557433382206e-05,2.602313112611029e-05,1011064,37148,3095,12.62,0.7878274541866134,1.6947513757323691,0.006350609124672413,0.008060913707594835,0.010762703550777108,0.3304877922040935
700000.0,0.025,100000.0,65,4.3557433382206e-05,2.602313112611029e-05,1011065,37148,3106,16.17,0.79590859503554,1.7280278760125183,0.006530277680045956,0.008204808593321395,0.01128450186922177,0.347109582499296
700000.0,0.025,100000.0,66,4.3557433382206e-05,2.602313112611029e-05,1011066,37148,3188,15.99,0.7961704058314238,1.7216780070228994,0.006446950145648239,0.008097450116744575,0.011099572278135652,0.34482158870919233
700000.0,0.025,100000.0,67,4.3557433382206e-05,2.602313112611029e-05,1011067,37148,3039,16.33,0.8091560909807408,1.7093152088730137,0.006325091350163197,0.007816898890913427,0.010811574842345097,0.34597917290978397
700000.0,0.025,100000.0,68,4.3557433382206e-05,2.602313112611029e-05,1011068,37148,3133,5.78,0.79915589500828,1.6817835897368356,0.006240316713212418,0.007808635026270766,0.010494862243041152,0.33067479047670933
700000.0,0.025,100000.0,69,4.3557433382206e-05,2.602313112611029e-05,1011069,37148,3120,6.26,0.7917985439594536,1.738899854108699,0.006266493988039454,0.00791425298246109,0.010896805481574847,0.3493163205272207
700000.0,0.025,100000.0,70,4.3557433382206e-05,2.602313112611029e-05,1011070,37148,3013,12.81,0.7829141391959622,1.7126728520934527,0.006204491973370655,0.007924868977002446,0.010626264963823654,0.3351680482994034
700000.0,0.025,100000.0,71,4.3557433382206e-05,2.602313112611029e-05,1011071,37148,3004,15.13,0.7923913641807875,1.7048922853606931,0.006303140492915039,0.007954579993980034,0.010746175599915447,0.33661420501041994
700000.0,0.025,100000.0,72,4.3557433382206e-05,2.602313112611029e-05,1011072,37148,3173,18.2,0.7839054436531343,1.7322796316675624,0.006267244419095775,0.007994898453427416,0.010856619853881816,0.34315914785283186
700000.0,0.025,100000.0,73,4.3557433382206e-05,2.602313112611029e-05,1011073,37148,3092,5.33,0.7705498268273483,1.7350989534302708,0.006282191471247376,0.00815286857841963,0.010900223847009895,0.33785488021758503
700000.0,0.025,100000.0,74,4.3557433382206e-05,2.602313112611029e-05,1011074,37148,3087,5.92,0.7844920432394562,1.6923701564256846,0.0061466841350958125,0.007835240890033623,0.010402464791211374,0.32795134106379265
700000.0,0.025,100000.0,75,4.3557433382206e-05,2.602313112611029e-05,1011075,37148,3052,8.72,0.7888675205302531,1.7065365961054597,0.0062365919964347425,0.007905753290796777,0.010642972476894299,0.3356017166287756
700000.0,0.025,100000.0,76,4.3557433382206e-05,2.602313112611029e-05,1011076,37148,3123,13.47,0.8079699390092933,1.687517642496646,0.0063954614427930625,0.007915469541645289,0.010792454016620347,0.3369936549000089
700000.0,0.025,100000.0,77,4.3557433382206e-05,2.602313112611029e-05,1011077,37148,3105,15.67,0.8357618089440034,1.6622325416843444,0.006391135611059341,0.007647077842830159,0.010623553591020494,0.33928824598977736
700000.0,0.025,100000.0,78,4.3557433382206e-05,2.602313112611029e-05,1011078,37148,3150,15.41,0.7829935426591016,1.6988987272668334,0.006151230753841746,0.00785604276243675,0.010450318098826347,0.3298159259931225
700000.0,0.025,100000.0,79,4.3557433382206e-05,2.602313112611029e-05,1011079,37148,3250,20.55,0.7731553751396391,1.7235375812003175,0.006472645991895118,0.008371727339703353,0.011155848616836841,0.3346820201022285
700000.0,0.025,100000.0,80,4.3557433382206e-05,2.602313112611029e-05,1011080,37148,3131,5.87,0.7567718984593292,1.7216347384367823,0.006226185633507696,0.008227294969836022,0.010719217474602874,0.32581456446851353
700000.0,0.025,100000.0,81,4.3557433382206e-05,2.602313112611029e-05,1011081,37148,3036,12.94,0.8048060848233456,1.714576621657454,0.006479355143406868,0.008050827728059588,0.011109350852301397,0.34603816799716947
700000.0,0.025,100000.0,82,4.3557433382206e-05,2.602313112611029e-05,1011082,37148,3097,6.26,0.7731339252631657,1.7581553814789947,0.006381235105917787,0.008253725386252698,0.01121920284195204,0.3477718204075124
700000.0,0.025,100000.0,83,4.3557433382206e-05,2.602313112611029e-05,1011083,37148,3057,6.7,0.7759161805512906,1.7835625084036013,0.006319163631093877,0.008144131788312615,0.011270623336886604,0.35836310969283836
700000.0,0.025,100000.0,84,4.3557433382206e-05,2.602313112611029e-05,1011084,37148,3162,14.91,0.8041015644437477,1.692247607662178,0.006232196020043881,0.007750508512385646,0.010546418805401005,0.3370875559545986
700000.0,0.025,100000.0,85,4.3557433382206e-05,2.602313112611029e-05,1011085,37148,3136,6.31,0.7899380808307586,1.7098123125952205,0.006210301445730597,0.007861757264821788,0.010618449876838073,0.33737697715899007
700000.0,0.025,100000.0,86,4.3557433382206e-05,2.602313112611029e-05,1011086,37148,3092,13.31,0.7571239161692281,1.7915548137630057,0.006225294039256309,0.00822229215892959,0.011152955503119786,0.35229786426815224
700000.0,0.025,100000.0,87,4.3557433382206e-05,2.602313112611029e-05,1011087,37148,3129,6.23,0.7986009365907812,1.6805286221168814,0.006185023459479142,0.007744823698658481,0.010394108952119068,0.329916242830141
700000.0,0.025,100000.0,88,4.3557433382206e-05,2.602313112611029e-05,1011088,37148,3220,5.88,0.787207179276807,1.701217058786269,0.0062867751172710745,0.007986176044591745,0.010695169074254598,0.3327384044717603
700000.0,0.025,100000.0,89,4.3557433382206e-05,2.602313112611029e-05,1011089,37148,3129,17.53,0.8058595843209952,1.6744495607143093,0.006432451159350807,0.007982099219891627,0.010770815018091209,0.33085145576119257
700000.0,0.025,100000.0,90,4.3557433382206e-05,2.602313112611029e-05,1011090,37148,3209,16.68,0.7519953649933866,1.7722257497116691,0.006163801711302489,0.008196595349170398,0.010923648108887123,0.34269225274705895
700000.0,0.025,100000.0,91,4.3557433382206e-05,2.602313112611029e-05,1011091,37148,3172,15.16,0.7450749608247363,1.7804252991666478,0.006117177850123546,0.008210150886499174,0.010891178203861806,0.342250743287695
700000.0,0.025,100000.0,92,4.3557433382206e-05,2.602313112611029e-05,1011092,37148,3060,8.88,0.7938557508854296,1.7203428781772856,0.006195925426127161,0.007804850464604577,0.010659116180555425,0.34324874344308975
700000.0,0.025,100000.0,93,4.3557433382206e-05,2.602313112611029e-05,1011093,37148,3130,14.8,0.7828991784404375,1.7348389545549825,0.006088381630905648,0.007776712249250174,0.010562361623492115,0.34365559642845467
700000.0,0.025,100000.0,94,4.3557433382206e-05,2.602313112611029e-05,1011094,37148,3146,5.29,0.7819210580351457,1.7251020882378836,0.006293789244503953,0.00804913639277005,0.010857428968622901,0.33948793592277204
700000.0,0.025,100000.0,95,4.3557433382206e-05,2.602313112611029e-05,1011095,37148,3007,12.16,0.7808599089049788,1.7389235744303444,0.006331004201937204,0.00810773370451986,0.011009132456566173,0.34423816029911725
700000.0,0.028,100000.0,0,4.3354848774663e-05,2.590209814971879e-05,1012000,37148,3137,10.9,0.7798782149300999,1.703867034524587,0.006414498741077622,0.008225000542748268,0.010929452947921624,0.3302730084670076
700000.0,0.028,100000.0,1,4.3354848774663e-05,2.590209814971879e-05,1012001,37148,3021,5.73,0.8151614003545428,1.6970027249218267,0.006264712614155637,0.007685241979601696,0.010631234377074257,0.34391651529009004
700000.0,0.028,100000.0,2,4.3354848774663e-05,2.590209814971879e-05,1012002,37148,3179,16.59,0.8120988476997136,1.6485728470459535,0.006442136139736328,0.00793269952048794,0.010620330716942747,0.3232397350257694
700000.0,0.028,100000.0,3,4.3354848774663e-05,2.590209814971879e-05,1012003,37148,3073,4.61,0.804689876278101,1.711283341203531,0.006577747365996468,0.008174263849845176,0.011256389490075161,0.3447272223101112
700000.0,0.028,100000.0,4,4.3354848774663e-05,2.590209814971879e-05,1012004,37148,3120,20.03,0.7937257898710295,1.678944038057773,0.006584577237929822,0.008295783407768233,0.011055136696753192,0.32699336725215244
700000.0,0.028,100000.0,5,4.3354848774663e-05,2.590209814971879e-05,1012005,37148,3111,13.98,0.7931721132630409,1.6726327941267611,0.006571118783788779,0.008284606422628462,0.010991068771867469,0.32419105390179737
700000.0,0.028,100000.0,6,4.3354848774663e-05,2.590209814971879e-05,1012006,37148,3070,14.76,0.7988053744733524,1.7147739391657952,0.006461239004824972,0.00808862735692637,0.0110795642601954,0.3433917607200764
700000.0,0.028,100000.0,7,4.3354848774663e-05,2.590209814971879e-05,1012007,37148,3015,5.75,0.8187263890444525,1.6290652688323493,0.006316823766311009,0.007715427096082082,0.010290518207032017,0.3181951297261122
700000.0,0.028,100000.0,8,4.3354848774663e-05,2.590209814971879e-05,1012008,37148,3057,6.49,0.7870939132485092,1.7012390501727315,0.006550946461973709,0.00832295403598856,0.011144725936700567,0.3326933034314824
700000.0,0.028,100000.0,9,4.3354848774663e-05,2.590209814971879e-05,1012009,37148,3130,19.23,0.829536397262012,1.678490505320934,0.006596820371809803,0.007952418234550562,0.011072700359390468,0.34301308018230914
700000.0,0.028,100000.0,10,4.3354848774663e-05,2.590209814971879e-05,1012010,37148,3043,5.95,0.7981794634849582,1.6770950650960421,0.006483131906760262,0.008122398787929273,0.01087282852719433,0.3283472346611904
700000.0,0.028,100000.0,11,4.3354848774663e-05,2.590209814971879e-05,1012011,37148,3019,8.63,0.804566740217998,1.6773360188880237,0.0064538099312323165,0.008021472438052376,0.010825207856713204,0.33140857150803293
700000.0,0.028,100000.0,12,4.3354848774663e-05,2.590209814971879e-05,1012012,37148,3137,6.24,0.7815961375192186,1.708166905665015,0.006551016008157973,0.008381586977835968,0.011190228743617183,0.33278383632187236
700000.0,0.028,100000.0,13,4.3354848774663e-05,2.590209814971879e-05,1012013,37148,3091,5.57,0.8052140002795274,1.7185475044352805,0.00655496059704264,0.008140644095566031,0.011265011175719224,0.34773235182030715
700000.0,0.028,100000.0,14,4.3354848774663e-05,2.590209814971879e-05,1012014,37148,3166,16.21,0.800569590246045,1.6689119832689387,0.006404876249056868,0.008000399124688723,0.01068917472340562,0.3261745763120988
700000.0,0.028,100000.0,15,4.3354848774663e-05,2.590209814971879e-05,1012015,37148,3048,8.08,0.8091995885860638,1.6828320213533496,0.006507693920594809,0.008042136961495343,0.010951355714743467,0.3357064065363994
700000.0,0.028,100000.0,16,4.3354848774663e-05,2.590209814971879e-05,1012016,37148,3121,16.06,0.7901401592522491,1.6892351166746424,0.006303949847707213,0.007978267872972018,0.010648853456502788,0.329401152010515
700000.0,0.028,100000.0,17,4.3354848774663e-05,2.590209814971879e-05,1012017,37148,3158,17.87,0.79967501874079,1.663084666022758,0.006423357487537657,0.00803245985807111,0.010682587341906347,0.3233934400470312
700000.0,0.028,100000.0,18,4.3354848774663e-05,2.590209814971879e-05,1012018,37148,3135,19.55,0.8061166419154674,1.682451029966338,0.0064354384160027756,0.007983259594679874,0.010827309991288808,0.3341514179291385
700000.0,0.028,100000.0,19,4.3354848774663e-05,2.590209814971879e-05,1012019,37148,3128,9.37,0.8200837780076115,1.6623029368312663,0.006399596000893755,0.007803588087599458,0.010638067226819316,0.3324358745973147
700000.0,0.028,100000.0,20,4.3354848774663e-05,2.590209814971879e-05,1012020,37148,3010,5.34,0.8161672678267671,1.6503504520725307,0.006357661676089057,0.0077896552909035325,0.010492369821257778,0.3258283301104291
700000.0,0.028,100000.0,21,4.3354848774663e-05,2.590209814971879e-05,1012021,37148,3086,15.43,0.7988048049627057,1.6745166016633197,0.006450001647552645,0.008074565410073842,0.010800634839582667,0.32760586422215765
700000.0,0.028,100000.0,22,4.3354848774663e-05,2.590209814971879e-05,1012022,37148,3066,5.67,0.8075251500181975,1.6918219323223327,0.0062878302102854335,0.007786544122054574,0.010637889056479841,0.33847898499341345
700000.0,0.028,100000.0,23,4.3354848774663e-05,2.590209814971879e-05,1012023,37148,3190,18.94,0.779279221061525,1.7101039419383053,0.006436506030218718,0.008259563268543187,0.011007094334586702,0.33242739400426347
700000.0,0.028,100000.0,24,4.3354848774663e-05,2.590209814971879e-05,1012024,37148,3170,7.25,0.8088400864143472,1.6763229960465116,0.006419003413431933,0.00793605994713725,0.010760323033637003,0.3329631779782566
700000.0,0.028,100000.0,25,4.3354848774663e-05,2.590209814971879e-05,1012025,37148,3117,6.93,0.8024307300270801,1.697005097353196,0.006187256758301024,0.007710642834045275,0.01049980625746985,0.3381830458795869
700000.0,0.028,100000.0,26,4.3354848774663e-05,2.590209814971879e-05,1012026,37148,3244,5.58,0.783787264352091,1.7075232022837712,0.006468670145241618,0.008253094225240917,0.011045404360920396,0.3335796549663034
700000.0,0.028,100000.0,27,4.3354848774663e-05,2.590209814971879e-05,1012027,37148,3058,13.85,0.7840342318503795,1.7156498916555272,0.006725644683522565,0.008578253869922925,0.011538851572599061,0.3368534789984141
700000.0,0.028,100000.0,28,4.3354848774663e-05,2.590209814971879e-05,1012028,37148,3050,13.8,0.8016065927534146,1.681727131526582,0.006287406181981927,0.007843506077445673,0.010573701563166964,0.3317897155026568
700000.0,0.028,100000.0,29,4.3354848774663e-05,2.590209814971879e-05,1012029,37148,3159,12.88,0.7878196750321532,1.6745075230140705,0.0063493047375735205,0.008059337610874451,0.010631958548975739,0.32239002428033026
700000.0,0.028,100000.0,30,4.3354848774663e-05,2.590209814971879e-05,1012030,37148,3117,9.48,0.7896627037604376,1.6693738757881198,0.006162013777293536,0.00780334913621921,0.010286704822060302,0.3211935622200709
700000.0,0.028,100000.0,31,4.3354848774663e-05,2.590209814971879e-05,1012031,37148,3224,6.1,0.8047043988798233,1.6617493426483763,0.00646861118614401,0.008038493632131927,0.010749210386422741,0.3252013730887727
700000.0,0.028,100000.0,32,4.3354848774663e-05,2.590209814971879e-05,1012032,37148,3081,12.72,0.8376575920715811,1.6353436886350972,0.006447601113476372,0.007697179819657624,0.01054404378776021,0.3292525515896657
700000.0,0.028,100000.0,33,4.3354848774663e-05,2.590209814971879e-05,1012033,37148,3180,17.04,0.8165179332609623,1.6846991383224126,0.006379024335338076,0.007812473033950273,0.010746736801081758,0.3397299276995486
700000.0,0.028,100000.0,34,4.3354848774663e-05,2.590209814971879e-05,1012034,37148,3130,5.39,0.8061820222709932,1.6957985004093263,0.006382345468712456,0.007916754892069609,0.010823171874936843,0.3394219122633352
700000.0,0.028,100000.0,35,4.3354848774663e-05,2.590209814971879e-05,1012035,37148,3162,6.49,0.7830654937001355,1.711369675571027,0.006158526252591642,0.007864637507510921,0.010539515074893412,0.3347339198979047
700000.0,0.028,100000.0,36,4.3354848774663e-05,2.590209814971879e-05,1012036,37148,3070,10.94,0.8297040715125429,1.683183869529485,0.006300670687540126,0.007593877026605475,0.01060518726848479,0.3449173804108234
700000.0,0.028,100000.0,37,4.3354848774663e-05,2.590209814971879e-05,1012037,37148,3080,18.87,0.7753957518525691,1.695822049328357,0.006377016947421636,0.00822420929207533,0.010814285948378221,0.3249102941610926
700000.0,0.028,100000.0,38,4.3354848774663e-05,2.590209814971879e-05,1012038,37148,3246,12.43,0.8175600151323045,1.6594457773932503,0.006351174538048705,0.007768450536344912,0.01053942976865245,0.33015232397155947
700000.0,0.028,100000.0,39,4.3354848774663e-05,2.590209814971879e-05,1012039,37148,3185,15.9,0.806380762424565,1.7161817098406817,0.006788840937015122,0.008418902401147252,0.011650884647123027,0.3473567115816546
700000.0,0.028,100000.0,40,4.3354848774663e-05,2.590209814971879e-05,1012040,37148,3180,5.39,0.8481198674691997,1.638502707065545,0.006711724319247122,0.00791365062497002,0.010997178466164062,0.3350396654370821
700000.0,0.028,100000.0,41,4.3354848774663e-05,2.590209814971879e-05,1012041,37148,3151,17.44,0.8078075189322357,1.6790075956408232,0.006485254973009623,0.00802821813491148,0.010888792359350578,0.33355910238026143
700000.0,0.028,100000.0,42,4.3354848774663e-05,2.590209814971879e-05,1012042,37148,3076,18.15,0.8116835581970149,1.6652656412595428,0.00635329215909792,0.007827301779046046,0.010579919141429422,0.32983448414956085
700000.0,0.028,100000.0,43,4.3354848774663e-05,2.590209814971879e-05,1012043,37148,3163,8.59,0.811901273615707,1.6564571691646537,0.006559964475631976,0.008079756355619378,0.010866300185126035,0.32637049493210035
700000.0,0.028,100000.0,44,4.3354848774663e-05,2.590209814971879e-05,1012044,37148,3125,7.83,0.809382861421321,1.6879830381707417,0.006265666889094112,0.007741289305398999,0.0105763394316189,0.33781643993865784
700000.0,0.028,100000.0,45,4.3354848774663e-05,2.590209814971879e-05,1012045,37148,3129,5.83,0.7962781220099034,1.7036172239601037,0.006447608006643247,0.008097180907556139,0.010984256053460506,0.3379256253946684
700000.0,0.028,100000.0,46,4.3354848774663e-05,2.590209814971879e-05,1012046,37148,3093,5.28,0.8012710527234899,1.7057165875528155,0.006294278860689319,0.00785536784249887,0.010736255859360808,0.3410343937150452
700000.0,0.028,100000.0,47,4.3354848774663e-05,2.590209814971879e-05,1012047,37148,3055,5.53,0.8000839280511448,1.6990999704612355,0.006280952731454442,0.007850367331779394,0.01067196660048266,0.3379233372696874
700000.0,0.028,100000.0,48,4.3354848774663e-05,2.590209814971879e-05,1012048,37148,3099,20.07,0.8124792196147372,1.6870499302795854,0.006437104408291804,0.00792279267320112,0.0108597165432111,0.3388456768482624
700000.0,0.028,100000.0,49,4.3354848774663e-05,2.590209814971879e-05,1012049,37148,3076,8.99,0.787182922964081,1.7433277532953364,0.006239494949706007,0.007926359639779322,0.010877484712368572,0.3488451161242443
700000.0,0.028,100000.0,50,4.3354848774663e-05,2.590209814971879e-05,1012050,37148,3162,17.52,0.7890885789251938,1.7094159063158476,0.006432158707011746,0.008151377270943266,0.010995234405713854,0.33682468968663193
700000.0,0.028,100000.0,51,4.3354848774663e-05,2.590209814971879e-05,1012051,37148,3083,8.59,0.8315720266537139,1.6293831070686402,0.006616326611287402,0.007956408343738812,0.010780530811280395,0.32411793027028957
700000.0,0.028,100000.0,52,4.3354848774663e-05,2.590209814971879e-05,1012052,37148,3146,17.17,0.8411953598745641,1.6665789006700698,0.0062131774634430394,0.007386129025211843,0.010354750466692953,0.3433300719124833
700000.0,0.028,100000.0,53,4.3354848774663e-05,2.590209814971879e-05,1012053,37148,3141,17.16,0.8060993292279475,1.6689453147632503,0.006689223672436056,0.008298262298323396,0.011163948507515578,0.32875514605473743
700000.0,0.028,100000.0,54,4.3354848774663e-05,2.590209814971879e-05,1012054,37148,3148,16.59,0.8227706326090799,1.684177008514623,0.00664547091034601,0.008076942281316753,0.011192149317957492,0.34228838566149844
700000.0,0.028,100000.0,55,4.3354848774663e-05,2.590209814971879e-05,1012055,37148,2996,9.32,0.8266897212063827,1.676737697036291,0.006225856637674377,0.007531068160118196,0.010439128520732241,0.34108844572268915
700000.0,0.028,100000.0,56,4.3354848774663e-05,2.590209814971879e-05,1012056,37148,3134,7.82,0.8086177832289656,1.657932050987555,0.006582017612219647,0.008139837817981681,0.01091253795946353,0.3254614332207524
700000.0,0.028,100000.0,57,4.3354848774663e-05,2.590209814971879e-05,1012057,37148,3157,5.3,0.7855756473388188,1.7093452780050544,0.006522103647443708,0.00830232412312894,0.011148527072417444,0.3351396254286477
700000.0,0.028,100000.0,58,4.3354848774663e-05,2.590209814971879e-05,1012058,37148,3214,18.11,0.7923438122923127,1.6997101405898156,0.006365942257472788,0.008034318131488425,0.010820256609435721,0.3345693679573377
700000.0,0.028,100000.0,59,4.3354848774663e-05,2.590209814971879e-05,1012059,37148,3114,6.03,0.808327685591448,1.6916196262053054,0.006427775655110393,0.007951942967791871,0.010873351451029405,0.33876327424600516
700000.0,0.028,100000.0,60,4.3354848774663e-05,2.590209814971879e-05,1012060,37148,3139,15.0,0.797925283396908,1.6622884404729974,0.006304895518318594,0.007901611403360409,0.010480554938491007,0.3222445278396461
700000.0,0.028,100000.0,61,4.3354848774663e-05,2.590209814971879e-05,1012061,37148,3127,6.56,0.7928386284417719,1.6906788955891714,0.006443942627544436,0.00812768499966913,0.01089463780477681,0.33124772533399127
700000.0,0.028,100000.0,62,4.3354848774663e-05,2.590209814971879e-05,1012062,37148,3042,4.95,0.8078110531716917,1.6550206514194135,0.006242915863198175,0.007728188217636717,0.010332154678666834,0.3239017167599355
700000.0,0.028,100000.0,63,4.3354848774663e-05,2.590209814971879e-05,1012063,37148,3144,15.78,0.7729607263624209,1.7011844033354073,0.006388731653695507,0.008265273300185758,0.010868410646362021,0.3258441629279809
700000.0,0.028,100000.0,64,4.3354848774663e-05,2.590209814971879e-05,1012064,37148,3274,21.15,0.8064620713867369,1.6802983607148214,0.00635197068330588,0.0078763415028105,0.010673205926467474,0.3334564945086961
700000.0,0.028,100000.0,65,4.3354848774663e-05,2.590209814971879e-05,1012065,37148,3280,18.48,0.7997138290167446,1.72090214354995,0.006568447054920771,0.008213496899255495,0.011303654616607511,0.3461431521245175
700000.0,0.028,100000.0,66,4.3354848774663e-05,2.590209814971879e-05,1012066,37148,3080,6.47,0.7938793460649647,1.675530739802775,0.006380299399502381,0.008036862819429325,0.010690387773011425,0.3256950764999954
700000.0,0.028,100000.0,67,4.3354848774663e-05,2.590209814971879e-05,1012067,37148,3186,10.49,0.8402837491054186,1.6116703163298534,0.006693619073587258,0.007965903280544705,0.010787907169719916,0.3205576334917347
700000.0,0.028,100000.0,68,4.3354848774663e-05,2.590209814971879e-05,1012068,37148,3122,6.98,0.7992922049120017,1.7206381235851504,0.006711205116072618,0.008396435089482063,0.011547555377914251,0.3458511472285547
700000.0,0.028,100000.0,69,4.3354848774663e-05,2.590209814971879e-05,1012069,37148,3169,5.19,0.8016057106404681,1.649381923956543,0.006496477241838695,0.00810433004107235,0.010715172132083804,0.31868536021028004
700000.0,0.028,100000.0,70,4.3354848774663e-05,2.590209814971879e-05,1012070,37148,3151,14.17,0.80336547142461,1.6672249699882078,0.00652611313716994,0.008123467300128256,0.010880498779257803,0.3267964670321163
700000.0,0.028,100000.0,71,4.3354848774663e-05,2.590209814971879e-05,1012071,37148,3072,8.6,0.7949575571289589,1.680218295659231,0.006761056300171624,0.008504927388311925,0.011360050493530473,0.32808469041675936
700000.0,0.028,100000.0,72,4.3354848774663e-05,2.590209814971879e-05,1012072,37148,3144,10.65,0.8046364970235997,1.669814991484377,0.006387068591734293,0.007937831076965133,0.01066522288611693,0.32842942798005903
700000.0,0.028,100000.0,73,4.3354848774663e-05,2.590209814971879e-05,1012073,37148,3262,11.31,0.8166924357820264,1.6555475503028638,0.006497075830200456,0.007955352034060607,0.01075621797482031,0.32818264290973986
700000.0,0.028,100000.0,74,4.3354848774663e-05,2.590209814971879e-05,1012074,37148,3080,5.53,0.8116545034581033,1.6888508366307171,0.006414022295031977,0.007902404616378823,0.010832326919132827,0.3391804448717243
700000.0,0.028,100000.0,75,4.3354848774663e-05,2.590209814971879e-05,1012075,37148,3194,6.89,0.8210727451247748,1.6410825658350308,0.006371274524639315,0.0077596955476473654,0.010455787544534453,0.3242512813071956
700000.0,0.028,100000.0,76,4.3354848774663e-05,2.590209814971879e-05,1012076,37148,3014,12.89,0.8109079134897157,1.7071631162822767,0.006354101981847412,0.007835787363947088,0.010847488540506019,0.34593665193526146
700000.0,0.028,100000.0,77,4.3354848774663e-05,2.590209814971879e-05,1012077,37148,3117,14.18,0.796839769140815,1.6602286957045733,0.006537751708655246,0.008204600174141052,0.010854162992101044,0.32088951061796167
700000.0,0.028,100000.0,78,4.3354848774663e-05,2.590209814971879e-05,1012078,37148,3132,7.03,0.7839944899207245,1.711094214079546,0.006439412170978085,0.008213593658839646,0.01101844090783401,0.33506900148642715
700000.0,0.028,100000.0,79,4.3354848774663e-05,2.590209814971879e-05,1012079,37148,3041,6.12,0.7800805247830552,1.6940981263671713,0.006407325916841647,0.008213672452114556,0.010854638830745252,0.32650921891832485
700000.0,0.028,100000.0,80,4.3354848774663e-05,2.590209814971879e-05,1012080,37148,3065,15.47,0.812233663715469,1.6762721580319488,0.00638959378987122,0.007866694124253311,0.01071069817109497,0.3344837242917521
700000.0,0.028,100000.0,81,4.3354848774663e-05,2.590209814971879e-05,1012081,37148,2962,15.25,0.8067094706705722,1.6940288738255578,0.0063781856038836295,0.007906422120694583,0.01080483057559737,0.33897123029213005
700000.0,0.028,100000.0,82,4.3354848774663e-05,2.590209814971879e-05,1012082,37148,3130,15.44,0.7886407636555953,1.6936742628411827,0.006325553437804513,0.008020829925761896,0.010713427055836068,0.3304484508646879
700000.0,0.028,100000.0,83,4.3354848774663e-05,2.590209814971879e-05,1012083,37148,3017,8.86,0.8515457413478839,1.6318377331155254,0.00656871278518555,0.007713869574155993,0.010719073380864157,0.3337771908139461
700000.0,0.028,100000.0,84,4.3354848774663e-05,2.590209814971879e-05,1012084,37148,3053,4.9,0.79327065751666,1.709724949174239,0.006378553578236354,0.008040828836660196,0.010905572192355311,0.3388984016352493
700000.0,0.028,100000.0,85,4.3354848774663e-05,2.590209814971879e-05,1012085,37148,3058,5.85,0.830859397707796,1.6407430688723514,0.006593117482526753,0.007935298680758833,0.010817611811716896,0.3284831986876531
700000.0,0.028,100000.0,86,4.3354848774663e-05,2.590209814971879e-05,1012086,37148,3108,6.98,0.7961811638243717,1.704029168267925,0.006331142557673043,0.007951886888735313,0.010788451586737259,0.33804080541237524
700000.0,0.028,100000.0,87,4.3354848774663e-05,2.590209814971879e-05,1012087,37148,3213,8.07,0.8080906626665895,1.707063281557352,0.006521138934798293,0.008069811020064778,0.011131996829528189,0.3446391434392152
700000.0,0.028,100000.0,88,4.3354848774663e-05,2.590209814971879e-05,1012088,37148,3097,9.51,0.8181130580262584,1.649889410141409,0.00664018219168335,0.00811646034315006,0.010955566279467931,0.32652305876287013
700000.0,0.028,100000.0,89,4.3354848774663e-05,2.590209814971879e-05,1012089,37148,3147,10.27,0.8169956854849301,1.6646733072930957,0.006495550627423685,0.007950532350202355,0.01081296974564313,0.3320020624562091
700000.0,0.028,100000.0,90,4.3354848774663e-05,2.590209814971879e-05,1012090,37148,3187,16.69,0.7924190370653419,1.6934777556342242,0.00645400954180726,0.008144692694043732,0.010929721593701626,0.33215580512756804
700000.0,0.028,100000.0,91,4.3354848774663e-05,2.590209814971879e-05,1012091,37148,3118,12.43,0.8031569680427812,1.7125236307155085,0.0063989184852989555,0.007967207830982932,0.01095829911709675,0.34450930008524927
700000.0,0.028,100000.0,92,4.3354848774663e-05,2.590209814971879e-05,1012092,37148,3247,10.38,0.7903181946129485,1.7103859712588885,0.006300733320642398,0.00797240069074726,0.01077668588027019,0.33777720859801985
700000.0,0.028,100000.0,93,4.3354848774663e-05,2.590209814971879e-05,1012093,37148,3159,5.42,0.8071379064932758,1.6761799772618977,0.006394649110495236,0.007922622712985553,0.01071858280062772,0.33212850570868757
700000.0,0.028,100000.0,94,4.3354848774663e-05,2.590209814971879e-05,1012094,37148,3216,6.13,0.8069548266891791,1.6619860276601455,0.006565791799611145,0.008136504773816963,0.010912254231479285,0.32634008237200696
700000.0,0.028,100000.0,95,4.3354848774663e-05,2.590209814971879e-05,1012095,37148,3058,9.22,0.8039591169553932,1.6780950287545993,0.006312404936923315,0.007851649174436256,0.010592815344137004,0.33143108554237166
750000.0,0.022,100000.0,0,4.041609956736588e-05,2.4146359805423068e-05,1020000,37148,3101,8.7,0.7174984021472555,2.0076971425640027,0.005571423032862755,0.007765066815743662,0.011185730103093823,0.4038614500041565
750000.0,0.022,100000.0,1,4.041609956736588e-05,2.4146359805423068e-05,1020001,37148,3080,7.89,0.7465028300691318,1.9162497213337308,0.005804047567827075,0.007774984010830309,0.01112200453445635,0.38954207685363373
750000.0,0.022,100000.0,2,4.041609956736588e-05,2.4146359805423068e-05,1020002,37148,3090,8.22,0.7094779773930494,1.9698393506716123,0.005672247715927264,0.007994959528933834,0.011173416757590697,0.38840519684472363
750000.0,0.022,100000.0,3,4.041609956736588e-05,2.4146359805423068e-05,1020003,37148,3243,17.14,0.7226433329010304,1.9466616547125268,0.005517440492309789,0.007635081154295281,0.010740589838537672,0.38771883833542886
750000.0,0.022,100000.0,4,4.041609956736588e-05,2.4146359805423068e-05,1020004,37148,3169,11.12,0.7272747070634504,1.926353085571831,0.005677629434349018,0.007806719220683249,0.01093711897959168,0.3835511582074933
750000.0,0.022,100000.0,5,4.041609956736588e-05,2.4146359805423068e-05,1020005,37148,3184,5.61,0.7300834781731704,1.9279283697368363,0.0056868581066707126,0.00778932584654632,0.010963855078518379,0.38542675652375724
750000.0,0.022,100000.0,6,4.041609956736588e-05,2.4146359805423068e-05,1020006,37148,3045,13.57,0.7392793230208905,1.9128617295399482,0.005622757335203954,0.007605727848883806,0.010755557321001665,0.3850395293669546
750000.0,0.022,100000.0,7,4.041609956736588e-05,2.4146359805423068e-05,1020007,37148,3204,8.08,0.719166636375622,1.9535730788282462,0.005691023548526748,0.007913358685836362,0.01111783039537945,0.3881727931370015
750000.0,0.022,100000.0,8,4.041609956736588e-05,2.4146359805423068e-05,1020008,37148,3144,5.15,0.6947316537958623,1.9838920436010214,0.0056850492179356185,0.008183086500915496,0.011278523910942683,0.38519721958491704
750000.0,0.022,100000.0,9,4.041609956736588e-05,2.4146359805423068e-05,1020009,37148,3113,10.12,0.7080066031451273,2.0098412786532944,0.005619773119482144,0.007937458626117081,0.011294851992201404,0.39984907482807686
750000.0,0.022,100000.0,10,4.041609956736588e-05,2.4146359805423068e-05,1020010,37148,3086,10.93,0.7371319789371847,1.9096406974909612,0.005712520741544083,0.007749658005314784,0.010908862093313825,0.3829705320452259
750000.0,0.022,100000.0,11,4.041609956736588e-05,2.4146359805423068e-05,1020011,37148,3197,6.61,0.7466433863992515,1.8741876766353498,0.005708663409548036,0.007645769738989492,0.010699106612234069,0.3759089598533777
750000.0,0.022,100000.0,12,4.041609956736588e-05,2.4146359805423068e-05,1020012,37148,3162,5.98,0.7018998648241267,1.981061094139996,0.005573428212866313,0.007940489081391736,0.011041301793491661,0.38802880552436847
750000.0,0.022,100000.0,13,4.041609956736588e-05,2.4146359805423068e-05,1020013,37148,3026,5.52,0.7307878320933041,1.955797545389995,0.005753099580604577,0.007872462194841312,0.01125189803813064,0.3945216296276711
750000.0,0.022,100000.0,14,4.041609956736588e-05,2.4146359805423068e-05,1020014,37148,2956,14.81,0.7185178743003601,1.9904877087966057,0.0056650214880297235,0.007884315325552485,0.011276155641991822,0.39920407079496234
750000.0,0.022,100000.0,15,4.041609956736588e-05,2.4146359805423068e-05,1020015,37148,3162,5.4,0.6857320799813603,2.0177276265315913,0.005476226543465993,0.007985956473867824,0.011049533585896939,0.3908257342863657
750000.0,0.022,100000.0,16,4.041609956736588e-05,2.4146359805423068e-05,1020016,37148,3087,12.09,0.7305121087780825,1.9234456122877737,0.00585642451206789,0.00801687534223608,0.011264514031431548,0.38420335686062057
750000.0,0.022,100000.0,17,4.041609956736588e-05,2.4146359805423068e-05,1020017,37148,3014,5.32,0.7388232384852337,1.9034793555921425,0.005711469144429508,0.0077304947204143186,0.010871663606523085,0.3817890089618603
750000.0,0.022,100000.0,18,4.041609956736588e-05,2.4146359805423068e-05,1020018,37148,3159,8.47,0.6980932465979,1.9852066501778551,0.005531531813886748,0.00792377213337074,0.010981233742598346,0.3873500800250821
750000.0,0.022,100000.0,19,4.041609956736588e-05,2.4146359805423068e-05,1020019,37148,3249,10.81,0.720570820573937,1.9461527345228573,0.0056122442609197005,0.007788608837157089,0.010922284515199087,0.38653616469024366
750000.0,0.022,100000.0,20,4.041609956736588e-05,2.4146359805423068e-05,1020020,37148,3136,7.21,0.7368515424737763,1.924576233841953,0.005728067729332857,0.007773706641235284,0.011024103017711057,0.38762480952525047
750000.0,0.022,100000.0,21,4.041609956736588e-05,2.4146359805423068e-05,1020021,37148,3038,6.55,0.6980079841062639,1.9560900443890574,0.005608512163764906,0.00803502580410466,0.010970754807375463,0.37818599506493233
750000.0,0.022,100000.0,22,4.041609956736588e-05,2.4146359805423068e-05,1020022,37148,3173,8.56,0.7279600197406504,1.9238642217289896,0.005815286256120375,0.007988469281859987,0.011187821167262316,0.38309008824824775
750000.0,0.022,100000.0,23,4.041609956736588e-05,2.4146359805423068e-05,1020023,37148,3048,16.81,0.7549007948742126,1.9072369056212946,0.005590907556590243,0.007406148721199642,0.010663185227845887,0.3905640763020173
750000.0,0.022,100000.0,24,4.041609956736588e-05,2.4146359805423068e-05,1020024,37148,3002,11.95,0.7048429985078317,1.9693158729411935,0.005646426794224735,0.008010900024797502,0.011119597911267229,0.3858893582301395
750000.0,0.022,100000.0,25,4.041609956736588e-05,2.4146359805423068e-05,1020025,37148,3131,5.11,0.72527954077445,1.9347807194857882,0.005578125800352754,0.007691001175073074,0.010792450249388741,0.3852588305339947
750000.0,0.022,100000.0,26,4.041609956736588e-05,2.4146359805423068e-05,1020026,37148,2976,11.58,0.7362940072759623,1.9199906794260513,0.005721088027652783,0.007770113529538106,0.010984435689269314,0.38589464498524806
750000.0,0.022,100000.0,27,4.041609956736588e-05,2.4146359805423068e-05,1020027,37148,3072,12.52,0.7476008132926475,1.8966116997208733,0.005753721053365551,0.0076962477181164645,0.010912574666743412,0.38373989721823243
750000.0,0.022,100000.0,28,4.041609956736588e-05,2.4146359805423068e-05,1020028,37148,3106,12.27,0.7234752794773726,1.9790618871886876,0.005751944806222006,0.007950437242827596,0.011383454743206893,0.3981448357219264
750000.0,0.022,100000.0,29,4.041609956736588e-05,2.4146359805423068e-05,1020029,37148,3055,8.82,0.7044748444086654,1.9767151603625805,0.005513865949115121,0.0078269167350375,0.01089934241382287,0.38800057023470313
750000.0,0.022,100000.0,30,4.041609956736588e-05,2.4146359805423068e-05,1020030,37148,3130,5.6,0.7717187996178917,1.859819316919766,0.005915000974585069,0.007664710225426436,0.011000833072132553,0.3827871438931385
750000.0,0.022,100000.0,31,4.041609956736588e-05,2.4146359805423068e-05,1020031,37148,3175,8.51,0.7047337746515638,1.9683572233369866,0.005649158717289133,0.008016018134056656,0.01111956236695317,0.3855344122194022
750000.0,0.022,100000.0,32,4.041609956736588e-05,2.4146359805423068e-05,1020032,37148,3091,12.58,0.7148339230672881,1.9111628034091002,0.005856716063979888,0.008193114337452321,0.011193137891606914,0.37239089978658424
750000.0,0.022,100000.0,33,4.041609956736588e-05,2.4146359805423068e-05,1020033,37148,3152,17.87,0.7158654041085251,1.9751966042873563,0.005549171299008455,0.007751696432262847,0.010960704306410357,0.3932475797430143
750000.0,0.022,100000.0,34,4.041609956736588e-05,2.4146359805423068e-05,1020034,37148,3182,8.32,0.7085082490400028,1.9643147527642282,0.005711035649733297,0.008060648069336521,0.011218271580333556,0.38619404867980833
750000.0,0.022,100000.0,35,4.041609956736588e-05,2.4146359805423068e-05,1020035,37148,3075,13.88,0.7541146571748851,1.846147818829229,0.005867430219367,0.007780554539740628,0.010832143501617092,0.37002382044374826
750000.0,0.022,100000.0,36,4.041609956736588e-05,2.4146359805423068e-05,1020036,37148,3094,5.73,0.7583516979077565,1.8870392687284114,0.005774641822267127,0.0076147278870727034,0.01089697588145946,0.38563827914306814
750000.0,0.022,100000.0,37,4.041609956736588e-05,2.4146359805423068e-05,1020037,37148,3174,5.33,0.7291778535809912,1.941075104644397,0.005639236173663899,0.0077336909588924295,0.010946180945909122,0.38915101081194226
750000.0,0.022,100000.0,38,4.041609956736588e-05,2.4146359805423068e-05,1020038,37148,3157,17.24,0.7139423531340297,1.9270900024251245,0.0055791928799144175,0.007814626566729297,0.010751606820484512,0.37712475584927807
750000.0,0.022,100000.0,39,4.041609956736588e-05,2.4146359805423068e-05,1020039,37148,3182,12.04,0.7133394281891244,1.9844058030145701,0.005614617200071222,0.007870891441293841,0.011141678953526751,0.39481703351825603
750000.0,0.022,100000.0,40,4.041609956736588e-05,2.4146359805423068e-05,1020040,37148,2994,11.0,0.7472044083200647,1.874748613446906,0.005729936612408853,0.007668499474315784,0.01074219071925216,0.3763638890383898
750000.0,0.022,100000.0,41,4.041609956736588e-05,2.4146359805423068e-05,1020041,37148,3068,13.94,0.7112103822523932,1.9773315066334989,0.0055760743191581655,0.007840260010686032,0.011025747434601376,0.3915907103159011
750000.0,0.022,100000.0,42,4.041609956736588e-05,2.4146359805423068e-05,1020042,37148,3065,9.7,0.7305269651800678,1.9361157292187232,0.0057754433071523364,0.007905859170754561,0.011181926630188641,0.3882403752779725
750000.0,0.022,100000.0,43,4.041609956736588e-05,2.4146359805423068e-05,1020043,37148,3169,13.43,0.7341334778297566,1.9369298525778436,0.0058045065660342786,0.007906609276549471,0.0112429220472359,0.3902334382032534
750000.0,0.022,100000.0,44,4.041609956736588e-05,2.4146359805423068e-05,1020044,37148,3218,8.79,0.7111707099458161,1.949174698390157,0.005542196547033065,0.007793060751131502,0.010802709282982144,0.3827818120046965
750000.0,0.022,100000.0,45,4.041609956736588e-05,2.4146359805423068e-05,1020045,37148,3149,6.15,0.7216591646902369,1.9617110615758262,0.005697910506546957,0.0078955700770359,0.011177654068562285,0.3919349936846227
750000.0,0.022,100000.0,46,4.041609956736588e-05,2.4146359805423068e-05,1020046,37148,3222,7.53,0.7332279815739393,1.9439234058312995,0.005599780420747946,0.007637161376094128,0.010885544227407775,0.39199448735351616
750000.0,0.022,100000.0,47,4.041609956736588e-05,2.4146359805423068e-05,1020047,37148,3143,13.23,0.7096383364410367,1.9891289205512908,0.0056855502610945905,0.008011898412378118,0.011309292453591193,0.3944161966948174
750000.0,0.022,100000.0,48,4.041609956736588e-05,2.4146359805423068e-05,1020048,37148,3102,5.99,0.7130903769680961,1.9449664562925668,0.005597724714966875,0.007849951276536886,0.010887386802170442,0.3824194806405282
750000.0,0.022,100000.0,49,4.041609956736588e-05,2.4146359805423068e-05,1020049,37148,3147,15.73,0.6830852326925033,2.022001143074918,0.005570253095332637,0.008154550601798961,0.011263058125979192,0.390715934179804
750000.0,0.022,100000.0,50,4.041609956736588e-05,2.4146359805423068e-05,1020050,37148,3118,11.52,0.7069750085386808,2.0072022357068864,0.005543510722440735,0.007841169285317718,0.011126947115748138,0.3985466153238515
750000.0,0.022,100000.0,51,4.041609956736588e-05,2.4146359805423068e-05,1020051,37148,3112,5.4,0.7319093683334789,1.9601082089622948,0.005604748085207694,0.0076577078087816065,0.010985912730981304,0.39638807358318384
750000.0,0.022,100000.0,52,4.041609956736588e-05,2.4146359805423068e-05,1020052,37148,3173,5.82,0.7359938887764478,1.9138528061385403,0.005881900549839786,0.007991779061668767,0.011257091872738698,0.383780475084047
750000.0,0.022,100000.0,53,4.041609956736588e-05,2.4146359805423068e-05,1020053,37148,3030,12.71,0.7592201982863256,1.8831905460847822,0.0057634634397018755,0.0075912936098260836,0.010853699862351853,0.3847831974858865
750000.0,0.022,100000.0,54,4.041609956736588e-05,2.4146359805423068e-05,1020054,37148,3058,13.23,0.7273398103196288,1.925948289063134,0.005578399617809183,0.007669592037534368,0.010743709199630037,0.3834535443401731
750000.0,0.022,100000.0,55,4.041609956736588e-05,2.4146359805423068e-05,1020055,37148,3190,14.45,0.7177735722686716,1.9860680673010662,0.005568376469650132,0.007757845488863749,0.011059174693082771,0.39750377725522823
750000.0,0.022,100000.0,56,4.041609956736588e-05,2.4146359805423068e-05,1020056,37148,3044,17.51,0.7235326967233947,1.9082844585397194,0.005644341203842529,0.007801086570660333,0.010771008597988069,0.3758510332535455
750000.0,0.022,100000.0,57,4.041609956736588e-05,2.4146359805423068e-05,1020057,37148,3041,10.35,0.7375787500543675,1.9034950850662091,0.0058062578428508035,0.007872051414744284,0.011052183266493635,0.3811942433553852
750000.0,0.022,100000.0,58,4.041609956736588e-05,2.4146359805423068e-05,1020058,37148,3081,14.2,0.7179241446909497,1.9061973922040751,0.0058050979898364614,0.008085948958208428,0.011065662649715381,0.3723355126680018
750000.0,0.022,100000.0,59,4.041609956736588e-05,2.4146359805423068e-05,1020059,37148,3163,13.24,0.7363683548727553,1.95945012631617,0.005798563818065534,0.007874542380446981,0.011361996605760885,0.3982965022371232
750000.0,0.022,100000.0,60,4.041609956736588e-05,2.4146359805423068e-05,1020060,37148,3179,6.21,0.7174122157552592,1.90357577350501,0.005843198434962225,0.0081448270696238,0.011122970980576482,0.37121001533616105
750000.0,0.022,100000.0,61,4.041609956736588e-05,2.4146359805423068e-05,1020061,37148,3182,11.22,0.71930790364547,1.9475583980217033,0.005675981497931364,0.007890892716686903,0.011054305433312034,0.3863533852730976
750000.0,0.022,100000.0,62,4.041609956736588e-05,2.4146359805423068e-05,1020062,37148,3075,5.51,0.707303540371127,2.051994760797417,0.005572716671854783,0.00787881914026719,0.011435185414054434,0.41183569286120447
750000.0,0.022,100000.0,63,4.041609956736588e-05,2.4146359805423068e-05,1020063,37148,3162,5.45,0.7373796425349286,1.8953663149304951,0.005972222304934461,0.008099250318877043,0.011319548982049336,0.3784437592820086
750000.0,0.022,100000.0,64,4.041609956736588e-05,2.4146359805423068e-05,1020064,37148,3061,6.22,0.7370742483176776,1.9443849999262328,0.005615000403789245,0.007617957643487214,0.010917722559707549,0.3939689356041427
750000.0,0.022,100000.0,65,4.041609956736588e-05,2.4146359805423068e-05,1020065,37148,3175,10.54,0.7310303315497539,1.9452852269309198,0.005600124927525881,0.007660591750897462,0.010893840290483684,0.3913662985307741
750000.0,0.022,100000.0,66,4.041609956736588e-05,2.4146359805423068e-05,1020066,37148,3241,6.65,0.7173592293348914,1.9729348909378612,0.005629565652640619,0.007847624206159781,0.011106766496920049,0.3932892231714028
750000.0,0.022,100000.0,67,4.041609956736588e-05,2.4146359805423068e-05,1020067,37148,3173,9.69,0.6988807989452456,1.9840600644589397,0.005541759275122617,0.007929477077473395,0.010995183264615706,0.3874028277478262
750000.0,0.022,100000.0,68,4.041609956736588e-05,2.4146359805423068e-05,1020068,37148,3154,23.3,0.7149016568745188,1.9264836017355254,0.005685000947769048,0.007952144037018077,0.010952061101727991,0.3774165037010482
750000.0,0.022,100000.0,69,4.041609956736588e-05,2.4146359805423068e-05,1020069,37148,3040,14.99,0.749650867934659,1.8776095537270583,0.005713450514924343,0.00762148189151745,0.010727629271568727,0.3784771980430399
750000.0,0.022,100000.0,70,4.041609956736588e-05,2.4146359805423068e-05,1020070,37148,3090,18.56,0.7472729179059658,1.886554154548778,0.0059359061705407095,0.007943424722488957,0.011198408447045304,0.38029895236176514
750000.0,0.022,100000.0,71,4.041609956736588e-05,2.4146359805423068e-05,1020071,37148,3172,15.75,0.7421770542837736,1.9319233179786985,0.0059403725677939015,0.008003983057016719,0.011476344281202035,0.3924739758961777
750000.0,0.022,100000.0,72,4.041609956736588e-05,2.4146359805423068e-05,1020072,37148,3177,15.37,0.7092258442002268,1.931346004536225,0.005873172548191786,0.008281103397768576,0.011343128334902045,0.37608587648573955
750000.0,0.022,100000.0,73,4.041609956736588e-05,2.4146359805423068e-05,1020073,37148,3167,15.68,0.7357281775381961,1.922020679450626,0.005735712059690595,0.007795966275048395,0.011024157190099667,0.38627152618563787
750000.0,0.022,100000.0,74,4.041609956736588e-05,2.4146359805423068e-05,1020074,37148,3196,20.87,0.710372604403741,1.988002356129514,0.005681388001477618,0.007997757748901865,0.011294612733023455,0.3944393635390404
750000.0,0.022,100000.0,75,4.041609956736588e-05,2.4146359805423068e-05,1020075,37148,3127,16.52,0.7532292926212939,1.9088206235440195,0.0057596833322723735,0.007646653401155242,0.010994202329724248,0.3902997083662063
750000.0,0.022,100000.0,76,4.041609956736588e-05,2.4146359805423068e-05,1020076,37148,3073,5.92,0.7449277466314083,1.9226993541816144,0.00569241402849169,0.007641565311848033,0.010944800776315334,0.3908532638988461
750000.0,0.022,100000.0,77,4.041609956736588e-05,2.4146359805423068e-05,1020077,37148,3095,5.25,0.7195539604140917,1.9302627007062827,0.005876147889305976,0.008166375577898769,0.011342509094561276,0.3809780820921659
750000.0,0.022,100000.0,78,4.041609956736588e-05,2.4146359805423068e-05,1020078,37148,3188,13.79,0.7129919907013912,1.9726633452496762,0.005695221480306335,0.00798777763927443,0.011234754657278908,0.391041480789451
750000.0,0.022,100000.0,79,4.041609956736588e-05,2.4146359805423068e-05,1020079,37148,3028,6.77,0.7272657844228809,1.903971256134209,0.005620047068578753,0.007727638490567133,0.010700408076695268,0.37630016241080555
750000.0,0.022,100000.0,80,4.041609956736588e-05,2.4146359805423068e-05,1020080,37148,3122,6.34,0.7082031353017564,1.9573195214341426,0.005677190648481829,0.008016330859736805,0.011112076083176844,0.38384504363905614
750000.0,0.022,100000.0,81,4.041609956736588e-05,2.4146359805423068e-05,1020081,37148,3087,9.27,0.758567722104465,1.908587179800146,0.005741628726079173,0.007569039070302642,0.010958398977766954,0.3926727880875992
750000.0,0.022,100000.0,82,4.041609956736588e-05,2.4146359805423068e-05,1020082,37148,3153,18.97,0.7313380399004634,1.9484050463817117,0.00587354649071372,0.008031233397230535,0.011444047622664206,0.3924885518473933
750000.0,0.022,100000.0,83,4.041609956736588e-05,2.4146359805423068e-05,1020083,37148,3236,6.56,0.7097351600742432,1.998346204246472,0.005615781588270171,0.007912503007012815,0.011222275820796919,0.39725752550954885
750000.0,0.022,100000.0,84,4.041609956736588e-05,2.4146359805423068e-05,1020084,37148,3229,19.92,0.7394962477002708,1.9022374833514166,0.005983671673158856,0.00809155109544806,0.011382364544750863,0.38170919085973654
750000.0,0.022,100000.0,85,4.041609956736588e-05,2.4146359805423068e-05,1020085,37148,3158,11.04,0.7438422341528302,1.9286522367871954,0.005558631145559494,0.007472863048560664,0.010720666392358288,0.39222555216301513
750000.0,0.022,100000.0,86,4.041609956736588e-05,2.4146359805423068e-05,1020086,37148,3086,15.46,0.7463111834084933,1.9095145839521348,0.005815882209149871,0.007792838079402795,0.011105511896919438,0.38729882895683565
750000.0,0.022,100000.0,87,4.041609956736588e-05,2.4146359805423068e-05,1020087,37148,3185,21.89,0.6913940816006623,2.0223036969589994,0.005548861692059304,0.008025613524508349,0.011221483513765701,0.39515683465936235
750000.0,0.022,100000.0,88,4.041609956736588e-05,2.4146359805423068e-05,1020088,37148,3159,23.99,0.7080419187125381,1.945042349838746,0.005647748613121732,0.007976573792963088,0.010985110233764812,0.37987320490385745
750000.0,0.022,100000.0,89,4.041609956736588e-05,2.4146359805423068e-05,1020089,37148,3213,6.72,0.7132601671257417,1.9470867841472084,0.005685860678904144,0.007971650375229457,0.011070864184396532,0.383177734517657
750000.0,0.022,100000.0,90,4.041609956736588e-05,2.4146359805423068e-05,1020090,37148,3106,15.37,0.7096847424285904,1.9937628266703722,0.005521230821583507,0.007779835878519063,0.011008024769539914,0.3958468036469319
750000.0,0.022,100000.0,91,4.041609956736588e-05,2.4146359805423068e-05,1020091,37148,3050,5.42,0.7570211515912136,1.8660843222162566,0.005772072156754582,0.007624717149081011,0.010771173358420701,0.37811838784665774
750000.0,0.022,100000.0,92,4.041609956736588e-05,2.4146359805423068e-05,1020092,37148,3011,6.21,0.7238733895252186,1.9472292673631244,0.005795346030194849,0.008006021652482568,0.011284867404492107,0.3885011144577747
750000.0,0.022,100000.0,93,4.041609956736588e-05,2.4146359805423068e-05,1020093,37148,3019,6.25,0.7114280207693302,1.9524489375005174,0.005734566569488242,0.008060641979334673,0.011196448405623305,0.3839471210399895
750000.0,0.022,100000.0,94,4.041609956736588e-05,2.4146359805423068e-05,1020094,37148,3046,17.28,0.7131131321094032,1.9804527011695223,0.00564811365519535,0.007920361301562508,0.011185821944944095,0.39349673973262633
750000.0,0.022,100000.0,95,4.041609956736588e-05,2.4146359805423068e-05,1020095,37148,3186,6.24,0.7172334841326312,1.9604769406406626,0.005670284270957116,0.007905771825215796,0.011116461560088877,0.389371517960596
750000.0,0.025,100000.0,0,4.0206861599121484e-05,2.4021351818005487e-05,1021000,37148,3160,13.28,0.7387881535443285,1.927711796750439,0.0059375722415444514,0.008036907756383221,0.011445928054083185,0.3895436031094718
750000.0,0.025,100000.0,1,4.0206861599121484e-05,2.4021351818005487e-05,1021001,37148,3164,19.23,0.7706970201666107,1.846608344159105,0.006069059469888052,0.007874767011005222,0.011207175858293112,0.37790632282373393
750000.0,0.025,100000.0,2,4.0206861599121484e-05,2.4021351818005487e-05,1021002,37148,3088,7.02,0.7521716022813444,1.8563741947335208,0.005963215197522956,0.007927998317719603,0.011069958810324371,0.3725715807412512
750000.0,0.025,100000.0,3,4.0206861599121484e-05,2.4021351818005487e-05,1021003,37148,3016,5.97,0.7774748221034097,1.8296888136293756,0.00588426701989201,0.007568434182823429,0.010766377542704673,0.37524477711488824
750000.0,0.025,100000.0,4,4.0206861599121484e-05,2.4021351818005487e-05,1021004,37148,3078,5.2,0.7500240182554542,1.8467981182563555,0.0058108305146375985,0.007747525910108202,0.010731430859939326,0.368287574988744
750000.0,0.025,100000.0,5,4.0206861599121484e-05,2.4021351818005487e-05,1021005,37148,3254,13.11,0.7704544524484331,1.8649215315782806,0.005893757389809833,0.007649715529685131,0.010991395058154963,0.3839056440134726
750000.0,0.025,100000.0,6,4.0206861599121484e-05,2.4021351818005487e-05,1021006,37148,3162,6.87,0.7826291146564128,1.8303117224290664,0.006085526812516035,0.007775748050451308,0.01113841106210449,0.3777714439842017
750000.0,0.025,100000.0,7,4.0206861599121484e-05,2.4021351818005487e-05,1021007,37148,3148,6.8,0.7662775086364149,1.8625901835454688,0.0060912653540204495,0.00794916369770504,0.011345531053769104,0.38123526412361675
750000.0,0.025,100000.0,8,4.0206861599121484e-05,2.4021351818005487e-05,1021008,37148,3138,6.91,0.769557523580149,1.818628057294997,0.005919515614391935,0.007692102842232068,0.010765397181929006,0.3678069546996038
750000.0,0.025,100000.0,9,4.0206861599121484e-05,2.4021351818005487e-05,1021009,37148,3075,12.91,0.7887515681423497,1.8345171745781161,0.005956378613228403,0.0075516535925966325,0.010927078864257287,0.3819010380711123
750000.0,0.025,100000.0,10,4.0206861599121484e-05,2.4021351818005487e-05,1021010,37148,3152,6.24,0.7409840192819396,1.8914375890646433,0.005909322658891997,0.007974966402944162,0.011177115002939747,0.3788965641766956
750000.0,0.025,100000.0,11,4.0206861599121484e-05,2.4021351818005487e-05,1021011,37148,3107,6.49,0.7336501327284537,1.8852156325502134,0.005893865303032249,0.008033618533009587,0.011111207005421697,0.3732686363756007
750000.0,0.025,100000.0,12,4.0206861599121484e-05,2.4021351818005487e-05,1021012,37148,3102,15.85,0.7365540574471694,1.9054781747865797,0.005663743512238842,0.007689515053204475,0.010792139650160201,0.38134332030974516
750000.0,0.025,100000.0,13,4.0206861599121484e-05,2.4021351818005487e-05,1021013,37148,3109,14.0,0.7529763755316528,1.8753472387513077,0.005964133139574419,0.00792074404109071,0.011184820614846054,0.37929817299728597
750000.0,0.025,100000.0,14,4.0206861599121484e-05,2.4021351818005487e-05,1021014,37148,3145,17.46,0.7201868788405992,1.9316860615905063,0.005953725827350285,0.008266917937931549,0.01150072919522395,0.3817503427875071
750000.0,0.025,100000.0,15,4.0206861599121484e-05,2.4021351818005487e-05,1021015,37148,3115,19.21,0.7800226397844185,1.8254449379692672,0.005930461704810685,0.007602935353837598,0.010825731298867255,0.37494305534516903
750000.0,0.025,100000.0,16,4.0206861599121484e-05,2.4021351818005487e-05,1021016,37148,3000,12.29,0.7597053788861845,1.897841321965758,0.0058099646498479835,0.007647655013797665,0.01102639099164182,0.38975410567942226
750000.0,0.025,100000.0,17,4.0206861599121484e-05,2.4021351818005487e-05,1021017,37148,3169,10.96,0.726275917050954,1.950211576273859,0.005809131709630699,0.007998518983279385,0.011329035908221343,0.39060786792589997
750000.0,0.025,100000.0,18,4.0206861599121484e-05,2.4021351818005487e-05,1021018,37148,3151,5.94,0.746786065673566,1.8957075304051887,0.005901874952449534,0.007903033042168937,0.011188228790868346,0.383061061198274
750000.0,0.025,100000.0,19,4.0206861599121484e-05,2.4021351818005487e-05,1021019,37148,3157,6.4,0.7465046078056433,1.9085403570341564,0.005707111142704849,0.007645111742151132,0.010892251937931524,0.38707702681950573
750000.0,0.025,100000.0,20,4.0206861599121484e-05,2.4021351818005487e-05,1021020,37148,3036,6.17,0.7550761995475423,1.8946532367558924,0.005824227352014056,0.007713429923369399,0.011034891204095633,0.38659761002632664
750000.0,0.025,100000.0,21,4.0206861599121484e-05,2.4021351818005487e-05,1021021,37148,3240,5.17,0.7587420567874026,1.8870751296885095,0.005982421668370014,0.007884658053225949,0.011289279145690693,0.38582970876004696
750000.0,0.025,100000.0,22,4.0206861599121484e-05,2.4021351818005487e-05,1021022,37148,3090,19.64,0.7367682826382697,1.8671074141926474,0.00577412792198161,0.007837101647895622,0.01078091705362865,0.3687350759601683
750000.0,0.025,100000.0,23,4.0206861599121484e-05,2.4021351818005487e-05,1021023,37148,3070,6.41,0.7346470799573748,1.8939670051839372,0.005919364785206678,0.008057426411536445,0.011211081594829152,0.37665286446628
750000.0,0.025,100000.0,24,4.0206861599121484e-05,2.4021351818005487e-05,1021024,37148,3154,10.76,0.7557719307256453,1.896358424630873,0.005818474080034048,0.007698716826447246,0.011033912340168935,0.38747062285097233
750000.0,0.025,100000.0,25,4.0206861599121484e-05,2.4021351818005487e-05,1021025,37148,3073,18.43,0.7464436419469606,1.860697871175469,0.00586350931856625,0.007855260583735924,0.010910219306673746,0.3712880778706966
750000.0,0.025,100000.0,26,4.0206861599121484e-05,2.4021351818005487e-05,1021026,37148,3034,15.06,0.7314983553142292,1.9478965612678234,0.00566306880323486,0.00774173825832073,0.011031072248044272,0.3924068866500189
750000.0,0.025,100000.0,27,4.0206861599121484e-05,2.4021351818005487e-05,1021027,37148,3063,12.59,0.7687617202235907,1.8811737741935226,0.005982335152271029,0.007781780745444889,0.011253811996888274,0.388468729461548
750000.0,0.025,100000.0,28,4.0206861599121484e-05,2.4021351818005487e-05,1021028,37148,3060,16.34,0.7660144781815212,1.8411901713888823,0.005897443743040034,0.00769886720292841,0.01085831545600417,0.3739217192087433
750000.0,0.025,100000.0,29,4.0206861599121484e-05,2.4021351818005487e-05,1021029,37148,3128,12.62,0.7466536754961951,1.9026860036573223,0.006054150829771352,0.008108378795226601,0.011519148047836315,0.3852614114262489
750000.0,0.025,100000.0,30,4.0206861599121484e-05,2.4021351818005487e-05,1021030,37148,3091,13.23,0.7516258200935152,1.862250721263222,0.006034574558740566,0.008028695126505581,0.011237890824531308,0.3742922980463874
750000.0,0.025,100000.0,31,4.0206861599121484e-05,2.4021351818005487e-05,1021031,37148,3029,5.71,0.7548135673203785,1.8780119887915798,0.00591036715226997,0.007830234389204256,0.011099740370122952,0.3810395070834427
750000.0,0.025,100000.0,32,4.0206861599121484e-05,2.4021351818005487e-05,1021032,37148,3084,16.18,0.7468430910747922,1.9066911720447366,0.005831938817622381,0.007808787263773918,0.011119706259465614,0.38664179776400687
750000.0,0.025,100000.0,33,4.0206861599121484e-05,2.4021351818005487e-05,1021033,37148,3138,6.26,0.7577841024640383,1.8696144001723827,0.006195096015346215,0.008175278413999471,0.011582440720741832,0.37964826344367886
750000.0,0.025,100000.0,34,4.0206861599121484e-05,2.4021351818005487e-05,1021034,37148,3101,6.48,0.7516883479481029,1.8929697626487203,0.00593618621893721,0.00789713747079002,0.011237021017900174,0.38447549098238587
750000.0,0.025,100000.0,35,4.0206861599121484e-05,2.4021351818005487e-05,1021035,37148,3035,4.26,0.7376135466897605,1.9130712058972659,0.005713796579235224,0.007746328148225348,0.010930899712089203,0.38430847039177696
750000.0,0.025,100000.0,36,4.0206861599121484e-05,2.4021351818005487e-05,1021036,37148,3161,10.76,0.7232710629976306,1.9566394074528266,0.005784362458852559,0.007997502948450612,0.011317911533981645,0.3911480326594007
750000.0,0.025,100000.0,37,4.0206861599121484e-05,2.4021351818005487e-05,1021037,37148,3199,7.21,0.7383181155947566,1.8907340013944438,0.005956625188810969,0.008067830198115312,0.011262393778047497,0.3773767964736522
750000.0,0.025,100000.0,38,4.0206861599121484e-05,2.4021351818005487e-05,1021038,37148,3115,6.88,0.7584769403424868,1.87965559033305,0.005939027161973822,0.007830201349683857,0.011163325606143923,0.38328285864565514
750000.0,0.025,100000.0,39,4.0206861599121484e-05,2.4021351818005487e-05,1021039,37148,3208,8.59,0.7522704128251501,1.8570064611702028,0.005911172369516666,0.007857775965583,0.010977085283283226,0.3728322236838175
750000.0,0.025,100000.0,40,4.0206861599121484e-05,2.4021351818005487e-05,1021040,37148,3215,7.44,0.7519864498647698,1.9150685758466226,0.006033751622114039,0.008023750458800277,0.01155504812597418,0.391715987347774
750000.0,0.025,100000.0,41,4.0206861599121484e-05,2.4021351818005487e-05,1021041,37148,3155,16.77,0.7467199846364441,1.8869077250544768,0.005969511675426676,0.00799431085044959,0.011263917695165488,0.3801524965035217
750000.0,0.025,100000.0,42,4.0206861599121484e-05,2.4021351818005487e-05,1021042,37148,3102,8.55,0.7402314478866598,1.9002308021347367,0.005848033362150216,0.007900276837529922,0.011112613126669406,0.381409662922339
750000.0,0.025,100000.0,43,4.0206861599121484e-05,2.4021351818005487e-05,1021043,37148,3089,7.27,0.746303553256479,1.856834798637707,0.005799828018167645,0.007771406142795682,0.010769322490247651,0.3699123518098285
750000.0,0.025,100000.0,44,4.0206861599121484e-05,2.4021351818005487e-05,1021044,37148,3105,15.85,0.7585543381919,1.9037927002437904,0.005958466264790856,0.007855028921189132,0.011343684579557716,0.39113719668858393
750000.0,0.025,100000.0,45,4.0206861599121484e-05,2.4021351818005487e-05,1021045,37148,3154,4.75,0.7526018973925562,1.8713940196325154,0.005943879082767609,0.007897773183087377,0.011123339768910103,0.3778104169512736
750000.0,0.025,100000.0,46,4.0206861599121484e-05,2.4021351818005487e-05,1021046,37148,2999,7.84,0.7525725278871997,1.881353829396297,0.005825832411934074,0.00774122386355204,0.010960452117613236,0.3810904819480888
750000.0,0.025,100000.0,47,4.0206861599121484e-05,2.4021351818005487e-05,1021047,37148,3140,17.13,0.7519877468874734,1.905094791591992,0.0058974176941447845,0.007842438548439896,0.011235139732957684,0.3885320267855885
750000.0,0.025,100000.0,48,4.0206861599121484e-05,2.4021351818005487e-05,1021048,37148,3149,5.96,0.7223100614593029,1.9092122505239335,0.006018304261200531,0.008332023299026993,0.011490220222864445,0.37554166578671233
750000.0,0.025,100000.0,49,4.0206861599121484e-05,2.4021351818005487e-05,1021049,37148,3297,5.97,0.7410823508711872,1.900756127586019,0.005869167989868853,0.007919724417899428,0.011155857020574941,0.3819886548233279
750000.0,0.025,100000.0,50,4.0206861599121484e-05,2.4021351818005487e-05,1021050,37148,3055,11.04,0.7470552177923087,1.9181473978642336,0.0056600488057443185,0.007576479851744891,0.010856807888523027,0.3904042148760024
750000.0,0.025,100000.0,51,4.0206861599121484e-05,2.4021351818005487e-05,1021051,37148,3124,15.25,0.7358215814965415,1.9007027995201857,0.006002228133013439,0.008157178701942776,0.011408451815777461,0.37943346461023375
750000.0,0.025,100000.0,52,4.0206861599121484e-05,2.4021351818005487e-05,1021052,37148,3104,8.36,0.7507906380096204,1.8708273748991935,0.005866638653149475,0.007813947532300344,0.010975468190953772,0.3767652574162774
750000.0,0.025,100000.0,53,4.0206861599121484e-05,2.4021351818005487e-05,1021053,37148,3185,6.33,0.7181501684210791,1.920539261170305,0.005562556395978337,0.007745673036891631,0.010683107950950389,0.3771368082222719
750000.0,0.025,100000.0,54,4.0206861599121484e-05,2.4021351818005487e-05,1021054,37148,3053,13.96,0.7559578650468991,1.8670803688743485,0.005859237647468474,0.007750746329102576,0.010939667588157908,0.37795258096764595
750000.0,0.025,100000.0,55,4.0206861599121484e-05,2.4021351818005487e-05,1021055,37148,3057,7.19,0.7632628753064784,1.8619357269451267,0.005961237434222623,0.007810202260694213,0.0110994409555818,0.3796336342511325
750000.0,0.025,100000.0,56,4.0206861599121484e-05,2.4021351818005487e-05,1021056,37148,3163,8.9,0.7576013662748866,1.8973609149143469,0.005884773933191888,0.007767639018560941,0.01116554005394506,0.3886362466216269
750000.0,0.025,100000.0,57,4.0206861599121484e-05,2.4021351818005487e-05,1021057,37148,3153,6.44,0.7424817017904225,1.8647042915209417,0.00585846534635616,0.007890383469692303,0.010924305473077052,0.3707220632958087
750000.0,0.025,100000.0,58,4.0206861599121484e-05,2.4021351818005487e-05,1021058,37148,3189,7.33,0.7499280876169886,1.907536069514936,0.005744863767623781,0.007660552874981607,0.010958534851191833,0.38835725648363306
750000.0,0.025,100000.0,59,4.0206861599121484e-05,2.4021351818005487e-05,1021059,37148,2991,13.11,0.7218909540166268,1.9265968883194498,0.005818970555774223,0.008060733443738649,0.011210810565977117,0.3809678649982996
750000.0,0.025,100000.0,60,4.0206861599121484e-05,2.4021351818005487e-05,1021060,37148,3181,7.99,0.7595637572409271,1.8869820793641947,0.006003501540364645,0.007903880988440035,0.011328499820103423,0.3861772189763025
750000.0,0.025,100000.0,61,4.0206861599121484e-05,2.4021351818005487e-05,1021061,37148,3018,6.78,0.7525538424388055,1.8527645410500806,0.005843289736844806,0.007764613516434152,0.010826240027507913,0.37153142648309845
750000.0,0.025,100000.0,62,4.0206861599121484e-05,2.4021351818005487e-05,1021062,37148,3225,5.14,0.7367817495469919,1.855159616868046,0.005838186006036301,0.007923901494066448,0.010830766914162692,0.3646762224147322
750000.0,0.025,100000.0,63,4.0206861599121484e-05,2.4021351818005487e-05,1021063,37148,3147,13.11,0.7044905642559188,1.9676120167117426,0.005768135306507613,0.008187668649046994,0.01134945234310365,0.38517720795423793
750000.0,0.025,100000.0,64,4.0206861599121484e-05,2.4021351818005487e-05,1021064,37148,3109,12.31,0.7710579966743897,1.828170938137217,0.00596819925597755,0.007740272822172498,0.01091088843279032,0.37179854039419036
750000.0,0.025,100000.0,65,4.0206861599121484e-05,2.4021351818005487e-05,1021065,37148,3126,13.93,0.7496877367760206,1.8849436900894534,0.0058607631521835875,0.007817605737273211,0.011047208522817228,0.3809128857663411
750000.0,0.025,100000.0,66,4.0206861599121484e-05,2.4021351818005487e-05,1021066,37148,3106,5.38,0.7539905233297899,1.867776919994986,0.0058115808259961545,0.007707763753224538,0.010854736535481014,0.3772605841224317
750000.0,0.025,100000.0,67,4.0206861599121484e-05,2.4021351818005487e-05,1021067,37148,3126,9.01,0.7518161199693408,1.8373861868080632,0.006188251246824431,0.00823107018119908,0.011370207361412985,0.3659165145501968
750000.0,0.025,100000.0,68,4.0206861599121484e-05,2.4021351818005487e-05,1021068,37148,3042,8.51,0.7618830019977799,1.8444397651265807,0.006038386405198865,0.007925608511234984,0.011137440002948532,0.373105717618366
750000.0,0.025,100000.0,69,4.0206861599121484e-05,2.4021351818005487e-05,1021069,37148,3187,15.35,0.7413209804586827,1.9192709648783763,0.005933237575391601,0.008003601316828356,0.011387490606174475,0.3880636492177133
750000.0,0.025,100000.0,70,4.0206861599121484e-05,2.4021351818005487e-05,1021070,37148,3135,14.37,0.7532388909674157,1.8339534451209725,0.005863206385393494,0.0077839931736173856,0.010752847549947682,0.36541462642250144
750000.0,0.025,100000.0,71,4.0206861599121484e-05,2.4021351818005487e-05,1021071,37148,3105,15.07,0.7419806664189578,1.894305459002215,0.006141945068612829,0.008277769686716868,0.011634720072365016,0.3803153550045588
750000.0,0.025,100000.0,72,4.0206861599121484e-05,2.4021351818005487e-05,1021072,37148,3233,6.25,0.7310036622396626,1.8998133432989277,0.00596796367968851,0.008164068099746248,0.011338017030995599,0.3767855639658616
750000.0,0.025,100000.0,73,4.0206861599121484e-05,2.4021351818005487e-05,1021073,37148,3125,14.62,0.771465756795866,1.8169776671865039,0.006134721068129016,0.007952032885566295,0.011146651175208957,0.3681172160018169
750000.0,0.025,100000.0,74,4.0206861599121484e-05,2.4021351818005487e-05,1021074,37148,3129,5.43,0.7354430431694995,1.893815077643539,0.00604836133157285,0.008224105711173161,0.011454477884768817,0.37699181113596125
750000.0,0.025,100000.0,75,4.0206861599121484e-05,2.4021351818005487e-05,1021075,37148,3089,7.41,0.7546348454840343,1.8808947663666369,0.005958447365096957,0.007895802056788298,0.011207212464681945,0.3819047570684906
750000.0,0.025,100000.0,76,4.0206861599121484e-05,2.4021351818005487e-05,1021076,37148,3099,5.11,0.7331826646997136,1.848729116942959,0.005927189749593973,0.008084192432484129,0.010957768271720224,0.3606644238754968
750000.0,0.025,100000.0,77,4.0206861599121484e-05,2.4021351818005487e-05,1021077,37148,3123,8.49,0.7620730911965674,1.859654800316813,0.005898978496616147,0.0077406991071602834,0.010970063678197873,0.3783227698630318
750000.0,0.025,100000.0,78,4.0206861599121484e-05,2.4021351818005487e-05,1021078,37148,3092,5.15,0.7372066594162654,1.9043893277691806,0.005817234110166329,0.007890913675105063,0.011078278556535603,0.3813051497434904
750000.0,0.025,100000.0,79,4.0206861599121484e-05,2.4021351818005487e-05,1021079,37148,3117,7.51,0.7712893127219485,1.8245692636659314,0.006023135660833939,0.00780917816633263,0.010989628197647794,0.3706650680808645
750000.0,0.025,100000.0,80,4.0206861599121484e-05,2.4021351818005487e-05,1021080,37148,3070,10.28,0.7193228195045179,1.9080432020016416,0.0058438596363809435,0.0081241126764285,0.011150336652648444,0.3736524399246838
750000.0,0.025,100000.0,81,4.0206861599121484e-05,2.4021351818005487e-05,1021081,37148,3172,10.29,0.7465420367693344,1.8703682056091615,0.005774740885321426,0.0077353191125199795,0.010800891747536496,0.3745858993113774
750000.0,0.025,100000.0,82,4.0206861599121484e-05,2.4021351818005487e-05,1021082,37148,3185,9.37,0.7403748465752226,1.9041800916848008,0.0060012708058317515,0.008105719465743653,0.011427500393274023,0.38276133073342655
750000.0,0.025,100000.0,83,4.0206861599121484e-05,2.4021351818005487e-05,1021083,37148,3097,9.91,0.7037965818820086,1.954877979298463,0.005661292463928993,0.008043932877295656,0.011067135972103128,0.38081426957383824
750000.0,0.025,100000.0,84,4.0206861599121484e-05,2.4021351818005487e-05,1021084,37148,3146,15.95,0.7434664647908278,1.9136191229686734,0.005984777021064498,0.008049827805949927,0.011452583754212516,0.3872734254463678
750000.0,0.025,100000.0,85,4.0206861599121484e-05,2.4021351818005487e-05,1021085,37148,2961,11.79,0.7676752484181106,1.8510850113989397,0.005892563252570658,0.007675854164522056,0.010907635515553729,0.378031224194059
750000.0,0.025,100000.0,86,4.0206861599121484e-05,2.4021351818005487e-05,1021086,37148,3160,7.34,0.7208927202682528,1.9329187798132106,0.005820683031322081,0.008074270786305257,0.011250907542582537,0.3824963112958847
750000.0,0.025,100000.0,87,4.0206861599121484e-05,2.4021351818005487e-05,1021087,37148,3197,5.74,0.7133997300782479,1.9201166113129515,0.00576656190217016,0.0080832129016052,0.011072471298521335,0.37458520187697764
750000.0,0.025,100000.0,88,4.0206861599121484e-05,2.4021351818005487e-05,1021088,37148,3129,7.97,0.7646603981267867,1.845041512666983,0.005929629718064782,0.007754592408068716,0.010940412984573341,0.3746021221763247
750000.0,0.025,100000.0,89,4.0206861599121484e-05,2.4021351818005487e-05,1021089,37148,3128,5.39,0.744006392773177,1.8727901439660617,0.005778737698036974,0.007767053823956483,0.010822363005448771,0.3741758839925481
750000.0,0.025,100000.0,90,4.0206861599121484e-05,2.4021351818005487e-05,1021090,37148,3196,5.96,0.7495498060549138,1.8958285205399101,0.005840205111678339,0.0077916171340460215,0.011072027416522766,0.38440261512622265
750000.0,0.025,100000.0,91,4.0206861599121484e-05,2.4021351818005487e-05,1021091,37148,3030,14.73,0.7358144033967042,1.8973778100192282,0.005859562953101231,0.007963370825648446,0.011117804723625016,0.37834248206499166
750000.0,0.025,100000.0,92,4.0206861599121484e-05,2.4021351818005487e-05,1021092,37148,3128,14.0,0.7430290649879446,1.8883061443392373,0.005871683900315562,0.007902360993658878,0.011087536786583653,0.3788500927166454
750000.0,0.025,100000.0,93,4.0206861599121484e-05,2.4021351818005487e-05,1021093,37148,3107,14.8,0.7296126844340095,1.903496027044672,0.0056474181363410725,0.007740295991046271,0.010749837985585257,0.37730623729681856
750000.0,0.025,100000.0,94,4.0206861599121484e-05,2.4021351818005487e-05,1021094,37148,3233,5.86,0.7645064794822442,1.883357832316101,0.005890337382428647,0.007704757958909426,0.011093613044181314,0.3872557440396388
750000.0,0.025,100000.0,95,4.0206861599121484e-05,2.4021351818005487e-05,1021095,37148,3196,14.0,0.7479241146970959,1.8914577069150933,0.005837810259831973,0.007805351031095242,0.011041971207467189,0.38221350904714557
750000.0,0.028,100000.0,0,4.0019860343500636e-05,2.39096290231138e-05,1022000,37148,3140,13.72,0.7586810308438733,1.8603129554238336,0.006134409574738435,0.008085624030846261,0.01141192160576192,0.3769658565475532
750000.0,0.028,100000.0,1,4.0019860343500636e-05,2.39096290231138e-05,1022001,37148,3037,6.67,0.7879964096090417,1.776376489769141,0.006076228977227364,0.007710985612538562,0.010793670301600682,0.36132871374988607
750000.0,0.028,100000.0,2,4.0019860343500636e-05,2.39096290231138e-05,1022002,37148,3141,11.0,0.7646906968953872,1.8451796496873296,0.005983439790802031,0.007824653569207198,0.01104052133711732,0.37466298291605304
750000.0,0.028,100000.0,3,4.0019860343500636e-05,2.39096290231138e-05,1022003,37148,3164,10.55,0.7595337587299272,1.8631572206005569,0.006017171928135739,0.007922191553667739,0.011210937325501078,0.3783140928771336
750000.0,0.028,100000.0,4,4.0019860343500636e-05,2.39096290231138e-05,1022004,37148,3199,9.78,0.7839470323570379,1.7932030933908778,0.006057659054166247,0.007727127987146164,0.010862612954638173,0.36549396085098873
750000.0,0.028,100000.0,5,4.0019860343500636e-05,2.39096290231138e-05,1022005,37148,3103,12.27,0.770647083937345,1.8299993459467723,0.006067620056013424,0.007873409479489748,0.011103740733958084,0.37223725456467427
750000.0,0.028,100000.0,6,4.0019860343500636e-05,2.39096290231138e-05,1022006,37148,3165,5.26,0.7689799245908784,1.8562472523166194,0.005947550958809445,0.007734338398981911,0.011040125125303108,0.38035623679510977
750000.0,0.028,100000.0,7,4.0019860343500636e-05,2.39096290231138e-05,1022007,37148,3193,5.59,0.7704156289650986,1.8336069553389125,0.0061999312554057535,0.008047514902746895,0.011368237072535104,0.373366069547691
750000.0,0.028,100000.0,8,4.0019860343500636e-05,2.39096290231138e-05,1022008,37148,3137,5.78,0.7988543262688669,1.826700846299406,0.006092183169394784,0.007626150311845923,0.01112859615134445,0.3836449227433153
750000.0,0.028,100000.0,9,4.0019860343500636e-05,2.39096290231138e-05,1022009,37148,3033,8.75,0.7817674629254187,1.8425337360928944,0.006163140803643088,0.007883598507131854,0.011355794851003062,0.38151668398913574
750000.0,0.028,100000.0,10,4.0019860343500636e-05,2.39096290231138e-05,1022010,37148,3098,12.14,0.7992440162778577,1.755302173760937,0.006299947087224384,0.007882382550155,0.011058310816783844,0.3587479194447114
750000.0,0.028,100000.0,11,4.0019860343500636e-05,2.39096290231138e-05,1022011,37148,3039,13.46,0.780258781215447,1.8112544632830394,0.006118117067722852,0.007841138369750051,0.011081466845801156,0.37015308389601154
750000.0,0.028,100000.0,12,4.0019860343500636e-05,2.39096290231138e-05,1022012,37148,3115,5.68,0.78863152591962,1.7707555986937218,0.006148592821215688,0.007796534400581867,0.010887655162255705,0.35958996615996786
750000.0,0.028,100000.0,13,4.0019860343500636e-05,2.39096290231138e-05,1022013,37148,3099,6.35,0.8082561973769565,1.7959277277797188,0.006226356097228416,0.0077034436821330704,0.011182085558042827,0.37713766778763647
750000.0,0.028,100000.0,14,4.0019860343500636e-05,2.39096290231138e-05,1022014,37148,3204,16.55,0.7489789730983296,1.8638584531215678,0.006013742623918647,0.008029254278049182,0.011208765024488247,0.3735707336496251
750000.0,0.028,100000.0,15,4.0019860343500636e-05,2.39096290231138e-05,1022015,37148,3141,13.31,0.768470051268356,1.8849238161818798,0.00594361659066748,0.00773435032485335,0.01120326446600288,0.3895544036728038
750000.0,0.028,100000.0,16,4.0019860343500636e-05,2.39096290231138e-05,1022016,37148,3182,13.06,0.7673294688359669,1.8108796711513946,0.006129494643812018,0.007988087116099446,0.011099777244910541,0.3640601316398199
750000.0,0.028,100000.0,17,4.0019860343500636e-05,2.39096290231138e-05,1022017,37148,3049,8.46,0.771201670853775,1.8102003484840286,0.006141055017569859,0.007962969025691134,0.011116539932864551,0.3656288679553812
750000.0,0.028,100000.0,18,4.0019860343500636e-05,2.39096290231138e-05,1022018,37148,3175,10.05,0.7649921097278566,1.8108096771748523,0.006047285728248542,0.007905030197500787,0.010950483517353834,0.3629360793229667
750000.0,0.028,100000.0,19,4.0019860343500636e-05,2.39096290231138e-05,1022019,37148,3169,18.03,0.7692341179154134,1.7906228910726392,0.006137946720616458,0.00797929600061161,0.010990747902120067,0.35776696695477317
750000.0,0.028,100000.0,20,4.0019860343500636e-05,2.39096290231138e-05,1022020,37148,3134,5.35,0.7982894963187276,1.7708966970413875,0.006425724110336467,0.008049365725051345,0.011379293603094058,0.3639723896634498
750000.0,0.028,100000.0,21,4.0019860343500636e-05,2.39096290231138e-05,1022021,37148,3040,13.81,0.7889977064560264,1.7387334907904526,0.00619105931524544,0.007846739305560312,0.010764602174887452,0.34796482058787637
750000.0,0.028,100000.0,22,4.0019860343500636e-05,2.39096290231138e-05,1022022,37148,3129,5.41,0.771317999377243,1.8414907821855888,0.0059256231087475575,0.007682464448556712,0.01091198033346454,0.3764611398917488
750000.0,0.028,100000.0,23,4.0019860343500636e-05,2.39096290231138e-05,1022023,37148,3155,5.45,0.7931639712236676,1.8046788897583845,0.005955049791081801,0.007507968096299867,0.010746952645425405,0.37363556295596057
750000.0,0.028,100000.0,24,4.0019860343500636e-05,2.39096290231138e-05,1022024,37148,3113,7.73,0.7844968395418724,1.8200457204203735,0.00607661627673565,0.007745877319638725,0.011059719449109504,0.3750974579428721
750000.0,0.028,100000.0,25,4.0019860343500636e-05,2.39096290231138e-05,1022025,37148,3212,5.6,0.770219437566719,1.8141158204676944,0.006167616484670306,0.008007609499125433,0.01118877063941775,0.3665422931337611
750000.0,0.028,100000.0,26,4.0019860343500636e-05,2.39096290231138e-05,1022026,37148,3060,5.91,0.7805614563071267,1.8247575930029039,0.006053291823942695,0.00775504833736104,0.01104579021840183,0.3749500991653991
750000.0,0.028,100000.0,27,4.0019860343500636e-05,2.39096290231138e-05,1022027,37148,3071,9.56,0.7754324951205004,1.8028611723308192,0.006289836457547016,0.00811139138110222,0.01133970192962234,0.3650085369074222
750000.0,0.028,100000.0,28,4.0019860343500636e-05,2.39096290231138e-05,1022028,37148,3233,14.98,0.7759825993473356,1.7991678418090813,0.0061501442087723,0.007925621288344701,0.01106514168291148,0.36395909331847975
750000.0,0.028,100000.0,29,4.0019860343500636e-05,2.39096290231138e-05,1022029,37148,3102,14.21,0.7751799350472546,1.7854862497652777,0.0058783990195007425,0.0075832703527631915,0.010495800619952266,0.358711647652985
750000.0,0.028,100000.0,30,4.0019860343500636e-05,2.39096290231138e-05,1022030,37148,3126,18.09,0.7701765996044486,1.8298993479350227,0.0060597074113872,0.00786794537058043,0.011088654640774461,0.37198635753548526
750000.0,0.028,100000.0,31,4.0019860343500636e-05,2.39096290231138e-05,1022031,37148,3086,5.26,0.7761690797190086,1.8422578096464342,0.005936072850502992,0.00764791204083006,0.010935776567469307,0.37891996935355376
750000.0,0.028,100000.0,32,4.0019860343500636e-05,2.39096290231138e-05,1022032,37148,3195,18.1,0.7575482217930405,1.8789009542081812,0.0059782449847766515,0.007891570216648052,0.011232530206387124,0.38260503436981863
750000.0,0.028,100000.0,33,4.0019860343500636e-05,2.39096290231138e-05,1022033,37148,3194,11.46,0.7814227543403398,1.8007618841858102,0.006205530401936444,0.007941322885043216,0.0111746826189634,0.3670131953916751
750000.0,0.028,100000.0,34,4.0019860343500636e-05,2.39096290231138e-05,1022034,37148,3166,18.97,0.8046804386379907,1.787791578878941,0.006286474495599294,0.007812386375689506,0.011238906164069655,0.3727654335097882
750000.0,0.028,100000.0,35,4.0019860343500636e-05,2.39096290231138e-05,1022035,37148,3137,17.08,0.7778699337446974,1.8050457414851087,0.006197116191248753,0.007966776863858955,0.011186078190501977,0.3668963861197496
750000.0,0.028,100000.0,36,4.0019860343500636e-05,2.39096290231138e-05,1022036,37148,3134,17.77,0.7531095464671292,1.8440902049445296,0.005922608405468041,0.007864205723126554,0.010921824148245754,0.36884104974309573
750000.0,0.028,100000.0,37,4.0019860343500636e-05,2.39096290231138e-05,1022037,37148,3091,5.49,0.7747808934278098,1.838405536517615,0.005998642424202494,0.007742372682505261,0.011027937444243312,0.37699070310374794
750000.0,0.028,100000.0,38,4.0019860343500636e-05,2.39096290231138e-05,1022038,37148,3139,17.13,0.7808786196506169,1.8287300247225657,0.006196250021882588,0.007934972050656136,0.011331268455704544,0.3764501243713545
750000.0,0.028,100000.0,39,4.0019860343500636e-05,2.39096290231138e-05,1022039,37148,3170,10.32,0.7513348237219986,1.851577846162618,0.006048567489431319,0.008050428781495358,0.011199393564450474,0.3705464412073066
750000.0,0.028,100000.0,40,4.0019860343500636e-05,2.39096290231138e-05,1022040,37148,3024,14.73,0.7654333910908643,1.8600800106456212,0.005952505774648726,0.007776647640319765,0.011072137004676724,0.38001338814858054
750000.0,0.028,100000.0,41,4.0019860343500636e-05,2.39096290231138e-05,1022041,37148,3108,6.04,0.7547834843354094,1.8413632887656817,0.005829122995822072,0.007722907452002138,0.010733533090206594,0.3687059827397724
750000.0,0.028,100000.0,42,4.0019860343500636e-05,2.39096290231138e-05,1022042,37148,3018,13.67,0.7353365889380523,1.8404651244995485,0.005883743549668749,0.00800142905735977,0.01082882480466451,0.3588790631718647
750000.0,0.028,100000.0,43,4.0019860343500636e-05,2.39096290231138e-05,1022043,37148,3097,5.53,0.7811836395007936,1.8251641915320367,0.006254341716872598,0.008006237458927536,0.011415200543240866,0.3753688723303217
750000.0,0.028,100000.0,44,4.0019860343500636e-05,2.39096290231138e-05,1022044,37148,3172,13.07,0.7680761585566771,1.8233625570001601,0.006234430867446353,0.008116943610333802,0.011367627807907708,0.3687612437576091
750000.0,0.028,100000.0,45,4.0019860343500636e-05,2.39096290231138e-05,1022045,37148,3084,11.41,0.7817487715179929,1.7963313854017275,0.006235358341505324,0.007976166472762803,0.011200769888072476,0.3656005365576809
750000.0,0.028,100000.0,46,4.0019860343500636e-05,2.39096290231138e-05,1022046,37148,3014,7.65,0.7967086075041859,1.8084519707783029,0.006022835411444545,0.007559646468879026,0.010892008569500239,0.37649324302052123
750000.0,0.028,100000.0,47,4.0019860343500636e-05,2.39096290231138e-05,1022047,37148,3153,4.91,0.7429853639784681,1.8526981582930637,0.005931376847718469,0.007983167819023635,0.010989050961910125,0.3668905206203782
750000.0,0.028,100000.0,48,4.0019860343500636e-05,2.39096290231138e-05,1022048,37148,3206,14.41,0.7888092000096516,1.808888120547706,0.006081707925338793,0.0077099860463904065,0.011001129218786179,0.3731691675715577
750000.0,0.028,100000.0,49,4.0019860343500636e-05,2.39096290231138e-05,1022049,37148,3055,18.64,0.7777900575042993,1.825591179349077,0.006051206331507341,0.007779999593879988,0.011047028903221089,0.37398525673475735
750000.0,0.028,100000.0,50,4.0019860343500636e-05,2.39096290231138e-05,1022050,37148,3166,19.41,0.7647758798766154,1.798873698335552,0.006118934667304252,0.008000951426830362,0.01100719063484722,0.35860627100283704
750000.0,0.028,100000.0,51,4.0019860343500636e-05,2.39096290231138e-05,1022051,37148,3087,6.37,0.7815830507940348,1.8118328374282084,0.00616361685568021,0.007886067705048617,0.011167443416447407,0.37095340281570366
750000.0,0.028,100000.0,52,4.0019860343500636e-05,2.39096290231138e-05,1022052,37148,3181,10.45,0.7694211894377012,1.8812566017831613,0.005892465342104718,0.007658309158876916,0.011085239325612976,0.38879197358996476
750000.0,0.028,100000.0,53,4.0019860343500636e-05,2.39096290231138e-05,1022053,37148,3016,9.95,0.7730229327983047,1.8057775739919106,0.006013757165358074,0.007779532676460931,0.010859507824636773,0.36492104133271985
750000.0,0.028,100000.0,54,4.0019860343500636e-05,2.39096290231138e-05,1022054,37148,3174,18.03,0.7945480012620132,1.7905816391799392,0.006313708380330773,0.007946289425311562,0.011305210300956796,0.3693174462913146
750000.0,0.028,100000.0,55,4.0019860343500636e-05,2.39096290231138e-05,1022055,37148,3078,4.87,0.7535365367258003,1.8434192263821876,0.006017702208202518,0.00798594615511293,0.011093147949243069,0.3688153972438917
750000.0,0.028,100000.0,56,4.0019860343500636e-05,2.39096290231138e-05,1022056,37148,3098,16.99,0.7712036748037281,1.7956829321713277,0.005967174910461274,0.007737482464641943,0.01071515413999628,0.36050115583741027
750000.0,0.028,100000.0,57,4.0019860343500636e-05,2.39096290231138e-05,1022057,37148,3129,4.65,0.7432987143858849,1.8959529526113466,0.006037954659912764,0.008123187277272955,0.011447677965195044,0.3814840887278381
750000.0,0.028,100000.0,58,4.0019860343500636e-05,2.39096290231138e-05,1022058,37148,3126,15.91,0.7834453047786863,1.8124033276702365,0.005999961147989034,0.007658430156376965,0.010874349550507457,0.3719904238443106
750000.0,0.028,100000.0,59,4.0019860343500636e-05,2.39096290231138e-05,1022059,37148,3239,18.09,0.7576698833315137,1.8532271628394,0.005986333170496428,0.007900978120146746,0.011094035237370485,0.37410910486999893
750000.0,0.028,100000.0,60,4.0019860343500636e-05,2.39096290231138e-05,1022060,37148,3130,10.78,0.7883251130241408,1.80261790885281,0.006238523919047759,0.007913643515827863,0.011245674941282108,0.37077287451534024
750000.0,0.028,100000.0,61,4.0019860343500636e-05,2.39096290231138e-05,1022061,37148,3196,8.8,0.7857238495834522,1.8185238311914018,0.006180109001413293,0.007865497534139568,0.01123867549843057,0.37512180427692454
750000.0,0.028,100000.0,62,4.0019860343500636e-05,2.39096290231138e-05,1022062,37148,3075,7.4,0.7729438049135796,1.8267570088817937,0.0060395999987502,0.007813763381447205,0.0110328816285594,0.37217837340260285
750000.0,0.028,100000.0,63,4.0019860343500636e-05,2.39096290231138e-05,1022063,37148,3169,15.36,0.7605212535307454,1.8345493466588194,0.006177750867128261,0.008123048288851686,0.011333388817111106,0.3690854788998037
750000.0,0.028,100000.0,64,4.0019860343500636e-05,2.39096290231138e-05,1022064,37148,3152,5.4,0.8074000790790534,1.752564318211478,0.00614029920525141,0.007605026757311237,0.010761269290265918,0.3613520119324608
750000.0,0.028,100000.0,65,4.0019860343500636e-05,2.39096290231138e-05,1022065,37148,3094,16.09,0.8046453801391755,1.8295914188093372,0.0061328475732751455,0.007621801758452123,0.011220605292929875,0.3870807780577533
750000.0,0.028,100000.0,66,4.0019860343500636e-05,2.39096290231138e-05,1022066,37148,3067,4.6,0.7664641152544369,1.8278671245744929,0.006092324919082402,0.007948610767067656,0.01113596043181668,0.36956781715775766
750000.0,0.028,100000.0,67,4.0019860343500636e-05,2.39096290231138e-05,1022067,37148,3199,16.36,0.7730813671940708,1.83288558083224,0.005950535052187663,0.007697165272247297,0.010906649895391588,0.3743404044627143
750000.0,0.028,100000.0,68,4.0019860343500636e-05,2.39096290231138e-05,1022068,37148,3223,17.57,0.7846173711622084,1.7951638640296743,0.006148138893774724,0.007835843456623756,0.011036916773139761,0.3664905408895123
750000.0,0.028,100000.0,69,4.0019860343500636e-05,2.39096290231138e-05,1022069,37148,3116,12.64,0.7930424427054518,1.7996862433311769,0.006085817613387837,0.007674012493740142,0.010952562238236666,0.3718442402869524
750000.0,0.028,100000.0,70,4.0019860343500636e-05,2.39096290231138e-05,1022070,37148,3179,16.31,0.75565248449947,1.834583327728163,0.0061136748020207314,0.00809059048627401,0.011216045862939011,0.3667881951504115
750000.0,0.028,100000.0,71,4.0019860343500636e-05,2.39096290231138e-05,1022071,37148,3147,18.22,0.7725930189323328,1.8393688229484182,0.005999251084347699,0.007765085804992421,0.011034835405588648,0.3763234165518634
750000.0,0.028,100000.0,72,4.0019860343500636e-05,2.39096290231138e-05,1022072,37148,3085,16.99,0.7726290084476367,1.8491650770158132,0.006018914065937316,0.007790173550473461,0.011129965692290538,0.37964374742071294
750000.0,0.028,100000.0,73,4.0019860343500636e-05,2.39096290231138e-05,1022073,37148,3075,9.67,0.7877833113931009,1.8269059012618336,0.006079379834221021,0.007717071111179497,0.01110645489515057,0.3788994294018839
750000.0,0.028,100000.0,74,4.0019860343500636e-05,2.39096290231138e-05,1022074,37148,3222,17.59,0.7722953521024463,1.815275560980834,0.005910430764487849,0.007653070484494927,0.01072906052164406,0.36790825153699547
750000.0,0.028,100000.0,75,4.0019860343500636e-05,2.39096290231138e-05,1022075,37148,3082,13.21,0.7906426568716961,1.8105534954525753,0.006004728543053079,0.007594743960326839,0.010871882252868602,0.37455758869207634
750000.0,0.028,100000.0,76,4.0019860343500636e-05,2.39096290231138e-05,1022076,37148,3085,19.01,0.798742219610965,1.7501289380895884,0.006084746103835844,0.007617909701579913,0.010649090237250986,0.356627866787941
750000.0,0.028,100000.0,77,4.0019860343500636e-05,2.39096290231138e-05,1022077,37148,3138,18.67,0.7366469155250944,1.9050646877030548,0.006023979838909521,0.008177567450500389,0.011476071270541666,0.38125396075814
750000.0,0.028,100000.0,78,4.0019860343500636e-05,2.39096290231138e-05,1022078,37148,3073,4.66,0.7362209130312278,1.8740392381838895,0.005849806789789427,0.007945722114445422,0.010962767459859923,0.3708008057843488
750000.0,0.028,100000.0,79,4.0019860343500636e-05,2.39096290231138e-05,1022079,37148,3031,4.83,0.7989196480007336,1.806401850213053,0.006068214123335403,0.007595524954882361,0.010961633219882052,0.3767471140416069
750000.0,0.028,100000.0,80,4.0019860343500636e-05,2.39096290231138e-05,1022080,37148,3392,15.65,0.801766445875377,1.7501493105858839,0.006250218443358087,0.007795560010663745,0.010938815499654333,0.3579844886100474
750000.0,0.028,100000.0,81,4.0019860343500636e-05,2.39096290231138e-05,1022081,37148,3048,11.7,0.7955329078513907,1.7948962557946422,0.006272152881558811,0.007884215498386998,0.011257863722881485,0.37126755446625526
750000.0,0.028,100000.0,82,4.0019860343500636e-05,2.39096290231138e-05,1022082,37148,2994,8.57,0.7761894704320482,1.8859103798589618,0.0059908246002265,0.007718250283518847,0.011298158297481571,0.39330488550504805
750000.0,0.028,100000.0,83,4.0019860343500636e-05,2.39096290231138e-05,1022083,37148,3162,5.94,0.7725152506046582,1.8434537461511038,0.006288500939161181,0.008140293585452308,0.011592560613971414,0.37767008493258025
750000.0,0.028,100000.0,84,4.0019860343500636e-05,2.39096290231138e-05,1022084,37148,3137,12.23,0.7604369881384333,1.856684732967861,0.005815089687646499,0.00764703687268286,0.010796788243892103,0.3765680007688825
750000.0,0.028,100000.0,85,4.0019860343500636e-05,2.39096290231138e-05,1022085,37148,3108,4.52,0.7478703810995146,1.8660885243004393,0.0060270666542764865,0.008058972258555725,0.011247039918739194,0.37378905851650646
750000.0,0.028,100000.0,86,4.0019860343500636e-05,2.39096290231138e-05,1022086,37148,3163,5.55,0.7911302275272573,1.8097079612375517,0.0061743803697183654,0.0078045056994180345,0.011173825310788183,0.3744807315163605
750000.0,0.028,100000.0,87,4.0019860343500636e-05,2.39096290231138e-05,1022087,37148,3206,15.78,0.7882577078413504,1.7931709872283979,0.006124797410331348,0.0077700444276075035,0.010982809018857799,0.36742768566397677
750000.0,0.028,100000.0,88,4.0019860343500636e-05,2.39096290231138e-05,1022088,37148,3039,14.87,0.7569726453845051,1.8463934091670484,0.005942727444056059,0.00785065019230311,0.010972612785181248,0.37146339224749525
750000.0,0.028,100000.0,89,4.0019860343500636e-05,2.39096290231138e-05,1022089,37148,3144,12.5,0.7821110642634702,1.7780358787828126,0.0061508112731426265,0.007864370617151376,0.01093636312726938,0.3592393683715699
750000.0,0.028,100000.0,90,4.0019860343500636e-05,2.39096290231138e-05,1022090,37148,3134,6.3,0.7587831064574201,1.8244622733100981,0.005892280104449104,0.0077654339617005625,0.010750242754343074,0.3647718298904469
750000.0,0.028,100000.0,91,4.0019860343500636e-05,2.39096290231138e-05,1022091,37148,3131,12.71,0.778323208117009,1.8253223191210113,0.005976512498763799,0.007678702673177031,0.010909061654499248,0.37413429292018985
750000.0,0.028,100000.0,92,4.0019860343500636e-05,2.39096290231138e-05,1022092,37148,3133,13.15,0.7685712998600049,1.8701669563339194,0.0060007353693459255,0.007807649557612882,0.011222377001454967,0.38478341419252937
750000.0,0.028,100000.0,93,4.0019860343500636e-05,2.39096290231138e-05,1022093,37148,3150,10.19,0.7864311909980525,1.8120421700749587,0.006274527268633369,0.00797848221237312,0.011369708008048913,0.3732024836998271
750000.0,0.028,100000.0,94,4.0019860343500636e-05,2.39096290231138e-05,1022094,37148,3178,5.22,0.7847273342467811,1.8099668417171628,0.006172519802722969,0.007865814701927836,0.011172056172771137,0.37172109200160286
750000.0,0.028,100000.0,95,4.0019860343500636e-05,2.39096290231138e-05,1022095,37148,3038,12.57,0.8238420488321859,1.7411362899540772,0.006261094503509366,0.007599872466311479,0.010901418854892164,0.3642585816432261
