pos,p_AA,n_AA,p_BB,n_BB,dp,fst
60117277,0.9892086330935251,278,0.0,102,0.9892086330935251,0.9891696750902527
60117277,0.007194244604316547,278,0.9803921568627451,102,0.9731979122584286,0.9726938636642846
60149569,0.9472049689440993,322,0.0,122,0.9472049689440993,0.9470404984423676
60165662,0.9281437125748503,334,0.0,142,0.9281437125748503,0.9279279279279278
60201715,0.9901960784313726,306,0.0,128,0.9901960784313726,0.9901639344262296
60201715,0.0,306,1.0,128,1.0,1.0
60223773,0.006535947712418301,306,0.9444444444444444,126,0.9379084967320261,0.936712965722802
60305092,0.9897959183673469,294,0.008771929824561403,114,0.9810239885427855,0.9807314501912594
60350020,0.9842767295597484,318,0.0,134,0.9842767295597484,0.9842271293375395
60350020,0.009433962264150943,318,1.0,134,0.9905660377358491,0.9905362776025236
60445165,1.0,304,0.0,124,1.0,1.0
60445165,0.0,304,1.0,124,1.0,1.0
60515079,0.9939393939393939,330,0.0,124,0.9939393939393939,0.9939209726443768
60515079,0.006060606060606061,330,1.0,124,0.9939393939393939,0.9939209726443768
60541371,0.9939759036144579,332,0.013333333333333334,150,0.9806425702811246,0.9803734894818156
60541371,0.0,332,0.98,150,0.98,0.9798657718120805
60564300,0.9577464788732394,284,0.012195121951219513,164,0.9455513569220199,0.9442927636142109
60569950,0.030054644808743168,366,1.0,120,0.9699453551912568,0.9698630136986301
60625544,0.9459459459459459,296,0.014492753623188406,138,0.9314531923227576,0.9295915290282296
60629280,0.9570552147239264,326,0.006944444444444444,144,0.950110770279482,0.9493309433116737
60692502,0.9777070063694268,314,0.0,108,0.9777070063694268,0.9776357827476039
60774455,0.9696969696969697,264,0.0,120,0.9696969696969697,0.9695817490494297
60778422,0.9115384615384615,260,0.0,136,0.9115384615384615,0.9111969111969112
60781305,0.9007633587786259,262,0.0,154,0.9007633587786259,0.900383141762452
60861815,0.9921259842519685,254,0.0,102,0.9921259842519685,0.992094861660079
60862568,0.0,298,0.9,100,0.9,0.8989898989898991
60877676,0.9307692307692308,260,0.0,152,0.9307692307692308,0.9305019305019304
60879944,0.9416058394160584,274,0.02564102564102564,156,0.9159648137750327,0.9125854317812794
60880821,0.9575757575757575,330,0.03571428571428571,140,0.9218614718614718,0.9184397103416599
60881329,0.9848484848484849,264,0.0,110,0.9848484848484849,0.9847908745247148
60881543,0.9555555555555556,270,0.0,148,0.9555555555555556,0.9553903345724908
60882025,0.9448529411764706,272,0.0,164,0.9448529411764706,0.9446494464944649
60888831,0.90625,320,0.0,158,0.90625,0.9059561128526646
60889634,0.9534883720930233,258,0.0,150,0.9534883720930233,0.9533073929961089
60896192,0.9049079754601227,326,0.0,158,0.9049079754601227,0.9046153846153846
60896303,0.9685534591194969,318,0.012048192771084338,166,0.9565052663484125,0.9555723874573336
60896394,0.976027397260274,292,0.0,150,0.976027397260274,0.9759450171821307
60896974,0.9705882352941176,272,0.014084507042253521,142,0.9565037282518641,0.9554630389836677
60896974,0.9705882352941176,272,0.0,142,0.9705882352941176,0.9704797047970479
60898244,0.939873417721519,316,0.0058823529411764705,170,0.9339910647803426,0.9330552742087834
60902856,0.9790419161676647,334,0.02631578947368421,152,0.9527261266939805,0.951381839945663
60903779,0.9171974522292994,314,0.0,164,0.9171974522292994,0.9169329073482428
60906622,0.9423076923076923,260,0.021739130434782608,138,0.9205685618729097,0.9176714599397876
60908622,0.9290780141843972,282,0.0,160,0.9290780141843972,0.9288256227758007
60908983,0.9294478527607362,326,0.0,152,0.9294478527607362,0.9292307692307692
60910745,0.9828767123287672,292,0.0,114,0.9828767123287672,0.9828178694158076
60920606,0.9525316455696202,316,0.0,164,0.9525316455696202,0.9523809523809523
60922235,0.946969696969697,264,0.024096385542168676,166,0.9228733114275284,0.919964358534245
60922235,0.946969696969697,264,0.0,166,0.946969696969697,0.9467680608365019
60923543,0.9596273291925466,322,0.0,116,0.9596273291925466,0.9595015576323987
60924156,0.9514925373134329,268,0.023809523809523808,126,0.927683013503909,0.9249930574935705
60924811,0.9060402684563759,298,0.0,158,0.9060402684563759,0.9057239057239057
60927594,0.9333333333333333,330,0.01875,160,0.9145833333333333,0.9117577481568814
60928661,0.9473684210526315,304,0.024096385542168676,166,0.9232720355104629,0.9204108356041085
60928912,0.9516129032258065,310,0.0,170,0.9516129032258065,0.9514563106796117
60930094,0.965625,320,0.005747126436781609,174,0.9598778735632183,0.9593401660806463
60933442,0.9572368421052632,304,0.0375,160,0.9197368421052632,0.9161484168268245
60936863,0.9545454545454546,352,0.028735632183908046,174,0.9258098223615465,0.9228979319181356
60940948,0.9205298013245033,302,0.0,140,0.9205298013245033,0.920265780730897
60943001,0.9363057324840764,314,0.0,138,0.9363057324840764,0.9361022364217252
60945037,0.9656488549618321,262,0.0547945205479452,146,0.9108543344138869,0.9065758323033646
60946048,0.9509803921568627,306,0.043209876543209874,162,0.9077705156136529,0.9031047792648323
60946443,0.9735099337748344,302,0.07246376811594203,138,0.9010461656588924,0.896586459991212
60949299,0.9857142857142858,350,0.0,156,0.9857142857142858,0.9856733524355301
60954533,0.9094202898550725,276,0.0,134,0.9094202898550725,0.9090909090909092
60954757,0.9197080291970803,274,0.0,146,0.9197080291970803,0.9194139194139195
60956507,0.9330708661417323,254,0.0,146,0.9330708661417323,0.932806324110672
60957006,0.9673202614379085,306,0.0,154,0.9673202614379085,0.9672131147540984
60957198,0.9701492537313433,268,0.0,148,0.9701492537313433,0.9700374531835206
60957629,0.9094202898550725,276,0.0,158,0.9094202898550725,0.9090909090909092
60960087,0.9242424242424242,264,0.006097560975609756,164,0.9181448632668144,0.9168917916894083
60960441,0.9420289855072463,276,0.013157894736842105,152,0.9288710907704042,0.9270421749998364
60960441,0.9420289855072463,276,0.0,152,0.9420289855072463,0.9418181818181818
60960562,0.9676258992805755,278,0.0,146,0.9676258992805755,0.9675090252707581
60961292,0.948905109489051,274,0.012987012987012988,154,0.935918096502038,0.9343139568628772
60961368,0.9666666666666667,270,0.04054054054054054,148,0.9261261261261261,0.923017443251319
60961565,0.9357142857142857,280,0.028169014084507043,142,0.9075452716297787,0.9034882334856439
60964100,0.958904109589041,292,0.0,160,0.958904109589041,0.9587628865979381
60964355,0.9709677419354839,310,0.025974025974025976,154,0.9449937159614579,0.9432168640870142
60964667,0.9755244755244755,286,0.0,152,0.9755244755244755,0.9754385964912281
60967153,0.9669117647058824,272,0.0,152,0.9669117647058824,0.966789667896679
60969434,0.9701986754966887,302,0.05,120,0.9201986754966887,0.9166917375872305
60969749,0.935251798561151,278,0.006578947368421052,152,0.92867285119273,0.9275399296654802
60973162,0.9407407407407408,270,0.0,148,0.9407407407407408,0.9405204460966543
60975403,0.9610778443113772,334,0.05194805194805195,154,0.9091297923633253,0.9046283268076902
60983614,0.9698795180722891,332,0.0,156,0.9698795180722891,0.9697885196374623
60988008,0.9265734265734266,286,0.019736842105263157,152,0.9068365844681634,0.9035441549107565
60988633,0.03254437869822485,338,0.9384615384615385,130,0.9059171597633136,0.9013346485066256
60991377,0.016483516483516484,364,0.9285714285714286,112,0.9120879120879121,0.9090369055253955
60995475,0.958904109589041,292,0.028985507246376812,138,0.9299186023426642,0.9271767083816039
60995479,0.9652777777777778,288,0.00684931506849315,146,0.9584284627092846,0.9577823405785078
60995486,0.958041958041958,286,0.006944444444444444,144,0.9510975135975136,0.9503162406705646
60995486,0.958041958041958,286,0.0,144,0.958041958041958,0.9578947368421052
60996728,0.9503311258278145,302,0.0,152,0.9503311258278145,0.9501661129568106
60996768,0.9548022598870056,354,0.0,158,0.9548022598870056,0.9546742209631728
60996817,0.9444444444444444,342,0.012345679012345678,162,0.9320987654320987,0.9304830720545797
60996855,0.9240506329113924,316,0.012658227848101266,158,0.9113924050632912,0.9091425804426141
60996855,0.9240506329113924,316,0.0,158,0.9240506329113924,0.9238095238095239
60997152,0.9300699300699301,286,0.011904761904761904,168,0.9181651681651682,0.9161785037039686
60999099,0.9418604651162791,258,0.007042253521126761,142,0.9348182115951523,0.9337193280939572
61000642,0.9734848484848485,264,0.019230769230769232,104,0.9542540792540792,0.9529409249127361
61000642,0.0,264,0.9711538461538461,104,0.9711538461538461,0.970873786407767
61000922,0.9428571428571428,280,0.0,150,0.9428571428571428,0.942652329749104
61000963,0.9186046511627907,258,0.0,156,0.9186046511627907,0.9182879377431907
61003329,0.9340277777777778,288,0.0,120,0.9340277777777778,0.9337979094076655
61004665,0.9263565891472868,258,0.0,160,0.9263565891472868,0.9260700389105059
61007991,0.9827586206896551,290,0.0,132,0.9827586206896551,0.9826989619377162
61033864,0.9107142857142857,336,0.0,166,0.9107142857142857,0.9104477611940297
61034219,0.9366197183098591,284,0.0,132,0.9366197183098591,0.9363957597173145
61039002,0.9409722222222222,288,0.0,124,0.9409722222222222,0.9407665505226481
61039002,0.006944444444444444,288,0.9758064516129032,124,0.9688620071684588,0.9683032731996437
61039749,0.9863013698630136,292,0.0,130,0.9863013698630136,0.986254295532646
61039749,0.00684931506849315,292,1.0,130,0.9931506849315068,0.993127147766323
61043630,0.9795918367346939,294,0.0,124,0.9795918367346939,0.9795221843003412
61044227,0.9871794871794872,312,0.0,136,0.9871794871794872,0.9871382636655949
61044227,0.00641025641025641,312,0.9632352941176471,136,0.9568250377073907,0.9560585135473404
61046565,0.9753521126760564,284,0.03205128205128205,156,0.9433008306247743,0.9414217453717745
61051629,0.9635036496350365,274,0.034722222222222224,144,0.9287814274128143,0.925863881940734
61052132,0.9777777777777777,270,0.0,118,0.9777777777777777,0.9776951672862453
61071108,0.9575163398692811,306,0.0,134,0.9575163398692811,0.957377049180328
61075832,0.9621212121212122,264,0.0273972602739726,146,0.9347239518472396,0.9323089136215902
61078308,0.9407894736842105,304,0.0,144,0.9407894736842105,0.9405940594059405
61080601,0.972972972972973,296,0.0,96,0.972972972972973,0.9728813559322034
61085342,0.9708029197080292,274,0.006944444444444444,144,0.9638584752635848,0.9632954439767245
61085935,0.9640287769784173,278,0.019230769230769232,104,0.944798007747648,0.9430906810926613
61085935,0.9640287769784173,278,0.0,104,0.9640287769784173,0.9638989169675091
61087432,0.9661654135338346,266,0.0,108,0.9661654135338346,0.9660377358490565
61089180,0.9572368421052632,304,0.04310344827586207,116,0.9141333938294011,0.9099237575695055
61089616,0.9849397590361446,332,0.05844155844155844,154,0.9264982005945862,0.9243055294999857
61091419,0.9375,336,0.0,162,0.9375,0.9373134328358208
61091468,0.9427710843373494,332,0.006024096385542169,166,0.9367469879518072,0.9358453974975649
61092022,0.9417808219178082,292,0.0,120,0.9417808219178082,0.9415807560137458
61093230,0.9664429530201343,298,0.0,156,0.9664429530201343,0.9663299663299665
61093970,0.9655172413793104,290,0.0,152,0.9655172413793104,0.9653979238754327
61094015,0.9671052631578947,304,0.02,150,0.9471052631578947,0.9455418994215639
61094078,0.9659863945578231,294,0.02564102564102564,156,0.9403453689167974,0.9383141867029203
61095561,0.9391891891891891,296,0.0,160,0.9391891891891891,0.9389830508474577
61095904,0.9535714285714286,280,0.0,152,0.9535714285714286,0.953405017921147
61098069,0.9103448275862069,290,0.0,166,0.9103448275862069,0.9100346020761245
61098094,0.9051094890510949,274,0.0,164,0.9051094890510949,0.9047619047619048
61098094,0.9051094890510949,274,0.0,164,0.9051094890510949,0.9047619047619048
61098099,0.927536231884058,276,0.012195121951219513,164,0.9153411099328385,0.9132300222799592
61098595,0.9697986577181208,298,0.05,160,0.9197986577181207,0.9163578148552419
61099017,0.946969696969697,264,0.0,138,0.946969696969697,0.9467680608365019
61099186,0.9468085106382979,282,0.0,152,0.9468085106382979,0.9466192170818505
61099187,0.9468085106382979,282,0.0,152,0.9468085106382979,0.9466192170818505
61102374,0.922077922077922,308,0.0,154,0.922077922077922,0.9218241042345277
61103190,0.9413793103448276,290,0.006493506493506494,154,0.9348858038513211,0.9338759674644758
61112511,0.9657534246575342,292,0.05063291139240506,158,0.9151205132651291,0.9112085617183455
61112512,0.9657534246575342,292,0.05194805194805195,154,0.9138053727094823,0.9097863057057318
61113873,0.9484848484848485,330,0.041666666666666664,144,0.9068181818181819,0.9020759987288272
61118048,0.9533333333333334,300,0.02027027027027027,148,0.9330630630630631,0.9308713589921207
61120023,0.9127906976744186,344,0.007042253521126761,142,0.9057484441532918,0.9042112433891681
61120319,0.976027397260274,292,0.0,118,0.976027397260274,0.9759450171821307
61121651,0.9642857142857143,336,0.007142857142857143,140,0.9571428571428572,0.9564723001932267
61121960,0.9779874213836478,318,0.0,126,0.9779874213836478,0.9779179810725552
61122465,0.9847560975609756,328,0.0,126,0.9847560975609756,0.9847094801223242
61155584,0.9242424242424242,264,0.0,118,0.9242424242424242,0.923954372623574
61176626,0.9965753424657534,292,0.0,122,0.9965753424657534,0.9965635738831615
61177258,0.9135338345864662,266,0.0,134,0.9135338345864662,0.9132075471698113
61177982,0.9137931034482759,290,0.0,150,0.9137931034482759,0.9134948096885814
61178022,0.9346153846153846,260,0.0,114,0.9346153846153846,0.9343629343629343
61178324,0.9111842105263158,304,0.0,156,0.9111842105263158,0.9108910891089109
61178324,0.9111842105263158,304,0.0,156,0.9111842105263158,0.9108910891089109
61178327,0.9172185430463576,302,0.0,158,0.9172185430463576,0.9169435215946844
61178448,0.9697986577181208,298,0.02142857142857143,140,0.9483700862895493,0.946814808260775
61179196,0.9171974522292994,314,0.00625,160,0.9109474522292994,0.9096047049327128
61179196,0.9171974522292994,314,0.0125,160,0.9046974522292994,0.9022789107064191
61181652,0.9125874125874126,286,0.006172839506172839,162,0.9064145730812397,0.9049862681724526
61188570,0.96875,320,0.03896103896103896,154,0.929788961038961,0.9269959376121308
61188939,0.9630872483221476,298,0.013513513513513514,148,0.9495737348086342,0.9483558161574164
61189030,0.946969696969697,264,0.006666666666666667,150,0.9403030303030303,0.9393463471814305
61192143,0.958041958041958,286,0.05303030303030303,132,0.905011655011655,0.9000067425465667
61202177,0.9398496240601504,266,0.006944444444444444,144,0.932905179615706,0.9317903901565627
61215556,0.972027972027972,286,0.0,120,0.972027972027972,0.9719298245614035
61216913,0.95,260,0.007142857142857143,140,0.9428571428571428,0.9418949608200177
61217508,0.9932432432432432,296,0.0,112,0.9932432432432432,0.9932203389830507
61227190,0.9006622516556292,302,0.0,146,0.9006622516556292,0.9003322259136213
61234019,0.9290540540540541,296,0.0,158,0.9290540540540541,0.9288135593220339
61235513,0.9267515923566879,314,0.0,152,0.9267515923566879,0.9265175718849841
61235523,0.9387096774193548,310,0.0,150,0.9387096774193548,0.9385113268608414
61238517,0.9172413793103448,290,0.0,132,0.9172413793103448,0.916955017301038
61241868,0.9620689655172414,290,0.037037037037037035,108,0.9250319284802044,0.9217353967970395
61263252,0.9096774193548387,310,0.0,154,0.9096774193548387,0.9093851132686084
61263663,0.9420731707317073,328,0.0,164,0.9420731707317073,0.9418960244648318
61264843,0.9460431654676259,278,0.029411764705882353,136,0.9166314007617435,0.9130381816267514
61264972,0.96,300,0.05405405405405406,148,0.9059459459459459,0.9011189505870907
61264972,0.96,300,0.0,148,0.96,0.959866220735786
61267382,0.9448529411764706,272,0.0410958904109589,146,0.9037570507655117,0.8987361351104597
61267382,0.9448529411764706,272,0.0,146,0.9448529411764706,0.9446494464944649
61267853,0.9083969465648855,262,0.0,170,0.9083969465648855,0.9080459770114943
61268143,0.9198473282442748,262,0.0,146,0.9198473282442748,0.9195402298850575
61268196,0.9236111111111112,288,0.00684931506849315,146,0.916761796042618,0.915397605468592
61274856,0.9427480916030534,262,0.03424657534246575,146,0.9085015162605876,0.9041203711936936
61277911,0.937984496124031,258,0.0,162,0.937984496124031,0.9377431906614786
61277982,0.9728682170542635,258,0.05714285714285714,140,0.9157253599114064,0.912101416881857
61278587,0.9763313609467456,338,0.05063291139240506,158,0.9256984495543404,0.9229040372535001
61278731,0.9241379310344827,290,0.0,140,0.9241379310344827,0.9238754325259515
61278755,0.9724137931034482,290,0.0546875,128,0.9177262931034482,0.9141760278535055
61278865,0.954225352112676,284,0.022058823529411766,136,0.9321665285832642,0.9298151549277224
61279325,0.9883720930232558,258,0.0,96,0.9883720930232558,0.9883268482490272
61279325,0.003875968992248062,258,0.9583333333333334,96,0.9544573643410853,0.9536785129264298
61280370,0.9370629370629371,286,0.0,166,0.9370629370629371,0.9368421052631579
61280446,0.9356060606060606,264,0.0,152,0.9356060606060606,0.9353612167300379
61280446,0.9356060606060606,264,0.0,152,0.9356060606060606,0.9353612167300379
61281656,0.9452554744525548,274,0.03424657534246575,146,0.911008899110089,0.9068180793506031
61283412,0.9198473282442748,262,0.0,138,0.9198473282442748,0.9195402298850575
61290409,0.9391025641025641,312,0.017241379310344827,116,0.9218611847922192,0.9194075594474026
61300769,0.9683098591549296,284,0.040983606557377046,122,0.9273262525975525,0.9242700502178238
61301556,0.94,300,0.013157894736842105,152,0.9268421052631578,0.9249700500368921
61304163,0.9696969696969697,330,0.0,128,0.9696969696969697,0.9696048632218845
61304278,0.9971264367816092,348,0.0,108,0.9971264367816092,0.9971181556195965
61307187,0.9444444444444444,288,0.0,118,0.9444444444444444,0.9442508710801393
61310446,1.0,288,0.05084745762711865,118,0.9491525423728814,0.9487179487179487
61310446,0.0,288,0.940677966101695,118,0.940677966101695,0.9401709401709403
61314150,0.9696969696969697,264,0.006756756756756757,148,0.9629402129402129,0.9623675161526246
61314179,0.9647887323943662,284,0.006578947368421052,152,0.9582097850259452,0.9575763392280796
61321843,0.9548872180451128,266,0.04,150,0.9148872180451127,0.9108348075778198
61328122,0.9822695035460993,282,0.0,154,0.9822695035460993,0.9822064056939502
61328273,0.9746376811594203,276,0.0,148,0.9746376811594203,0.9745454545454545
61328273,0.9746376811594203,276,0.0,148,0.9746376811594203,0.9745454545454545
61331415,0.975609756097561,328,0.00684931506849315,146,0.9687604410290678,0.9683029447100494
61332584,0.9738562091503268,306,0.0,108,0.9738562091503268,0.9737704918032787
61335463,0.9620253164556962,316,0.0,176,0.9620253164556962,0.961904761904762
61335802,0.9420731707317073,328,0.011764705882352941,170,0.9303084648493544,0.9286945105282453
61335812,0.9325153374233128,326,0.012345679012345678,162,0.9201696584109671,0.9182141755034552
61335846,0.9281437125748503,334,0.00641025641025641,156,0.9217334561645939,0.9205515371010232
61335952,0.9701986754966887,302,0.012987012987012988,154,0.9572116625096757,0.9562505032482072
61335957,0.9640522875816994,306,0.012048192771084338,166,0.952004094810615,0.9509437201637972
61336339,0.9607843137254902,306,0.007246376811594203,138,0.953537936913896,0.9527854204557938
61338208,0.9598540145985401,274,0.028846153846153848,104,0.9310078607523863,0.9282548476069072
61338208,0.9598540145985401,274,0.0,104,0.9598540145985401,0.9597069597069597
61338252,0.9444444444444444,288,0.00684931506849315,146,0.9375951293759512,0.9365898872753063
61338252,0.9444444444444444,288,0.0,146,0.9444444444444444,0.9442508710801393
61338661,0.9774436090225563,266,0.019230769230769232,104,0.9582128397917871,0.9570683941447817
61339400,0.96,300,0.014705882352941176,136,0.9452941176470588,0.9438700170453623
61339526,0.9814814814814815,270,0.008620689655172414,116,0.9728607918263091,0.9723958180877948
61341884,0.9365671641791045,268,0.0,146,0.9365671641791045,0.9363295880149812
61342796,0.9820143884892086,278,0.03125,128,0.9507643884892086,0.9493242086027325
61343403,0.9357142857142857,280,0.0,126,0.9357142857142857,0.9354838709677419
61366986,0.9319727891156463,294,0.0136986301369863,146,0.91827415897866,0.9160777473225131
61368711,0.9624060150375939,266,0.02142857142857143,140,0.9409774436090225,0.9390641326477068
61373194,0.99375,320,0.0,118,0.99375,0.9937304075235109
61449062,0.9555555555555556,270,0.0,98,0.9555555555555556,0.9553903345724908
61450528,0.9021739130434783,276,0.0,102,0.9021739130434783,0.9018181818181819
61451034,0.9673202614379085,306,0.06,150,0.9073202614379086,0.9028864358746728
61451035,0.9673202614379085,306,0.06,150,0.9073202614379086,0.9028864358746728
61461684,0.9911242603550295,338,0.0,102,0.9911242603550295,0.9910979228486647
61461700,0.9166666666666666,336,0.0,168,0.9166666666666666,0.9164179104477611
61463042,0.9803149606299213,254,0.0,134,0.9803149606299213,0.9802371541501976
61465550,1.0,274,0.008620689655172414,116,0.9913793103448276,0.991304347826087
61465550,0.0,274,0.9051724137931034,116,0.9051724137931034,0.9043478260869565
61465620,1.0,270,0.0,120,1.0,1.0
61466716,0.9542682926829268,328,0.0,138,0.9542682926829268,0.9541284403669724
61474139,0.9925373134328358,268,0.0,100,0.9925373134328358,0.9925093632958801
61485511,0.927007299270073,274,0.0,150,0.927007299270073,0.9267399267399267
61485518,0.9244604316546763,278,0.02,150,0.9044604316546763,0.9010261469789433
61486048,1.0,286,0.0,130,1.0,1.0
61497341,0.9583333333333334,312,0.0,154,0.9583333333333334,0.9581993569131834
61497847,0.9072847682119205,302,0.007042253521126761,142,0.9002425146907937,0.898573564812754
61497977,0.011194029850746268,268,0.9907407407407407,108,0.9795467108899945,0.9792096398297531
61497977,0.9850746268656716,268,0.0,108,0.9850746268656716,0.9850187265917603
61507762,0.9171974522292994,314,0.0,136,0.9171974522292994,0.9169329073482428
61522858,0.9806201550387597,258,0.0,118,0.9806201550387597,0.9805447470817119
61526976,0.9694444444444444,360,0.0,116,0.9694444444444444,0.9693593314763231
61529406,0.9728915662650602,332,0.0,148,0.9728915662650602,0.972809667673716
61542570,0.9805194805194806,308,0.07894736842105263,152,0.9015721120984279,0.8979056113833591
61550046,0.9451612903225807,310,0.02142857142857143,140,0.9237327188940092,0.9210444252816163
61550788,0.9852941176470589,272,0.0,112,0.9852941176470589,0.9852398523985241
61550788,0.0,272,0.9285714285714286,112,0.9285714285714286,0.9279279279279279
61550801,0.9166666666666666,264,0.013333333333333334,150,0.9033333333333333,0.9006983191026323
61550802,0.9166666666666666,264,0.013333333333333334,150,0.9033333333333333,0.9006983191026323
61550817,0.9230769230769231,260,0.013513513513513514,148,0.9095634095634096,0.9070889473235134
61550833,0.9311594202898551,276,0.01282051282051282,156,0.9183389074693423,0.9162350707554991
61552548,0.9697986577181208,298,0.02631578947368421,152,0.9434828682444366,0.9416120959646277
61552731,0.9388489208633094,278,0.006666666666666667,150,0.9321822541966427,0.9310978362918976
61552939,0.9337748344370861,302,0.02564102564102564,156,0.9081338087960604,0.9043480851051596
61553250,0.9710144927536232,276,0.050724637681159424,138,0.9202898550724637,0.9168671071797279
61554115,0.9592592592592593,270,0.05555555555555555,126,0.9037037037037037,0.8985773889432577
61554184,0.9361702127659575,282,0.006756756756756757,148,0.9294134560092007,0.9282740241020574
61554235,0.956953642384106,302,0.05223880597014925,134,0.9047148364139567,0.8996797555589503
61559962,0.965034965034965,286,0.006172839506172839,162,0.9588621255287921,0.9582675132686145
61560212,0.9602649006622517,302,0.0,164,0.9602649006622517,0.9601328903654485
61560212,0.9602649006622517,302,0.0,164,0.9602649006622517,0.9601328903654485
61560241,0.9476744186046512,344,0.0,164,0.9476744186046512,0.9475218658892128
61581573,0.9685314685314685,286,0.0472972972972973,148,0.9212341712341713,0.9178196257514953
61583187,0.9291044776119403,268,0.0,132,0.9291044776119403,0.9288389513108614
61599379,0.9866310160427807,374,0.0,122,0.9866310160427807,0.9865951742627345
61602080,0.98046875,256,0.0,106,0.98046875,0.9803921568627452
61602080,0.015625,256,0.9811320754716981,106,0.9655070754716981,0.9646728877696945
61627732,0.0,280,0.9272727272727272,110,0.9272727272727272,0.9266055045871558
61645576,0.9248366013071896,306,0.015384615384615385,130,0.9094519859225743,0.9067663721310739
61650202,0.9585798816568047,338,0.0,140,0.9585798816568047,0.9584569732937684
61675879,0.9598765432098766,324,0.0,120,0.9598765432098766,0.9597523219814242
61675879,0.9598765432098766,324,0.0,120,0.9598765432098766,0.9597523219814242
61675879,0.009259259259259259,324,0.9666666666666667,120,0.9574074074074074,0.9564782369811734
61675879,0.006172839506172839,324,0.9666666666666667,120,0.9604938271604938,0.9597809235268547
61682066,0.9745222929936306,314,0.03205128205128205,156,0.9424710109423485,0.9405446237980203
61682095,0.9530201342281879,298,0.02027027027027027,148,0.9327498639579176,0.9305433231769378
61682095,0.9530201342281879,298,0.0,148,0.9530201342281879,0.9528619528619529
61682483,0.9285714285714286,294,0.024390243902439025,164,0.9041811846689896,0.9003000067638065
61682489,0.935374149659864,294,0.024096385542168676,166,0.9112777641176953,0.9077923835954823
61682894,0.9401408450704225,284,0.02702702702702703,148,0.9131138180433955,0.9094773866261479
61682902,0.9388489208633094,278,0.02702702702702703,148,0.9118218938362823,0.9081064059653301
61682904,0.9316546762589928,278,0.02631578947368421,152,0.9053388867853086,0.901316407656423
61682904,0.9316546762589928,278,0.0,152,0.9316546762589928,0.9314079422382672
61682908,0.9379562043795621,274,0.02631578947368421,152,0.9116404149058779,0.9079681413468484
61682927,0.9456521739130435,276,0.013513513513513514,148,0.93213866039953,0.9303747976677942
61684363,0.9744525547445255,274,0.0273972602739726,146,0.9470552944705529,0.9453675979265853
61693866,0.9689655172413794,290,0.025,120,0.9439655172413793,0.9420896560451958
61703224,0.9685314685314685,286,0.02564102564102564,156,0.9428904428904429,0.9409955496392896
61703437,0.9795918367346939,294,0.02631578947368421,152,0.9532760472610097,0.9519538402350013
61703785,0.9748201438848921,278,0.02564102564102564,156,0.9491791182438665,0.9476267833636111
61703948,0.9620689655172414,290,0.024390243902439025,164,0.9376787216148024,0.9355422934065941
61707095,0.9694656488549618,262,0.035211267605633804,142,0.934254381249328,0.9317305974372111
61709048,0.9794520547945206,292,0.033783783783783786,148,0.9456682710107368,0.9439744337156769
61716012,0.9926470588235294,272,0.05,100,0.9426470588235294,0.9413751949465927
61716012,0.0,272,0.95,100,0.95,0.9494949494949495
61726533,0.9881889763779528,254,0.07142857142857142,140,0.9167604049493814,0.9145064479411342
61726544,0.9884615384615385,260,0.06944444444444445,144,0.9190170940170941,0.9168786199075164
61732071,0.9624060150375939,266,0.0,96,0.9624060150375939,0.9622641509433961
61744730,0.9931972789115646,294,0.05454545454545454,110,0.93865182436611,0.9373821028451279
61745212,0.9583333333333334,264,0.046875,128,0.9114583333333334,0.9070185673864417
61746804,0.9859154929577465,284,0.009259259259259259,108,0.9766562336984872,0.9762574925010131
61747168,0.9933333333333333,300,0.0,130,0.9933333333333333,0.9933110367892976
61747685,0.9939759036144579,332,0.0,132,0.9939759036144579,0.9939577039274925
61747917,0.99375,320,0.014285714285714285,140,0.9794642857142858,0.9791624603420861
61748005,0.9475308641975309,324,0.0,164,0.9475308641975309,0.9473684210526315
61748348,1.0,314,0.0,122,1.0,1.0
61748909,0.993006993006993,286,0.0,110,0.993006993006993,0.9929824561403509
61748909,0.006993006993006993,286,0.9454545454545454,110,0.9384615384615385,0.9371696062730079
61760249,1.0,304,0.0,124,1.0,1.0
61760249,0.0,304,0.9112903225806451,124,0.9112903225806451,0.9105691056910569
61781861,0.9964028776978417,278,0.0,126,0.9964028776978417,0.996389891696751
61781861,0.0035971223021582736,278,0.9285714285714286,126,0.9249743062692704,0.9238734036646308
61783953,0.9035087719298246,342,0.0,132,0.9035087719298246,0.9032258064516129
61788435,0.9939759036144579,332,0.0,126,0.9939759036144579,0.9939577039274925
61788437,0.996969696969697,330,0.0,126,0.996969696969697,0.9969604863221885
61793822,1.0,296,0.0,122,1.0,1.0
61793822,0.0,296,0.9836065573770492,122,0.9836065573770492,0.9834710743801653
61798016,0.958904109589041,292,0.006493506493506494,154,0.9524106030955346,0.9516908352026298
61799408,0.9473684210526315,304,0.012345679012345678,162,0.9350227420402859,0.9334683646165576
61799438,0.9630872483221476,298,0.01875,160,0.9443372483221476,0.9427061239749429
61799462,0.9551724137931035,290,0.01875,160,0.9364224137931034,0.9344631083034676
61815230,0.9685534591194969,318,0.0,120,0.9685534591194969,0.9684542586750788
61818042,0.95,300,0.04285714285714286,140,0.9071428571428571,0.9023792048233065
61818234,0.9578313253012049,332,0.04861111111111111,144,0.9092202141900937,0.9046511711534589
61819043,0.9615384615384616,364,0.03289473684210526,152,0.9286437246963563,0.9257845746684973
61819097,0.9657142857142857,350,0.018518518518518517,162,0.9471957671957673,0.9457085738511026
61819597,0.911042944785276,326,0.0,134,0.911042944785276,0.9107692307692307
61820211,0.9419354838709677,310,0.0,144,0.9419354838709677,0.941747572815534
61820649,0.9534883720930233,258,0.03289473684210526,152,0.920593635250918,0.9171288781497698
61821026,0.9465408805031447,318,0.01282051282051282,156,0.9337203676826319,0.9320936042812011
61821026,0.9465408805031447,318,0.0,156,0.9465408805031447,0.9463722397476342
61821109,0.9285714285714286,322,0.0,154,0.9285714285714286,0.9283489096573209
61821115,0.9713375796178344,314,0.02027027027027027,148,0.9510673093475641,0.949671451120065
61821291,0.9772727272727273,308,0.0,150,0.9772727272727273,0.9771986970684039
61821921,0.9805194805194806,308,0.01282051282051282,156,0.9676989676989678,0.9670511284011749
61823891,1.0,274,0.01818181818181818,110,0.9818181818181818,0.981651376146789
61823891,0.0,274,0.9181818181818182,110,0.9181818181818182,0.9174311926605505
61824198,0.9699248120300752,266,0.022727272727272728,132,0.9471975393028025,0.9455376672590378
61826826,0.9263803680981595,326,0.019230769230769232,156,0.9071495988673902,0.903962560068255
61827600,0.9337016574585635,362,0.0,160,0.9337016574585635,0.9335180055401661
61827600,0.9337016574585635,362,0.0,160,0.9337016574585635,0.9335180055401661
61827679,0.9626436781609196,348,0.014285714285714285,140,0.9483579638752053,0.9470759831267862
61827688,0.94,350,0.00684931506849315,146,0.9331506849315068,0.93210623152434
61828101,0.9318181818181818,308,0.006493506493506494,154,0.9253246753246753,0.9241710834719099
61828721,0.9668874172185431,302,0.016666666666666666,120,0.9502207505518764,0.9488617017323123
61828763,0.964968152866242,314,0.022388059701492536,134,0.9425800931647496,0.9407254207645126
61828838,0.9821428571428571,336,0.051470588235294115,136,0.9306722689075629,0.9283937021921275
61828855,0.9820359281437125,334,0.022388059701492536,134,0.95964786844222,0.9586176834607781
61829155,0.9746835443037974,316,0.051470588235294115,136,0.9232129560685033,0.9201389587033499
61829221,0.9808917197452229,314,0.05,140,0.9308917197452229,0.928554265917016
61829222,0.9808917197452229,314,0.050724637681159424,138,0.9301670820640635,0.9277912753350664
61829225,0.9716981132075472,318,0.05,140,0.9216981132075471,0.9184131301795622
61829607,0.9723926380368099,326,0.012987012987012988,154,0.9594056250497969,0.9585157952156638
61833260,0.9318181818181818,308,0.0,156,0.9318181818181818,0.9315960912052116
61843633,0.9457364341085271,258,0.00684931506849315,146,0.938887119040034,0.937881929030597
61844271,0.9444444444444444,288,0.0,152,0.9444444444444444,0.9442508710801393
61850163,1.0,270,0.018867924528301886,106,0.9811320754716981,0.9809523809523809
61862627,0.940625,320,0.006024096385542169,166,0.9346009036144579,0.9336601049037442
61864048,0.9967320261437909,306,0.0,132,0.9967320261437909,0.9967213114754099
61864048,0.0032679738562091504,306,0.9772727272727273,132,0.9740047534165182,0.9736712226078982
61864495,0.9394904458598726,314,0.0,140,0.9394904458598726,0.939297124600639
61865494,0.96875,320,0.0,120,0.96875,0.9686520376175549
61865702,0.9425675675675675,296,0.0,162,0.9425675675675675,0.9423728813559322
61871306,0.9230769230769231,260,0.0,142,0.9230769230769231,0.9227799227799229
61872905,0.9669117647058824,272,0.04794520547945205,146,0.9189665592264303,0.9153352232330211
61880671,0.9967532467532467,308,0.0,126,0.9967532467532467,0.996742671009772
61888722,0.9726027397260274,292,0.0,130,0.9726027397260274,0.9725085910652921
61889629,0.9563758389261745,298,0.0,114,0.9563758389261745,0.9562289562289563
61889629,0.9563758389261745,298,0.0,114,0.9563758389261745,0.9562289562289563
61889629,0.026845637583892617,298,0.956140350877193,114,0.9292947132933004,0.9264530272457127
61889629,0.003355704697986577,298,0.956140350877193,114,0.9527846461792063,0.9520891766888584
61909932,0.9007352941176471,272,0.0,136,0.9007352941176471,0.9003690036900369
61909932,0.9007352941176471,272,0.0,136,0.9007352941176471,0.9003690036900369
61909985,0.9854014598540146,274,0.0,104,0.9854014598540146,0.9853479853479854
61920554,0.9555555555555556,270,0.0,134,0.9555555555555556,0.9553903345724908
61920554,0.9555555555555556,270,0.0,134,0.9555555555555556,0.9553903345724908
61920567,0.9854014598540146,274,0.0,114,0.9854014598540146,0.9853479853479854
61924272,0.9817518248175182,274,0.0,102,0.9817518248175182,0.9816849816849818
61925107,0.9766666666666667,300,0.0,116,0.9766666666666667,0.9765886287625418
61926850,0.9554140127388535,314,0.0,142,0.9554140127388535,0.9552715654952075
61927171,0.9823943661971831,284,0.0,108,0.9823943661971831,0.9823321554770318
61930239,0.9375,272,0.00909090909090909,110,0.928409090909091,0.9269526069343822
61933702,0.9375,272,0.022388059701492536,134,0.9151119402985075,0.9119071359886531
61948722,0.9923076923076923,260,0.0,114,0.9923076923076923,0.9922779922779923
61948722,0.007692307692307693,260,1.0,114,0.9923076923076923,0.9922779922779923
61985022,1.0,320,0.0,128,1.0,1.0
61985022,0.0,320,0.9921875,128,0.9921875,0.9921259842519685
61988755,0.9790209790209791,286,0.0,120,0.9790209790209791,0.9789473684210527
62000848,0.9496402877697842,278,0.022727272727272728,176,0.9269130150425114,0.924307184724453
62001695,0.9629629629629629,270,0.0,126,0.9629629629629629,0.9628252788104088
62009988,0.96484375,256,0.0,114,0.96484375,0.9647058823529412
62009988,0.00390625,256,0.9824561403508771,114,0.9785498903508771,0.9782414037340286
62010323,0.9724137931034482,290,0.0,108,0.9724137931034482,0.972318339100346
62010323,0.006896551724137931,290,0.9907407407407407,108,0.9838441890166028,0.9836052762945127
62033937,0.9626865671641791,268,0.0,96,0.9626865671641791,0.9625468164794008
62039325,0.9052287581699346,306,0.0,142,0.9052287581699346,0.9049180327868853
62039481,0.9583333333333334,264,0.0,132,0.9583333333333334,0.9581749049429659
62043548,0.9903846153846154,312,0.058823529411764705,102,0.9315610859728507,0.9298106971560507
62050367,0.9398496240601504,266,0.006944444444444444,144,0.932905179615706,0.9317903901565627
62055457,0.9407407407407408,270,0.0,160,0.9407407407407408,0.9405204460966543
62061558,0.9272151898734177,316,0.019736842105263157,152,0.9074783477681545,0.9042382420243289
62087415,0.940251572327044,318,0.03289473684210526,152,0.9073568354849387,0.9030173126362486
62092287,0.9243421052631579,304,0.0,96,0.9243421052631579,0.9240924092409241
62096242,0.9769230769230769,260,0.0,116,0.9769230769230769,0.9768339768339768
62096409,0.9714285714285714,350,0.0,112,0.9714285714285714,0.9713467048710602
62113644,0.9926470588235294,272,0.0,108,0.9926470588235294,0.9926199261992621
62113644,0.007352941176470588,272,0.9907407407407407,108,0.9833877995642701,0.9831370984345315
62115496,0.9965986394557823,294,0.0,114,0.9965986394557823,0.9965870307167235
62115496,0.0,294,0.9649122807017544,114,0.9649122807017544,0.9646017699115044
62137014,1.0,304,0.0,100,1.0,1.0
62137014,0.0,304,1.0,100,1.0,1.0
62151827,0.9961240310077519,258,0.0,106,0.9961240310077519,0.9961089494163424
62151827,0.0,258,0.9811320754716981,106,0.9811320754716981,0.9809523809523809
62159923,0.9763779527559056,254,0.0,110,0.9763779527559056,0.9762845849802372
62205037,0.9176470588235294,340,0.0,164,0.9176470588235294,0.9174041297935102
62206035,0.9444444444444444,306,0.0,160,0.9444444444444444,0.9442622950819672
62207507,0.9589552238805971,268,0.0,140,0.9589552238805971,0.9588014981273408
62207549,0.9618055555555556,288,0.0,104,0.9618055555555556,0.9616724738675959
62208072,0.9186046511627907,344,0.0,160,0.9186046511627907,0.9183673469387755
62208072,0.9186046511627907,344,0.0,160,0.9186046511627907,0.9183673469387755
62208300,0.9433962264150944,318,0.0,152,0.9433962264150944,0.943217665615142
62208306,0.9433962264150944,318,0.0,156,0.9433962264150944,0.943217665615142
62208310,0.015544041450777202,386,0.9461538461538461,130,0.9306098047030689,0.9284725810938933
62208463,0.9658385093167702,322,0.006666666666666667,150,0.9591718426501035,0.9585631471231689
62208575,0.023668639053254437,338,0.9732142857142857,112,0.9495456466610313,0.9479602585496101
62208575,0.9763313609467456,338,0.0,112,0.9763313609467456,0.9762611275964391
62208683,0.9434523809523809,336,0.0,160,0.9434523809523809,0.9432835820895523
62208683,0.9434523809523809,336,0.0,160,0.9434523809523809,0.9432835820895523
62211046,0.9134078212290503,358,0.0,158,0.9134078212290503,0.9131652661064426
62211974,0.968944099378882,322,0.02830188679245283,106,0.9406422125864292,0.9385102165693037
62212504,0.9405594405594405,286,0.0,154,0.9405594405594405,0.9403508771929824
62214434,0.9236111111111112,288,0.0,166,0.9236111111111112,0.9233449477351917
62214682,0.9523809523809523,336,0.042682926829268296,164,0.909698025551684,0.9052285753183587
62214752,0.9829545454545454,352,0.0189873417721519,158,0.9639672036823935,0.9631478620415231
62214752,0.9829545454545454,352,0.0189873417721519,158,0.9639672036823935,0.9631478620415231
62214752,0.9829545454545454,352,0.0,158,0.9829545454545454,0.982905982905983
62215104,0.9602649006622517,302,0.0136986301369863,146,0.9465662705252653,0.9452467953119487
62215135,0.9689655172413794,290,0.018518518518518517,108,0.9504469987228609,0.9490111104261888
62215135,0.02413793103448276,290,0.9629629629629629,108,0.9388250319284801,0.9365994184051624
62215713,0.9112903225806451,372,0.0,160,0.9112903225806451,0.9110512129380053
62215715,0.9032258064516129,372,0.0,162,0.9032258064516129,0.902964959568733
62215715,0.9032258064516129,372,0.0,162,0.9032258064516129,0.902964959568733
62215717,0.9162162162162162,370,0.0,156,0.9162162162162162,0.9159891598915988
62215717,0.9162162162162162,370,0.0,156,0.9162162162162162,0.9159891598915988
62215720,0.9216216216216216,370,0.0,158,0.9216216216216216,0.9214092140921409
62215780,0.9396551724137931,348,0.018292682926829267,164,0.9213624894869639,0.9188638068084446
62215819,0.9622093023255814,344,0.0,152,0.9622093023255814,0.9620991253644315
62216564,0.9723926380368099,326,0.0,140,0.9723926380368099,0.9723076923076923
62216604,0.9693251533742331,326,0.0,118,0.9693251533742331,0.9692307692307692
62216605,0.9447852760736196,326,0.0,118,0.9447852760736196,0.9446153846153847
62216605,0.9447852760736196,326,0.0,118,0.9447852760736196,0.9446153846153847
62219445,0.9806201550387597,258,0.051470588235294115,136,0.9291495668034655,0.9266910603652734
62219662,0.9701986754966887,302,0.057692307692307696,156,0.912506367804381,0.908592869057881
62220589,0.9678571428571429,280,0.03896103896103896,154,0.9288961038961039,0.9260157336852791
62220622,0.9577464788732394,284,0.0,160,0.9577464788732394,0.9575971731448764
62226531,0.967391304347826,276,0.05625,160,0.911141304347826,0.906997179097143
62227419,0.97,300,0.007462686567164179,134,0.9625373134328358,0.9619308627435529
62227673,0.9475524475524476,286,0.019230769230769232,156,0.9283216783216783,0.925990612319625
62227698,0.9342105263157895,304,0.02564102564102564,156,0.9085695006747638,0.9048089865017435
62227792,0.9183673469387755,294,0.00625,160,0.9121173469387756,0.9107750953834097
62227792,0.9183673469387755,294,0.0,160,0.9183673469387755,0.9180887372013652
62228389,0.9755244755244755,286,0.06578947368421052,152,0.909735001840265,0.9059882981293825
62228550,0.9789156626506024,332,0.02631578947368421,152,0.9525998731769182,0.9512481531545818
62228563,0.9691358024691358,324,0.0,168,0.9691358024691358,0.9690402476780187
62228962,0.9494047619047619,336,0.006493506493506494,154,0.9429112554112554,0.9420579798044024
62228971,0.9434523809523809,336,0.006578947368421052,152,0.9368734335839599,0.9359139648206779
62229092,0.9571428571428572,350,0.0273972602739726,146,0.9297455968688846,0.9270799185409765
62229182,0.9649122807017544,342,0.05333333333333334,150,0.911578947368421,0.9073728901286461
62229292,0.943502824858757,354,0.012048192771084338,166,0.9314546320876727,0.9298560236599461
62229315,0.9337016574585635,362,0.0,158,0.9337016574585635,0.9335180055401661
62229823,0.9542682926829268,328,0.030120481927710843,166,0.9241478107552159,0.9210660830693654
62229824,0.9542682926829268,328,0.005952380952380952,168,0.9483159117305459,0.9475938092081414
62229824,0.9542682926829268,328,0.023809523809523808,168,0.930458768873403,0.9279938272597356
62230002,0.9509803921568627,306,0.006024096385542169,166,0.9449562957713206,0.9441660437636313
62230328,0.9787234042553191,282,0.03424657534246575,146,0.9444768289128533,0.942702299089412
62230328,0.9787234042553191,282,0.0,146,0.9787234042553191,0.9786476868327403
62231575,0.9341317365269461,334,0.03409090909090909,176,0.9000408274360371,0.895159808226836
62231658,0.9472222222222222,360,0.041176470588235294,170,0.9060457516339869,0.9013105268925542
62231766,0.9647058823529412,340,0.05625,160,0.9084558823529412,0.9040265764587536
62232066,0.9519774011299436,354,0.018292682926829267,164,0.9336847182031143,0.9316748719673216
62232083,0.9542857142857143,350,0.00641025641025641,156,0.9478754578754579,0.9471146243572152
62232137,0.9491978609625669,374,0.0,176,0.9491978609625669,0.9490616621983915
62232166,0.9405405405405406,370,0.005681818181818182,176,0.9348587223587224,0.9339870280617387
62232435,0.96875,320,0.01282051282051282,156,0.9559294871794872,0.9549443377605322
62232789,0.9693251533742331,326,0.0,162,0.9693251533742331,0.9692307692307692
62232789,0.9693251533742331,326,0.0,162,0.9693251533742331,0.9692307692307692
62232975,0.9212121212121213,330,0.006172839506172839,162,0.9150392817059484,0.913785190734604
62233391,0.9730538922155688,334,0.03529411764705882,170,0.93775977456851,0.9355633447836182
62233397,0.9670658682634731,334,0.041666666666666664,168,0.9253992015968064,0.922302140850528
62233397,0.9670658682634731,334,0.0,168,0.9670658682634731,0.9669669669669669
62233483,0.9624277456647399,346,0.02976190476190476,168,0.9326658409028351,0.9301376848067829
62233492,0.9619883040935673,342,0.02976190476190476,168,0.9322263993316625,0.9296694924535811
62233510,0.9704142011834319,338,0.029411764705882353,170,0.9410024364775496,0.9389957650631677
62233514,0.9704142011834319,338,0.029069767441860465,172,0.9413444337415714,0.9393621070631374
62233519,0.9550898203592815,334,0.02976190476190476,168,0.9253279155973767,0.922337262750537
62233519,0.9550898203592815,334,0.0,168,0.9550898203592815,0.9549549549549551
62233571,0.9556213017751479,338,0.030864197530864196,162,0.9247571042442837,0.9216897793198104
62233575,0.9558823529411765,340,0.03125,160,0.9246323529411765,0.9215437530197279
62233586,0.9583333333333334,336,0.03048780487804878,164,0.9278455284552846,0.9249887942055028
62233615,0.967948717948718,312,0.006493506493506494,154,0.9614552114552115,0.9608915941751497
62233696,0.9808917197452229,314,0.024691358024691357,162,0.9562003617205316,0.955038836741242
62233698,0.9808917197452229,314,0.024691358024691357,162,0.9562003617205316,0.955038836741242
62233703,0.9363057324840764,314,0.025974025974025976,154,0.9103317065100505,0.906645366844962
62233706,0.9363057324840764,314,0.025,160,0.9113057324840764,0.9077561229863639
62233735,0.9733333333333334,300,0.05,160,0.9233333333333333,0.9202579853433774
62233737,0.9736842105263158,304,0.04938271604938271,162,0.9243014944769331,0.921303884605989
62233741,0.9736842105263158,304,0.04878048780487805,164,0.9249037227214377,0.9219453276127706
62233748,0.9668874172185431,302,0.04938271604938271,162,0.9175047011691604,0.9138137545832635
62233823,0.9580152671755725,262,0.02,150,0.9380152671755725,0.9360348964629045
62233841,0.9562043795620438,274,0.019736842105263157,152,0.9364675374567807,0.9344418775327085
62233900,0.9612903225806452,310,0.038461538461538464,156,0.9228287841191067,0.919472902186613
62233982,0.9683098591549296,284,0.019230769230769232,156,0.9490790899241603,0.9476196521382236
62233982,0.9683098591549296,284,0.05128205128205128,156,0.9170278078728783,0.913330116196147
62234024,0.9656488549618321,262,0.025974025974025976,154,0.9396748289878061,0.9375831037284401
62234127,0.9518518518518518,270,0.04054054054054054,148,0.9113113113113113,0.9069487869708752
62234134,0.9518518518518518,270,0.03896103896103896,154,0.9128908128908129,0.9087015198262176
62235091,0.96484375,256,0.0,144,0.96484375,0.9647058823529412
62235126,0.9624060150375939,266,0.0,162,0.9624060150375939,0.9622641509433961
62235347,0.9712230215827338,278,0.0,138,0.9712230215827338,0.9711191335740071
62236601,0.9831081081081081,296,0.007575757575757576,132,0.9755323505323505,0.975159973575575
62237016,0.9774436090225563,266,0.047619047619047616,126,0.9298245614035088,0.9272027196485915
62248856,0.9609929078014184,282,0.056338028169014086,142,0.9046548796324043,0.8997194436737569
62248956,0.932258064516129,310,0.0,134,0.932258064516129,0.9320388349514563
62258799,0.9850299401197605,334,0.0,130,0.9850299401197605,0.984984984984985
62261179,0.930921052631579,304,0.0,166,0.930921052631579,0.9306930693069306
62272077,0.9806451612903225,310,0.03389830508474576,118,0.9467468562055767,0.9450764470148352
62272077,0.016129032258064516,310,0.9661016949152542,118,0.9499726626571897,0.9485321187768884
62276362,0.9228187919463087,298,0.0136986301369863,146,0.9091201618093223,0.9066450861516501
62277436,0.9591194968553459,318,0.046052631578947366,152,0.9130668652763986,0.9088647800558597
62285425,0.9944444444444445,360,0.0390625,128,0.9553819444444445,0.9546227864251167
62285425,0.005555555555555556,360,0.953125,128,0.9475694444444445,0.9466616110144833
62308977,0.9961538461538462,260,0.0,104,0.9961538461538462,0.9961389961389961
62308986,0.9921875,256,0.0,100,0.9921875,0.992156862745098
62308986,0.0,256,1.0,100,1.0,1.0
62310836,0.9149659863945578,294,0.0,130,0.9149659863945578,0.9146757679180888
62312198,0.9390243902439024,328,0.0,136,0.9390243902439024,0.9388379204892965
62313402,0.9903225806451613,310,0.0,114,0.9903225806451613,0.9902912621359224
62313674,0.9963503649635036,274,0.017543859649122806,114,0.9788065053143808,0.9785090443299801
62317075,0.996875,320,0.0,122,0.996875,0.9968652037617555
62317075,0.003125,320,1.0,122,0.996875,0.9968652037617555
62321101,0.9577922077922078,308,0.0,142,0.9577922077922078,0.9576547231270357
62321155,0.9666666666666667,270,0.018518518518518517,108,0.9481481481481482,0.9466100921893147
62321155,0.9666666666666667,270,0.0,108,0.9666666666666667,0.9665427509293679
62321155,0.0,270,0.9259259259259259,108,0.9259259259259259,0.9252336448598132
62321155,0.0,270,0.9259259259259259,108,0.9259259259259259,0.9252336448598132
62323242,0.9680851063829787,282,0.05405405405405406,148,0.9140310523289247,0.9100948051711486
62327712,0.9635761589403974,302,0.0,136,0.9635761589403974,0.9634551495016611
62331624,0.9642857142857143,280,0.0,124,0.9642857142857143,0.9641577060931901
62334160,0.9896551724137931,290,0.0,100,0.9896551724137931,0.9896193771626298
62337739,0.9808917197452229,314,0.01020408163265306,98,0.9706876381125699,0.9701289395370458
62340822,0.9888888888888889,270,0.0,114,0.9888888888888889,0.9888475836431228
62345528,0.9319727891156463,294,0.0,152,0.9319727891156463,0.931740614334471
62345550,0.9342105263157895,304,0.0,148,0.9342105263157895,0.933993399339934
62345681,0.930921052631579,304,0.007352941176470588,136,0.9235681114551084,0.9222653390751099
62346192,0.9601449275362319,276,0.0,142,0.9601449275362319,0.96
62346307,0.9409448818897638,254,0.006666666666666667,150,0.9342782152230971,0.9332090588012619
62352791,0.9621212121212122,264,0.02027027027027027,148,0.9418509418509419,0.9400277237665974
62358319,0.9968553459119497,318,0.0,118,0.9968553459119497,0.9968454258675079
62358319,0.0031446540880503146,318,0.9830508474576272,118,0.9799061933695769,0.9796442023559008
62363973,0.9248366013071896,306,0.0,108,0.9248366013071896,0.9245901639344262
62363987,0.9837662337662337,308,0.017543859649122806,114,0.966222374117111,0.9654415258802613
62366651,0.9607142857142857,280,0.0,100,0.9607142857142857,0.960573476702509
62380581,0.9743589743589743,312,0.0,112,0.9743589743589743,0.9742765273311897
62387311,0.9475308641975309,324,0.0,158,0.9475308641975309,0.9473684210526315
62387485,0.95,320,0.0,144,0.95,0.9498432601880877
62394604,0.003105590062111801,322,0.9032258064516129,124,0.9001202163895011,0.8987198580694516
62395834,0.9525547445255474,274,0.013888888888888888,144,0.9386658556366586,0.9370717720588299
62395834,0.9525547445255474,274,0.027777777777777776,144,0.9247769667477697,0.9217664713948056
62396334,0.9512195121951219,328,0.025974025974025976,154,0.9252454862210959,0.9223871844727691
62403508,0.9485294117647058,272,0.014285714285714285,140,0.9342436974789916,0.9324746241941555
62403558,0.9518518518518518,270,0.006493506493506494,154,0.9453583453583454,0.9445087850253184
62407704,0.993421052631579,304,0.0,116,0.993421052631579,0.9933993399339934
62407704,0.993421052631579,304,0.0,116,0.993421052631579,0.9933993399339934
62408464,0.9629629629629629,270,0.04285714285714286,140,0.9201058201058201,0.91647889770756
62408553,0.9722222222222222,288,0.07142857142857142,140,0.9007936507936508,0.8962114005842823
62408562,0.9790209790209791,286,0.07462686567164178,134,0.9043941133493373,0.9006221707229546
62409493,1.0,284,0.0847457627118644,118,0.9152542372881356,0.9145299145299145
62409493,0.0,284,0.9067796610169492,118,0.9067796610169492,0.9059829059829061
62410730,0.97265625,256,0.030303030303030304,132,0.9423532196969697,0.9403508325438863
62410829,0.9770992366412213,262,0.056338028169014086,142,0.9207612084722072,0.9176868472481691
62411541,0.9617834394904459,314,0.05194805194805195,154,0.9098353875423939,0.9054013259589963
62411601,0.9896551724137931,290,0.07432432432432433,148,0.9153308480894687,0.9132465812939864
62416178,0.9425675675675675,296,0.0,150,0.9425675675675675,0.9423728813559322
62418297,0.9563758389261745,298,0.0,150,0.9563758389261745,0.9562289562289563
62418378,0.95,300,0.0,118,0.95,0.9498327759197324
62418505,0.9937106918238994,318,0.0,118,0.9937106918238994,0.9936908517350157
62418505,0.0031446540880503146,318,1.0,118,0.9968553459119497,0.9968454258675079
62418636,0.96,300,0.0,128,0.96,0.959866220735786
62422942,0.9633333333333334,300,0.0,124,0.9633333333333334,0.9632107023411373
62424590,0.9506578947368421,304,0.0,156,0.9506578947368421,0.9504950495049505
62424649,0.9461538461538461,260,0.0,152,0.9461538461538461,0.9459459459459458
62425151,0.9664429530201343,298,0.006493506493506494,154,0.9599494465266278,0.9593562342121584
62425151,0.9664429530201343,298,0.012987012987012988,154,0.9534559400331213,0.9523829137707388
62425893,0.9407894736842105,304,0.0,146,0.9407894736842105,0.9405940594059405
62425893,0.9407894736842105,304,0.0,146,0.9407894736842105,0.9405940594059405
62425904,0.9602649006622517,302,0.0,154,0.9602649006622517,0.9601328903654485
62426195,0.9842767295597484,318,0.07792207792207792,154,0.9063546516376705,0.9033404266729103
62426221,0.9628378378378378,296,0.0,148,0.9628378378378378,0.9627118644067797
62426221,0.9628378378378378,296,0.0,148,0.9628378378378378,0.9627118644067797
62426221,0.9628378378378378,296,0.0,148,0.9628378378378378,0.9627118644067797
62426223,0.9763513513513513,296,0.0,148,0.9763513513513513,0.976271186440678
62426352,0.9783950617283951,324,0.0,152,0.9783950617283951,0.978328173374613
62426396,0.9651898734177216,316,0.0,152,0.9651898734177216,0.9650793650793651
62426569,0.9964285714285714,280,0.07142857142857142,112,0.925,0.9238306663885495
62426569,0.0,280,0.9017857142857143,112,0.9017857142857143,0.9009009009009009
62426622,0.9551724137931035,290,0.007352941176470588,136,0.9478194726166329,0.9469474915714791
62427276,0.9681528662420382,314,0.0,140,0.9681528662420382,0.9680511182108626
62431833,0.9612676056338029,284,0.023255813953488372,172,0.9380117916803145,0.9359324071672979
62434042,0.9556962025316456,316,0.038461538461538464,156,0.9172346640701071,0.9134341314925064
62437127,0.94921875,256,0.0,138,0.94921875,0.9490196078431373
62437991,0.937037037037037,270,0.0,130,0.937037037037037,0.9368029739776951
62438772,0.9496644295302014,298,0.0,126,0.9496644295302014,0.9494949494949495
62438790,0.9900662251655629,302,0.0,116,0.9900662251655629,0.990033222591362
62438790,0.0033112582781456954,302,0.9224137931034483,116,0.9191025348253026,0.9179003681670463
62439598,1.0,296,0.0,118,1.0,1.0
62439598,0.0,296,1.0,118,1.0,1.0
62439690,0.9591836734693877,294,0.0,160,0.9591836734693877,0.9590443686006827
62440100,0.9577464788732394,284,0.0,158,0.9577464788732394,0.9575971731448764
62440823,0.9765100671140939,298,0.0,164,0.9765100671140939,0.9764309764309764
62452639,0.9358974358974359,312,0.0,162,0.9358974358974359,0.9356913183279743
62458658,0.9097744360902256,266,0.0,124,0.9097744360902256,0.909433962264151
62458693,0.9222222222222223,270,0.0,148,0.9222222222222223,0.9219330855018588
62464210,1.0,292,0.058823529411764705,102,0.9411764705882353,0.9405940594059407
62464210,0.0,292,0.9117647058823529,102,0.9117647058823529,0.9108910891089108
62464225,0.9965753424657534,292,0.028846153846153848,104,0.9677291886195996,0.9672385421765619
62464225,0.0,292,0.9423076923076923,104,0.9423076923076923,0.941747572815534
62464260,0.9738805970149254,268,0.0,102,0.9738805970149254,0.9737827715355806
62464260,0.022388059701492536,268,0.9313725490196079,102,0.9089844893181154,0.9051382247197081
62466061,0.9638157894736842,304,0.0,118,0.9638157894736842,0.9636963696369637
62466061,0.0,304,0.9067796610169492,118,0.9067796610169492,0.9059829059829061
62479317,0.9848484848484849,330,0.0,142,0.9848484848484849,0.9848024316109422
62479317,0.015151515151515152,330,0.9295774647887324,142,0.9144259496372172,0.9117408734974931
62482366,0.9941860465116279,344,0.0,136,0.9941860465116279,0.9941690962099125
62499414,0.9779874213836478,318,0.0,124,0.9779874213836478,0.9779179810725552
62502314,0.9746835443037974,316,0.00819672131147541,122,0.966486822992322,0.9659214746455865
62504730,0.9716312056737588,282,0.0,102,0.9716312056737588,0.9715302491103202
62507409,0.9652777777777778,288,0.0,100,0.9652777777777778,0.9651567944250871
62507796,0.9755244755244755,286,0.0,110,0.9755244755244755,0.9754385964912281
62507796,0.9755244755244755,286,0.0,110,0.9755244755244755,0.9754385964912281
62509210,0.9341085271317829,258,0.009615384615384616,104,0.9244931425163984,0.9228691642073473
62514761,0.9253731343283582,268,0.0,128,0.9253731343283582,0.9250936329588015
62528998,0.9892086330935251,278,0.0,104,0.9892086330935251,0.9891696750902527
62528998,0.0035971223021582736,278,1.0,104,0.9964028776978417,0.996389891696751
62531317,0.9235668789808917,314,0.0,110,0.9235668789808917,0.9233226837060703
62554851,0.9026845637583892,298,0.0,176,0.9026845637583892,0.9023569023569024
62554851,0.9026845637583892,298,0.0,176,0.9026845637583892,0.9023569023569024
62557592,0.9301470588235294,272,0.0,152,0.9301470588235294,0.929889298892989
62563457,0.946969696969697,264,0.0,148,0.946969696969697,0.9467680608365019
62563646,0.9635036496350365,274,0.0,150,0.9635036496350365,0.9633699633699633
62563787,0.95578231292517,294,0.0,112,0.95578231292517,0.9556313993174061
62564020,0.9657534246575342,292,0.0,170,0.9657534246575342,0.9656357388316151
62564243,0.9413793103448276,290,0.0,152,0.9413793103448276,0.9411764705882353
62564256,0.9548611111111112,288,0.028169014084507043,142,0.9266920970266042,0.923785466746156
62564966,0.9701986754966887,302,0.0,156,0.9701986754966887,0.9700996677740864
62565038,0.9598765432098766,324,0.0,156,0.9598765432098766,0.9597523219814242
62566145,0.9425675675675675,296,0.012195121951219513,164,0.930372445616348,0.9286975031208553
62566145,0.9425675675675675,296,0.0,164,0.9425675675675675,0.9423728813559322
62566341,0.9497041420118343,338,0.0189873417721519,158,0.9307168002396824,0.9285315508172541
62566341,0.9497041420118343,338,0.0,158,0.9497041420118343,0.9495548961424332
62566458,0.9615384615384616,338,0.0,160,0.9615384615384616,0.9614243323442137
62566507,0.9871794871794872,312,0.0,124,0.9871794871794872,0.9871382636655949
62566793,0.9444444444444444,306,0.00641025641025641,156,0.938034188034188,0.9370954501355755
62566850,0.9473684210526315,304,0.0379746835443038,158,0.9093937375083277,0.9049789771796592
62566850,0.9473684210526315,304,0.0,158,0.9473684210526315,0.9471947194719471
62569647,0.918918918918919,296,0.014285714285714285,140,0.9046332046332047,0.9019323407434193
62569647,0.918918918918919,296,0.0,140,0.918918918918919,0.9186440677966102
62571720,0.9405594405594405,286,0.0,148,0.9405594405594405,0.9403508771929824
62571771,0.9493243243243243,296,0.00684931506849315,146,0.9424750092558312,0.9415586899752165
62572013,0.9659863945578231,294,0.0,166,0.9659863945578231,0.9658703071672354
62572020,0.9662162162162162,296,0.0,156,0.9662162162162162,0.9661016949152543
62572055,0.97,300,0.0125,160,0.9575,0.9565680061961758
62572057,0.9666666666666667,300,0.012345679012345678,162,0.954320987654321,0.9533065327419337
62572147,0.9662576687116564,326,0.02,150,0.9462576687116564,0.9446652153210702
62573362,0.9912790697674418,344,0.0,142,0.9912790697674418,0.9912536443148688
62573362,0.0,344,0.9084507042253521,142,0.9084507042253521,0.9078014184397163
62573630,0.967741935483871,310,0.0,144,0.967741935483871,0.9676375404530745
62573630,0.967741935483871,310,0.006944444444444444,144,0.9607974910394266,0.9601944010154467
62573651,0.9735099337748344,302,0.0,156,0.9735099337748344,0.9734219269102989
62573785,0.9753521126760564,284,0.012658227848101266,158,0.9626938848279551,0.9618994724852125
62574051,0.9548872180451128,266,0.00641025641025641,156,0.9484769616348564,0.9476843649478787
62575573,0.9789156626506024,332,0.04487179487179487,156,0.9340438677788075,0.9317934532379445
62575704,0.9615384615384616,260,0.0,152,0.9615384615384616,0.9613899613899614
62576010,0.9393939393939394,264,0.0,160,0.9393939393939394,0.9391634980988594
62576855,0.9736842105263158,266,0.00684931506849315,146,0.9668348954578226,0.9663260641776664
62576875,0.9772727272727273,264,0.006944444444444444,144,0.9703282828282829,0.9698760394448052
62576882,0.9776119402985075,268,0.00684931506849315,146,0.9707626252300143,0.9703233102006007
62576930,0.971830985915493,284,0.03205128205128205,156,0.939779703864211,0.9376621540713599
62576967,0.9529411764705882,340,0.04430379746835443,158,0.9086373790022337,0.9040462888712861
62576967,0.9529411764705882,340,0.0,158,0.9529411764705882,0.9528023598820059
62576981,0.9520958083832335,334,0.045454545454545456,154,0.9066412629286881,0.9018455176384138
62577374,1.0,328,0.05737704918032787,122,0.9426229508196722,0.9421487603305785
62577374,0.0,328,0.9098360655737705,122,0.9098360655737705,0.9090909090909091
62578941,0.9415584415584416,308,0.0,178,0.9415584415584416,0.9413680781758959
62579074,0.9647058823529412,340,0.0,158,0.9647058823529412,0.9646017699115045
62579141,0.9407894736842105,304,0.03289473684210526,152,0.9078947368421052,0.9035832585957775
62583650,0.9591836734693877,294,0.05555555555555555,144,0.9036281179138321,0.8985644659610222
62584091,0.9583333333333334,288,0.028169014084507043,142,0.9301643192488264,0.9274654065142515
62587532,0.9605263157894737,304,0.05921052631578947,152,0.9013157894736842,0.8961200903918948
62587532,0.9605263157894737,304,0.0,152,0.9605263157894737,0.9603960396039605
62588780,0.9398496240601504,266,0.03289473684210526,152,0.9069548872180451,0.902549339273363
62589170,0.9125,320,0.0,158,0.9125,0.9122257053291536
62589909,0.9,300,0.0,160,0.9,0.899665551839465
62590333,0.9195804195804196,286,0.0,142,0.9195804195804196,0.9192982456140352
62590451,0.9516129032258065,310,0.013157894736842105,152,0.9384550084889643,0.9369333091946406
62590451,0.9516129032258065,310,0.019736842105263157,152,0.9318760611205433,0.9296731557197383
62591544,0.9423076923076923,260,0.0,156,0.9423076923076923,0.9420849420849421
62591823,0.9166666666666666,288,0.012658227848101266,158,0.9040084388185654,0.9015220530546924
62591824,0.9166666666666666,288,0.0125,160,0.9041666666666667,0.9017087603722955
62591824,0.9166666666666666,288,0.0,160,0.9166666666666666,0.916376306620209
62592116,0.9428571428571428,280,0.0125,160,0.9303571428571429,0.9286401979010342
62592208,0.9387096774193548,310,0.0,154,0.9387096774193548,0.9385113268608414
62592208,0.9387096774193548,310,0.0,154,0.9387096774193548,0.9385113268608414
62595440,0.9673202614379085,306,0.0,140,0.9673202614379085,0.9672131147540984
62595655,0.9437086092715232,302,0.0,144,0.9437086092715232,0.9435215946843855
62595725,0.9319727891156463,294,0.01282051282051282,156,0.9191522762951335,0.9170876590467782
62595726,0.9319727891156463,294,0.01282051282051282,156,0.9191522762951335,0.9170876590467782
62596103,0.9794520547945206,292,0.00819672131147541,122,0.9712553334830452,0.970778265329586
62597553,0.937984496124031,258,0.02459016393442623,122,0.9133943321896048,0.909891262203399
62608454,0.0,340,0.9,110,0.9,0.8990825688073395
62611253,0.9642857142857143,280,0.0,112,0.9642857142857143,0.9641577060931901
62616588,0.9487951807228916,332,0.0,148,0.9487951807228916,0.9486404833836858
62619872,0.9384057971014492,276,0.02586206896551724,116,0.912543728135932,0.9089001482179734
62619890,0.9813432835820896,268,0.0,122,0.9813432835820896,0.9812734082397003
62620400,0.9236641221374046,262,0.01282051282051282,156,0.9108436093168918,0.9085050681339901
62622470,0.9869281045751634,306,0.0,120,0.9869281045751634,0.9868852459016394
62622470,0.9869281045751634,306,0.0,120,0.9869281045751634,0.9868852459016394
62627038,0.003472222222222222,288,1.0,98,0.9965277777777778,0.9965156794425087
62639543,0.961038961038961,308,0.02666666666666667,150,0.9343722943722944,0.931982721965931
62641641,0.9924242424242424,264,0.0,100,0.9924242424242424,0.9923954372623573
62641641,0.007575757575757576,264,1.0,100,0.9924242424242424,0.9923954372623573
62642325,0.9889705882352942,272,0.0,110,0.9889705882352942,0.988929889298893
62642325,0.011029411764705883,272,0.9636363636363636,110,0.9526069518716578,0.9514260807152313
62648549,0.9730769230769231,260,0.046052631578947366,152,0.9270242914979757,0.9241293224109367
62652876,0.9754601226993865,326,0.01818181818181818,110,0.9572783045175683,0.956138984212165
62652876,0.0,326,0.9454545454545454,110,0.9454545454545454,0.944954128440367
62659875,0.9939393939393939,330,0.0,140,0.9939393939393939,0.9939209726443768
62659875,0.0,330,0.9857142857142858,140,0.9857142857142858,0.9856115107913669
62670071,0.9777777777777777,270,0.0,110,0.9777777777777777,0.9776951672862453
62671017,0.9333333333333333,330,0.0,130,0.9333333333333333,0.9331306990881459
62675558,0.9550898203592815,334,0.0,128,0.9550898203592815,0.9549549549549551
62677369,0.990909090909091,330,0.0,122,0.990909090909091,0.9908814589665653
62679231,0.9810126582278481,316,0.0,104,0.9810126582278481,0.980952380952381
62679531,0.9392857142857143,280,0.0,102,0.9392857142857143,0.9390681003584229
62682577,0.9903846153846154,312,0.017241379310344827,116,0.9731432360742706,0.972628974485658
62684983,1.0,268,0.0,114,1.0,1.0
62684983,0.0,268,0.9473684210526315,114,0.9473684210526315,0.9469026548672566
62698183,0.9962121212121212,264,0.0,100,0.9962121212121212,0.9961977186311787
62698183,0.003787878787878788,264,1.0,100,0.9962121212121212,0.9961977186311787
62701223,1.0,278,0.0,116,1.0,1.0
62701223,0.0,278,1.0,116,1.0,1.0
62708198,0.9389312977099237,262,0.0,126,0.9389312977099237,0.9386973180076629
62711933,1.0,290,0.0,116,1.0,1.0
62711933,0.0,290,1.0,116,1.0,1.0
62724691,0.9047619047619048,294,0.0,146,0.9047619047619048,0.9044368600682594
62730312,1.0,298,0.0,118,1.0,1.0
62730312,0.0,298,1.0,118,1.0,1.0
62743919,0.9758620689655172,290,0.03289473684210526,152,0.9429673321234119,0.9410726429393892
62745609,0.9140625,256,0.0,136,0.9140625,0.9137254901960784
62756868,0.0,338,0.9916666666666667,120,0.9916666666666667,0.9915966386554622
62756871,0.9940476190476191,336,0.0,120,0.9940476190476191,0.9940298507462686
62758118,0.9393939393939394,264,0.020833333333333332,96,0.9185606060606061,0.9155741285758432
62758643,0.9763513513513513,296,0.0,106,0.9763513513513513,0.976271186440678
62762963,1.0,318,0.0,116,1.0,1.0
62762963,0.0,318,0.9482758620689655,116,0.9482758620689655,0.9478260869565217
62768852,0.9429530201342282,298,0.0,124,0.9429530201342282,0.9427609427609427
62780613,0.9462025316455697,316,0.02666666666666667,150,0.919535864978903,0.916311547366391
62782638,0.9335443037974683,316,0.0,156,0.9335443037974683,0.9333333333333333
62782661,0.9387096774193548,310,0.0,152,0.9387096774193548,0.9385113268608414
62783497,0.9031007751937985,258,0.0,146,0.9031007751937985,0.9027237354085602
62783963,0.9153846153846154,260,0.0,140,0.9153846153846154,0.915057915057915
62784473,0.907051282051282,312,0.0,154,0.907051282051282,0.9067524115755626
62784475,0.9419354838709677,310,0.0,150,0.9419354838709677,0.941747572815534
62784891,0.9928571428571429,280,0.034722222222222224,144,0.9581349206349207,0.9573681335306157
62784895,0.9893617021276596,282,0.028985507246376812,138,0.9603761948812828,0.9595071220157252
62784992,0.9710144927536232,276,0.04716981132075472,106,0.9238446814328685,0.9205458493107895
62785368,0.9398496240601504,266,0.0,116,0.9398496240601504,0.9396226415094341
62786325,0.927007299270073,274,0.020833333333333332,144,0.9061739659367396,0.9027132760198491
62789860,0.9064748201438849,278,0.0,148,0.9064748201438849,0.9061371841155236
62792255,0.9895104895104895,286,0.0,108,0.9895104895104895,0.9894736842105263
62792255,0.006993006993006993,286,0.9814814814814815,108,0.9744884744884745,0.9740302806273871
62793742,0.9880239520958084,334,0.0,114,0.9880239520958084,0.987987987987988
62806983,0.9768211920529801,302,0.02666666666666667,150,0.9501545253863135,0.9486577655624193
62811628,0.9421768707482994,294,0.01948051948051948,154,0.9226963512677799,0.9201129917642342
62811813,0.9057971014492754,276,0.0,144,0.9057971014492754,0.9054545454545455
62812445,0.937007874015748,254,0.02027027027027027,148,0.9167376037454777,0.913790225240343
62812627,0.9615384615384616,312,0.03333333333333333,150,0.9282051282051282,0.9252879887393521
62812642,0.9483870967741935,310,0.035211267605633804,142,0.9131758291685598,0.9091199487918528
62812857,0.9192307692307692,260,0.0,140,0.9192307692307692,0.918918918918919
62828751,0.9850299401197605,334,0.0,140,0.9850299401197605,0.984984984984985
62852945,0.9015151515151515,264,0.0,126,0.9015151515151515,0.9011406844106463
62852966,0.9883720930232558,258,0.008333333333333333,120,0.9800387596899225,0.9797285342170896
62852966,0.003875968992248062,258,0.9416666666666667,120,0.9377906976744186,0.9368307223743257
62853082,0.9923664122137404,262,0.0,112,0.9923664122137404,0.9923371647509578
62853082,0.003816793893129771,262,0.9553571428571429,112,0.9515403489640132,0.9507807248749539
62866304,0.9532374100719424,278,0.0,122,0.9532374100719424,0.9530685920577616
62869511,0.9795918367346939,294,0.06338028169014084,142,0.916211555044553,0.9130994032202207
62871406,0.96,300,0.04285714285714286,140,0.9171428571428571,0.9132669724163496
62871806,0.9784172661870504,278,0.04861111111111111,144,0.9298061550759392,0.9272837081842165
62871973,0.9460431654676259,278,0.02564102564102564,156,0.9204021398266002,0.917269200935648
62872077,0.9768211920529801,302,0.06666666666666667,150,0.9101545253863135,0.9065348402209498
62872236,0.9738805970149254,268,0.06451612903225806,124,0.9093644679826673,0.9053646933317991
62874600,0.9735099337748344,302,0.04477611940298507,134,0.9287338143718493,0.9259302158521767
62880029,0.9740740740740741,270,0.029411764705882353,136,0.9446623093681917,0.9428170101526451
62884084,0.9591836734693877,294,0.0,156,0.9591836734693877,0.9590443686006827
62884219,0.9432624113475178,282,0.006578947368421052,152,0.9366834639790967,0.9356881704259853
62884461,0.9462025316455697,316,0.0,160,0.9462025316455697,0.9460317460317461
62886916,0.9915730337078652,356,0.0,136,0.9915730337078652,0.991549295774648
62886916,0.0056179775280898875,356,0.9485294117647058,136,0.9429114342366159,0.9419334884575011
62887609,0.9858156028368794,282,0.0,128,0.9858156028368794,0.9857651245551602
62887609,0.0070921985815602835,282,0.96875,128,0.9616578014184397,0.9609409324268547
62899518,1.0,332,0.0,114,1.0,1.0
62899518,0.0,332,0.9385964912280702,114,0.9385964912280702,0.9380530973451328
62901148,0.9914772727272727,352,0.0,118,0.9914772727272727,0.9914529914529915
62901148,0.005681818181818182,352,0.9491525423728814,118,0.9434707241910631,0.9424392730523506
62901271,0.9939393939393939,330,0.0,134,0.9939393939393939,0.9939209726443768
62901271,0.0030303030303030303,330,0.9701492537313433,134,0.9671189507010403,0.9667034749167771
62909563,0.9601226993865031,326,0.02702702702702703,148,0.9330956723594761,0.9306278752969144
62909563,0.9601226993865031,326,0.0,148,0.9601226993865031,0.96
62915147,0.9610778443113772,334,0.045454545454545456,154,0.9156232988568318,0.9116678036011242
62916270,0.9776119402985075,268,0.06349206349206349,126,0.914119876806444,0.9106776031317269
62916270,0.9776119402985075,268,0.05555555555555555,126,0.9220563847429519,0.9190328412354513
62923152,0.9829931972789115,294,0.0,112,0.9829931972789115,0.9829351535836177
62935154,0.91796875,256,0.013157894736842105,152,0.9048108552631579,0.9022368715191345
62966978,0.9548192771084337,332,0.045454545454545456,132,0.9093647316538883,0.9047706024659297
62966978,0.9548192771084337,332,0.007575757575757576,132,0.9472435195326762,0.9463614227424041
62970868,0.9657534246575342,292,0.060810810810810814,148,0.9049426138467234,0.9002441866228761
62974925,0.9419354838709677,310,0.0,148,0.9419354838709677,0.941747572815534
62974969,0.9741935483870968,310,0.0625,144,0.9116935483870968,0.9079423388536938
62986521,1.0,260,0.0,112,1.0,1.0
62986521,0.0,260,1.0,112,1.0,1.0
62994775,0.9967532467532467,308,0.02142857142857143,140,0.9753246753246753,0.9750200885366548
62994775,0.0,308,0.9285714285714286,140,0.9285714285714286,0.9280575539568345
63002356,0.9759036144578314,332,0.0,126,0.9759036144578314,0.9758308157099699
63020382,1.0,268,0.0,114,1.0,1.0
63020529,0.9432624113475178,282,0.0,108,0.9432624113475178,0.9430604982206406
63025626,0.9628378378378378,296,0.0,124,0.9628378378378378,0.9627118644067797
63033152,0.9333333333333333,270,0.0,160,0.9333333333333333,0.9330855018587361
63033472,0.9624060150375939,266,0.0,116,0.9624060150375939,0.9622641509433961
63033503,0.9708029197080292,274,0.0,116,0.9708029197080292,0.9706959706959707
63033521,0.9761904761904762,294,0.0,112,0.9761904761904762,0.9761092150170648
63034690,0.9620253164556962,316,0.007352941176470588,136,0.9546723752792257,0.9539362388236986
63034699,0.9556962025316456,316,0.007246376811594203,138,0.9484498257200513,0.9476112238652106
63034699,0.9556962025316456,316,0.0,138,0.9556962025316456,0.9555555555555555
63037819,0.9892086330935251,278,0.0,116,0.9892086330935251,0.9891696750902527
63037851,0.9333333333333333,300,0.00641025641025641,156,0.926923076923077,0.9258005727675084
63038455,0.9431818181818182,264,0.0078125,128,0.9353693181818182,0.9341995487449876
63038491,0.9346153846153846,260,0.0,130,0.9346153846153846,0.9343629343629343
63039137,0.9703703703703703,270,0.0,112,0.9703703703703703,0.9702602230483272
63042910,0.9806451612903225,310,0.015151515151515152,132,0.9654936461388074,0.9647260031976137
63043446,0.9850299401197605,334,0.0,130,0.9850299401197605,0.984984984984985
63043446,0.9850299401197605,334,0.0,130,0.9850299401197605,0.984984984984985
63053116,0.9027777777777778,288,0.0,110,0.9027777777777778,0.9024390243902439
63055594,0.9803921568627451,306,0.0,122,0.9803921568627451,0.980327868852459
63055594,0.9803921568627451,306,0.0,122,0.9803921568627451,0.980327868852459
63055594,0.006535947712418301,306,0.9754098360655737,122,0.9688738883531555,0.9683260614039857
63055594,0.0,306,0.9754098360655737,122,0.9754098360655737,0.9752066115702479
63055998,0.96875,320,0.0,152,0.96875,0.9686520376175549
63055998,0.01875,320,0.9868421052631579,152,0.9680921052631578,0.9674506087927157
63056017,0.9839743589743589,312,0.0,150,0.9839743589743589,0.9839228295819935
63056017,0.003205128205128205,312,0.9733333333333334,150,0.9701282051282052,0.9697671772027863
63056298,0.9965986394557823,294,0.0,110,0.9965986394557823,0.9965870307167235
63056298,0.003401360544217687,294,0.9454545454545454,110,0.9420531849103277,0.9411679713627097
63062927,0.91015625,256,0.0,110,0.91015625,0.9098039215686274
63068917,0.9691780821917808,292,0.027777777777777776,144,0.941400304414003,0.9393819942122977
63069708,0.9344827586206896,290,0.0,160,0.9344827586206896,0.9342560553633218
63071517,0.9452054794520548,292,0.01948051948051948,154,0.9257249599715354,0.9232686532851718
63071699,0.9536423841059603,302,0.0,148,0.9536423841059603,0.9534883720930233
63074053,0.950381679389313,262,0.0,146,0.950381679389313,0.9501915708812261
63076078,0.9140127388535032,314,0.0,160,0.9140127388535032,0.9137380191693291
63076360,0.9598540145985401,274,0.0,144,0.9598540145985401,0.9597069597069597
63082511,0.9471830985915493,284,0.018292682926829267,164,0.92889041566472,0.9266538289616703
63082600,1.0,308,0.014492753623188406,138,0.9855072463768116,0.9854014598540146
63082600,0.0,308,0.9565217391304348,138,0.9565217391304348,0.9562043795620438
63084091,0.9712230215827338,278,0.04430379746835443,158,0.9269192241143793,0.9239776530891769
63084436,0.9732824427480916,262,0.0390625,128,0.9342199427480916,0.9317152083971054
63084707,0.9898648648648649,296,0.07142857142857142,126,0.9184362934362935,0.9163769007772068
63084707,0.9898648648648649,296,0.047619047619047616,126,0.9422458172458172,0.9408608423407928
63084956,0.9645390070921985,282,0.043859649122807015,114,0.9206793579693915,0.9170457256360964
63085831,0.9455128205128205,312,0.0,156,0.9455128205128205,0.9453376205787781
63090322,0.9792899408284024,338,0.0,146,0.9792899408284024,0.9792284866468843
63092178,0.9924242424242424,264,0.0,120,0.9924242424242424,0.9923954372623573
63106236,0.9868421052631579,304,0.0,116,0.9868421052631579,0.9867986798679867
63114422,0.9927007299270073,274,0.0,128,0.9927007299270073,0.9926739926739927
63114422,0.0072992700729927005,274,1.0,128,0.9927007299270073,0.9926739926739927
63122152,0.9084507042253521,284,0.0,170,0.9084507042253521,0.9081272084805653
63122164,0.9125874125874126,286,0.0,164,0.9125874125874126,0.9122807017543859
63122549,0.9149659863945578,294,0.0,158,0.9149659863945578,0.9146757679180888
63123432,0.93125,320,0.0,168,0.93125,0.9310344827586208
63124953,0.9319727891156463,294,0.0,156,0.9319727891156463,0.931740614334471
63125092,0.9305555555555556,288,0.0,150,0.9305555555555556,0.9303135888501741
63126035,1.0,274,0.0,126,1.0,1.0
63126035,0.0,274,1.0,126,1.0,1.0
63126126,0.9716312056737588,282,0.0,116,0.9716312056737588,0.9715302491103202
63126304,0.935251798561151,278,0.01694915254237288,118,0.9183026460187782,0.9157208215447694
63127500,0.9079754601226994,326,0.0,144,0.9079754601226994,0.9076923076923077
63127500,0.9079754601226994,326,0.0,144,0.9079754601226994,0.9076923076923077
63142277,0.9727891156462585,294,0.0,98,0.9727891156462585,0.9726962457337883
63144351,0.9645669291338582,254,0.0,148,0.9645669291338582,0.9644268774703556
63149433,0.9901960784313726,306,0.0,112,0.9901960784313726,0.9901639344262296
63149433,0.0,306,0.9285714285714286,112,0.9285714285714286,0.9279279279279279
63155873,0.9790209790209791,286,0.0,100,0.9790209790209791,0.9789473684210527
63155873,0.006993006993006993,286,0.99,100,0.983006993006993,0.9827406556080079
63156734,0.9626865671641791,268,0.007462686567164179,134,0.9552238805970149,0.9544682595072206
63159389,0.009259259259259259,324,0.9591836734693877,98,0.9499244142101284,0.9487147322488352
63159420,0.006060606060606061,330,0.9117647058823529,102,0.9057040998217468,0.9037372251340917
63159934,0.9885496183206107,262,0.0,110,0.9885496183206107,0.9885057471264369
63159934,0.0,262,0.9818181818181818,110,0.9818181818181818,0.981651376146789
63160152,0.03735632183908046,348,0.9479166666666666,96,0.9105603448275862,0.9060039823023128
63160152,0.0,348,0.9479166666666666,96,0.9479166666666666,0.9473684210526316
63160162,0.0,362,0.92,100,0.92,0.9191919191919191
63160478,0.9335664335664335,286,0.0,136,0.9335664335664335,0.9333333333333333
63160547,0.9392857142857143,280,0.0,96,0.9392857142857143,0.9390681003584229
63165580,0.028795811518324606,382,0.9711538461538461,104,0.9423580346355216,0.9403337956992222
63165589,0.02925531914893617,376,0.9711538461538461,104,0.94189852700491,0.9398452376629635
63165607,0.9875,320,0.0,104,0.9875,0.987460815047022
63165607,0.00625,320,0.9903846153846154,104,0.9841346153846154,0.9839007216271082
63165664,0.03636363636363636,330,0.9509803921568627,102,0.9146167557932263,0.9104468564942573
63165664,0.0,330,0.9509803921568627,102,0.9509803921568627,0.9504950495049505
63166751,0.03367875647668394,386,0.9528301886792453,106,0.9191514322025613,0.9154293936847332
63167392,0.041884816753926704,382,0.9591836734693877,98,0.917298856715461,0.9133396198045528
63167692,0.937125748502994,334,0.00641025641025641,156,0.9307154920927376,0.9296760498754895
63167845,0.9296875,256,0.006097560975609756,164,0.9235899390243902,0.9224157477068946
63167904,0.928082191780822,292,0.018072289156626505,166,0.9100099026241955,0.9070486890922363
63167979,0.9418604651162791,344,0.0125,160,0.9293604651162791,0.9276543277491377
63168030,0.04597701149425287,348,0.9577464788732394,142,0.9117694673789865,0.9074490764160986
63168102,0.9022988505747126,348,0.0,154,0.9022988505747126,0.9020172910662824
63168301,0.04922279792746114,386,0.953125,128,0.9039022020725389,0.8987899883814406
63168302,0.049738219895287955,382,0.953125,128,0.9033867801047121,0.8982237355465703
63168318,0.04404145077720207,386,0.9545454545454546,132,0.9105040037682525,0.9060360135939143
63168459,0.028846153846153848,416,0.9545454545454546,154,0.9256993006993007,0.9227061341633288
63168469,0.02926829268292683,410,0.9539473684210527,152,0.9246790757381258,0.9216025187704288
63168581,0.01891891891891892,370,0.9552238805970149,134,0.936304961678096,0.9342173198971503
63170343,0.007246376811594203,276,0.9333333333333333,120,0.9260869565217391,0.9245295427375554
63173858,0.9383116883116883,308,0.0,150,0.9383116883116883,0.9381107491856678
63178487,0.9942528735632183,348,0.008064516129032258,124,0.9861883574341861,0.9860130333037201
63180976,0.9111842105263158,304,0.0,132,0.9111842105263158,0.9108910891089109
63185852,0.910958904109589,292,0.0,156,0.910958904109589,0.9106529209621993
63186426,0.9886363636363636,264,0.0,130,0.9886363636363636,0.9885931558935361
63186460,0.9645669291338582,254,0.0,130,0.9645669291338582,0.9644268774703556
63188559,0.9076923076923077,260,0.0,112,0.9076923076923077,0.9073359073359073
63188975,0.9763779527559056,254,0.0,102,0.9763779527559056,0.9762845849802372
63200089,0.9612903225806452,310,0.05063291139240506,158,0.9106574111882401,0.9062878023492883
63200788,0.9813432835820896,268,0.05714285714285714,140,0.9242004264392324,0.9215806800094186
63202112,0.9507575757575758,264,0.04929577464788732,142,0.9014618011096884,0.8960697679171907
63202658,0.9432624113475178,282,0.013888888888888888,144,0.9293735224586289,0.9274926827792687
63213373,0.9638157894736842,304,0.0078125,128,0.9560032894736842,0.9552541144179434
63215034,0.9876543209876543,324,0.0,120,0.9876543209876543,0.9876160990712074
63215044,0.9786585365853658,328,0.051470588235294115,136,0.9271879483500717,0.9245383842528029
63215392,0.9576923076923077,260,0.0,148,0.9576923076923077,0.9575289575289576
63218882,1.0,264,0.01020408163265306,98,0.9897959183673469,0.9896907216494846
63218882,0.0,264,0.9591836734693877,98,0.9591836734693877,0.9587628865979382
63235875,0.9966442953020134,298,0.0,108,0.9966442953020134,0.9966329966329965
63235875,0.003355704697986577,298,0.9907407407407407,108,0.9873850360427541,0.9872246696035242
63267709,0.0,304,1.0,120,1.0,1.0
63267709,0.9967105263157895,304,0.0,120,0.9967105263157895,0.9966996699669968
63268043,0.9094202898550725,276,0.0,102,0.9094202898550725,0.9090909090909092
63271924,0.9397163120567376,282,0.0,132,0.9397163120567376,0.9395017793594306
63277963,0.9183673469387755,294,0.0125,160,0.9058673469387756,0.9034637903977363
63279434,0.9140625,256,0.0,148,0.9140625,0.9137254901960784
63279479,0.9856115107913669,278,0.0,104,0.9856115107913669,0.9855595667870036
63279479,0.007194244604316547,278,0.9903846153846154,104,0.9831903707802989,0.9829317939685923
63279721,0.9461538461538461,260,0.0,106,0.9461538461538461,0.9459459459459458
63281321,0.925531914893617,282,0.0,150,0.925531914893617,0.9252669039145908
63301108,1.0,270,0.0,134,1.0,1.0
63302996,0.9938650306748467,326,0.0,120,0.9938650306748467,0.9938461538461538
63302996,0.0,326,0.975,120,0.975,0.9747899159663865
63307653,0.9879518072289156,332,0.0,134,0.9879518072289156,0.9879154078549849
63307653,0.0,332,0.9253731343283582,134,0.9253731343283582,0.924812030075188
63308220,0.954225352112676,284,0.046052631578947366,152,0.9081727205337287,0.9034880760511139
63309546,0.9730769230769231,260,0.02702702702702703,148,0.946049896049896,0.9443012750903981
63309546,0.9730769230769231,260,0.013513513513513514,148,0.9595634095634096,0.958636539699231
63311779,0.9424242424242424,330,0.02702702702702703,148,0.9153972153972154,0.9119212394076307
63312412,0.9285714285714286,280,0.025974025974025976,154,0.9025974025974026,0.8984572642849634
63312524,0.9612676056338029,284,0.05,160,0.9112676056338028,0.9069405533367053
63312884,0.916058394160584,274,0.0,154,0.916058394160584,0.9157509157509157
63312884,0.916058394160584,274,0.0,154,0.916058394160584,0.9157509157509157
63313447,0.9763513513513513,296,0.05,140,0.9263513513513513,0.9235402757447044
63314603,0.9129032258064517,310,0.006493506493506494,154,0.9064097193129452,0.9049500087169347
63314603,0.9129032258064517,310,0.0,154,0.9129032258064517,0.912621359223301
63314919,0.9791666666666666,288,0.019230769230769232,156,0.9599358974358974,0.9589346447805076
63315252,0.91015625,256,0.0,146,0.91015625,0.9098039215686274
63315383,0.9530201342281879,298,0.012195121951219513,164,0.9408250122769684,0.9394420618258778
63315672,0.9134615384615384,312,0.006097560975609756,164,0.9073639774859287,0.9059891247187479
63315715,0.9289940828402367,338,0.0,160,0.9289940828402367,0.9287833827893175
63315720,0.9352941176470588,340,0.0,160,0.9352941176470588,0.9351032448377581
63315720,0.9352941176470588,340,0.00625,160,0.9290441176470589,0.9280019986032172
63315736,0.934375,320,0.0,160,0.934375,0.9341692789968652
63315745,0.9176829268292683,328,0.0,162,0.9176829268292683,0.9174311926605505
63315870,0.9203821656050956,314,0.006666666666666667,150,0.9137154989384288,0.9123506460590965
63316785,0.9072847682119205,302,0.0,148,0.9072847682119205,0.9069767441860465
63316905,0.9379562043795621,274,0.00684931506849315,146,0.9311068893110689,0.9299786814405129
63317148,0.9130434782608695,322,0.0,166,0.9130434782608695,0.9127725856697818
63319167,0.9341085271317829,258,0.0,154,0.9341085271317829,0.933852140077821
63319252,0.98046875,256,0.0625,112,0.91796875,0.9148787108219157
63319398,0.9586206896551724,290,0.0,140,0.9586206896551724,0.9584775086505191
63320190,0.9782608695652174,276,0.0703125,128,0.9079483695652174,0.9042516802544283
63320454,0.9241379310344827,290,0.0,132,0.9241379310344827,0.9238754325259515
63321257,0.9620689655172414,290,0.0,130,0.9620689655172414,0.9619377162629759
63322831,0.9851190476190477,336,0.0,146,0.9851190476190477,0.9850746268656716
63323050,0.9757575757575757,330,0.0,146,0.9757575757575757,0.9756838905775076
63326118,0.9760479041916168,334,0.07534246575342465,146,0.9007054384381922,0.8965016976483601
63326118,0.9760479041916168,334,0.0,146,0.9760479041916168,0.975975975975976
63342304,0.9969512195121951,328,0.0,136,0.9969512195121951,0.9969418960244648
63342304,0.0,328,0.9558823529411765,136,0.9558823529411765,0.9555555555555556
63348351,0.0,284,0.925,120,0.925,0.9243697478991597
63357841,0.9426751592356688,314,0.0,146,0.9426751592356688,0.9424920127795526
63364940,1.0,366,0.0,146,1.0,1.0
63364940,0.0,366,0.9452054794520548,146,0.9452054794520548,0.9448275862068966
63384532,0.9835526315789473,304,0.0,118,0.9835526315789473,0.9834983498349835
63384628,0.9858156028368794,282,0.0,120,0.9858156028368794,0.9857651245551602
63387882,0.9535714285714286,280,0.0,112,0.9535714285714286,0.953405017921147
63389813,0.984375,256,0.0,112,0.984375,0.9843137254901961
63389813,0.0078125,256,0.9821428571428571,112,0.9743303571428571,0.97385811064934
63399364,0.9927007299270073,274,0.01020408163265306,98,0.9824966482943542,0.9822147331432558
63399473,0.9886363636363636,264,0.029411764705882353,102,0.9592245989304813,0.9582176634368055
63403615,0.9790209790209791,286,0.0,124,0.9790209790209791,0.9789473684210527
63405771,0.9479166666666666,288,0.04285714285714286,140,0.9050595238095238,0.9001035476050264
63405771,0.9479166666666666,288,0.0,140,0.9479166666666666,0.9477351916376306
63407151,0.9319727891156463,294,0.0,138,0.9319727891156463,0.931740614334471
63407151,0.9319727891156463,294,0.0,138,0.9319727891156463,0.931740614334471
63411445,0.946969696969697,264,0.03508771929824561,114,0.9118819776714514,0.9076399017299459
63411445,0.946969696969697,264,0.017543859649122806,114,0.9294258373205742,0.9272000249825882
63413587,0.9496402877697842,278,0.02857142857142857,140,0.9210688591983556,0.917797151267152
63413626,0.9607142857142857,280,0.008620689655172414,116,0.9520935960591134,0.9511967545732918
63426319,0.9962121212121212,264,0.018867924528301886,106,0.9773441966838193,0.9770062357033185
63434410,0.9473684210526315,304,0.0,124,0.9473684210526315,0.9471947194719471
63438702,0.9732824427480916,262,0.0,104,0.9732824427480916,0.9731800766283525
63443377,0.9726027397260274,292,0.0,106,0.9726027397260274,0.9725085910652921
63443377,0.00684931506849315,292,0.9622641509433962,106,0.9554148358749031,0.9545119626506758
63443750,0.9854014598540146,274,0.008771929824561403,114,0.9766295300294532,0.9762407743662248
63449399,0.9910179640718563,334,0.014705882352941176,136,0.9763120817189151,0.9759106987961813
63452220,0.9107142857142857,280,0.006944444444444444,144,0.9037698412698413,0.9021561364580664
63471167,0.9711538461538461,312,0.0,128,0.9711538461538461,0.9710610932475885
63474628,0.990625,320,0.0,120,0.990625,0.9905956112852665
63474628,0.0,320,0.9916666666666667,120,0.9916666666666667,0.9915966386554622
63479417,0.9765625,256,0.0,106,0.9765625,0.9764705882352941
63479417,0.0078125,256,1.0,106,0.9921875,0.992156862745098
63499287,0.9630872483221476,298,0.0,108,0.9630872483221476,0.962962962962963
63499287,0.006711409395973154,298,0.9629629629629629,108,0.9562515535669898,0.9553828213001733
63499809,0.9745762711864406,354,0.0,132,0.9745762711864406,0.9745042492917846
63505594,0.9289772727272727,352,0.0136986301369863,146,0.9152786425902864,0.9130304175397014
63508009,0.9219858156028369,282,0.0,116,0.9219858156028369,0.9217081850533808
63508009,0.07446808510638298,282,1.0,116,0.925531914893617,0.9252669039145908
63512623,0.9938271604938271,324,0.01694915254237288,118,0.9768780079514543,0.9765036168672572
63514348,0.9870967741935484,310,0.0,132,0.9870967741935484,0.9870550161812297
63517298,0.9826388888888888,288,0.0,118,0.9826388888888888,0.9825783972125435
63518544,0.9935064935064936,308,0.0,106,0.9935064935064936,0.9934853420195441
63521387,1.0,302,0.0,110,1.0,1.0
63531374,0.9968354430379747,316,0.0,124,0.9968354430379747,0.9968253968253968
63531374,0.0031645569620253164,316,0.9274193548387096,124,0.9242547978766843,0.9231930123573465
63541275,1.0,326,0.0,142,1.0,1.0
63541275,0.0,326,1.0,142,1.0,1.0
63558735,0.9580152671755725,262,0.0,136,0.9580152671755725,0.9578544061302682
63558846,0.9651898734177216,316,0.0,158,0.9651898734177216,0.9650793650793651
63559165,0.9191616766467066,334,0.0,132,0.9191616766467066,0.9189189189189189
63559165,0.9191616766467066,334,0.0,132,0.9191616766467066,0.9189189189189189
63559183,0.9911242603550295,338,0.0,112,0.9911242603550295,0.9910979228486647
63564905,0.9939024390243902,328,0.0,140,0.9939024390243902,0.9938837920489297
63564905,0.006097560975609756,328,0.9642857142857143,140,0.9581881533101045,0.9574750230285657
63567777,0.9424460431654677,278,0.018292682926829267,164,0.9241533602386384,0.9217221641404272
63568191,0.9777070063694268,314,0.014285714285714285,140,0.9634212920837125,0.9626074546508618
63568208,0.953416149068323,322,0.02666666666666667,150,0.9267494824016563,0.9239352909190218
63568208,0.953416149068323,322,0.0,150,0.953416149068323,0.9532710280373831
63568327,0.935672514619883,342,0.0189873417721519,158,0.9166851728477311,0.9139277288250172
63568327,0.935672514619883,342,0.0,158,0.935672514619883,0.9354838709677419
63568350,0.9473684210526315,342,0.01875,160,0.9286184210526315,0.9263674516512966
63568358,0.9470588235294117,340,0.01875,160,0.9283088235294117,0.9260443994514762
63568628,0.9532374100719424,278,0.04861111111111111,144,0.9046262989608312,0.8995699478671979
63568713,0.9822695035460993,282,0.027777777777777776,144,0.9544917257683215,0.95324519190682
63568965,0.9423076923076923,260,0.02,150,0.9223076923076923,0.9196364786544463
63571007,0.9015748031496063,254,0.0,136,0.9015748031496063,0.9011857707509882
63571066,0.916030534351145,262,0.013888888888888888,144,0.9021416454622562,0.8993834511601357
63581865,0.9539473684210527,304,0.051470588235294115,136,0.9024767801857585,0.8972023980685367
63582113,0.9743589743589743,312,0.0,104,0.9743589743589743,0.9742765273311897
63582559,0.987012987012987,308,0.0,128,0.987012987012987,0.9869706840390879
63582834,0.975,320,0.0,138,0.975,0.9749216300940439
63587310,0.9922480620155039,258,0.009615384615384616,104,0.9826326774001193,0.9823590951278498
63587310,0.0,258,0.9615384615384616,104,0.9615384615384616,0.9611650485436892
63590364,0.9933774834437086,302,0.0,116,0.9933774834437086,0.9933554817275747
63590625,1.0,302,0.0,138,1.0,1.0
63590625,0.0,302,0.9927536231884058,138,0.9927536231884058,0.9927007299270073
63592955,0.9370860927152318,302,0.02727272727272727,110,0.9098133654425046,0.9059136146718745
63593060,0.9741379310344828,348,0.0,136,0.9741379310344828,0.9740634005763689
63603678,0.9927536231884058,276,0.0,98,0.9927536231884058,0.9927272727272727
63603678,0.0,276,1.0,98,1.0,1.0
63608693,0.9861111111111112,288,0.007352941176470588,136,0.9787581699346406,0.9784499898589045
63612197,0.9302325581395349,258,0.0,150,0.9302325581395349,0.9299610894941635
63614137,0.9798657718120806,298,0.0,136,0.9798657718120806,0.9797979797979798
63614254,0.9419354838709677,310,0.012987012987012988,154,0.9289484708839547,0.9271624750551696
63614792,0.9787234042553191,282,0.07042253521126761,142,0.9083008690440515,0.9047232309094803
63615643,0.9894366197183099,284,0.0,118,0.9894366197183099,0.989399293286219
63617072,0.9846153846153847,260,0.008771929824561403,114,0.9758434547908232,0.9754348767206501
63618022,0.9785714285714285,280,0.0,138,0.9785714285714285,0.978494623655914
63622322,0.9834437086092715,302,0.013333333333333334,150,0.9701103752759382,0.9695223688460128
63622331,0.9832214765100671,298,0.0136986301369863,146,0.9695228463730807,0.9689100515297671
63623180,0.9375,288,0.00625,160,0.93125,0.9302084458995711
63623215,0.9468085106382979,282,0.0,136,0.9468085106382979,0.9466192170818505
63623229,0.9384615384615385,260,0.0,140,0.9384615384615385,0.9382239382239382
63623452,0.9623287671232876,292,0.0273972602739726,146,0.934931506849315,0.9325427957912633
63623452,0.9623287671232876,292,0.0,146,0.9623287671232876,0.9621993127147767
63624942,0.9528985507246377,276,0.018518518518518517,162,0.9343800322061192,0.932343843083522
63624949,0.9535714285714286,280,0.0189873417721519,158,0.9345840867992767,0.9325281171051609
63625166,0.964968152866242,314,0.0125,160,0.9524681528662421,0.9513984407358334
63625187,0.9525316455696202,316,0.01282051282051282,156,0.9397111327491074,0.9382562396376948
63625204,0.9585987261146497,314,0.012987012987012988,154,0.9456117131276367,0.9443151419628123
63625291,0.961038961038961,308,0.013157894736842105,152,0.9478810663021189,0.9466377300346347
63625291,0.961038961038961,308,0.0,152,0.961038961038961,0.9609120521172638
63625309,0.9829931972789115,294,0.028169014084507043,142,0.9548241831944045,0.953604182982313
63625335,0.9823943661971831,284,0.02702702702702703,148,0.955367339170156,0.9541656641811866
63625343,0.9028776978417267,278,0.0,132,0.9028776978417267,0.9025270758122744
63625537,0.9408284023668639,338,0.0,124,0.9408284023668639,0.940652818991098
63625553,0.9588235294117647,340,0.0,126,0.9588235294117647,0.9587020648967552
63625671,0.9730769230769231,260,0.0,122,0.9730769230769231,0.972972972972973
63626067,0.951048951048951,286,0.006578947368421052,152,0.94447000368053,0.9436077171461489
63626068,0.9290780141843972,282,0.0,122,0.9290780141843972,0.9288256227758007
63626186,0.9696969696969697,264,0.0136986301369863,146,0.9559983395599834,0.9549546863281406
63626254,0.9701492537313433,268,0.00684931506849315,146,0.9632999386628501,0.9627299703735664
63627676,0.9148148148148149,270,0.014492753623188406,138,0.9003220611916265,0.8974233084298144
63632427,0.9144736842105263,304,0.0,122,0.9144736842105263,0.9141914191419142
63647407,0.9660493827160493,324,0.0,164,0.9660493827160493,0.9659442724458204
63653975,0.9735099337748344,302,0.0,126,0.9735099337748344,0.9734219269102989
63654901,0.9703703703703703,270,0.06349206349206349,126,0.9068783068783068,0.9024916230881658
63655988,0.9473684210526315,266,0.0,106,0.9473684210526315,0.9471698113207546
63655989,0.9473684210526315,266,0.018867924528301886,106,0.9285004965243296,0.9261269502464805
63656091,0.9642857142857143,336,0.0,142,0.9642857142857143,0.964179104477612
63656276,0.9493670886075949,316,0.0,134,0.9493670886075949,0.9492063492063492
63656276,0.9493670886075949,316,0.0,134,0.9493670886075949,0.9492063492063492
63659614,1.0,260,0.0,102,1.0,1.0
63659614,0.0,260,0.9705882352941176,102,0.9705882352941176,0.9702970297029703
63660004,0.958904109589041,292,0.0,116,0.958904109589041,0.9587628865979381
63660528,0.990625,320,0.0,140,0.990625,0.9905956112852665
63660582,0.9808917197452229,314,0.0,132,0.9808917197452229,0.9808306709265175
63663234,0.9776119402985075,268,0.010416666666666666,96,0.9671952736318409,0.9665322347708041
63667150,1.0,290,0.017543859649122806,114,0.9824561403508771,0.9823008849557521
63667150,0.0,290,0.956140350877193,114,0.956140350877193,0.9557522123893806
63673330,0.003937007874015748,254,0.9051724137931034,116,0.9012354059190877,0.8996446614140251
63673330,0.9960629921259843,254,0.09482758620689655,116,0.9012354059190877,0.8996446614140251
63673427,1.0,322,0.0,130,1.0,1.0
63673427,0.0,322,1.0,130,1.0,1.0
63673468,0.9909638554216867,332,0.008064516129032258,124,0.9828993392926545,0.9826599390694086
63673468,0.9909638554216867,332,0.008064516129032258,124,0.9828993392926545,0.9826599390694086
63673649,0.9875776397515528,322,0.03278688524590164,122,0.9547907545056511,0.9536626167277855
63673649,0.0,322,0.9016393442622951,122,0.9016393442622951,0.9008264462809918
63674458,0.9064748201438849,278,0.0,156,0.9064748201438849,0.9061371841155236
63675513,0.9576923076923077,260,0.006172839506172839,162,0.9515194681861349,0.9507930944838675
63676671,0.005208333333333333,384,0.9811320754716981,106,0.9759237421383647,0.9755327647870348
63677054,0.9530201342281879,298,0.007246376811594203,138,0.9457737574165936,0.9448786202293217
63677445,0.9707602339181286,342,0.0,164,0.9707602339181286,0.970674486803519
63678290,0.9483870967741935,310,0.0,178,0.9483870967741935,0.9482200647249189
63678290,0.9483870967741935,310,0.0056179775280898875,178,0.9427691192461036,0.9419881743417309
63678869,0.9629629629629629,324,0.0,124,0.9629629629629629,0.9628482972136222
63678880,0.95,320,0.0,130,0.95,0.9498432601880877
63679479,0.9409722222222222,288,0.02531645569620253,158,0.9156557665260197,0.912294983472854
63679556,0.9125,320,0.0,176,0.9125,0.9122257053291536
63680039,0.9929577464788732,284,0.0,116,0.9929577464788732,0.9929328621908127
63680039,0.0,284,0.9741379310344828,116,0.9741379310344828,0.9739130434782609
63681327,0.9241379310344827,290,0.0,150,0.9241379310344827,0.9238754325259515
63681428,0.9290540540540541,296,0.0,154,0.9290540540540541,0.9288135593220339
63682103,0.9379084967320261,306,0.0,164,0.9379084967320261,0.9377049180327869
63682328,0.9210526315789473,304,0.0,158,0.9210526315789473,0.9207920792079207
63682374,0.924812030075188,266,0.0,158,0.924812030075188,0.9245283018867925
63683525,0.9931506849315068,292,0.0,110,0.9931506849315068,0.993127147766323
63683784,0.961764705882353,340,0.031746031746031744,126,0.9300186741363212,0.9272173008783097
63683816,0.9115853658536586,328,0.0,124,0.9115853658536586,0.9113149847094801
63683863,0.9912790697674418,344,0.0,116,0.9912790697674418,0.9912536443148688
63684953,0.9939024390243902,328,0.0,140,0.9939024390243902,0.9938837920489297
63693775,0.9736842105263158,342,0.007936507936507936,126,0.9657477025898079,0.9651872053026818
63694744,0.9884615384615385,260,0.0,102,0.9884615384615385,0.9884169884169884
63694744,0.007692307692307693,260,0.9509803921568627,102,0.943288084464555,0.9420144109802883
63707618,0.9140127388535032,314,0.00625,160,0.9077627388535032,0.9063699045172052
63710388,0.9081632653061225,294,0.00625,160,0.9019132653061225,0.9004083029636915
63710829,0.9681528662420382,314,0.0,124,0.9681528662420382,0.9680511182108626
63710861,0.9805194805194806,308,0.0,142,0.9805194805194806,0.980456026058632
63711727,0.9890510948905109,274,0.0,104,0.9890510948905109,0.9890109890109889
63712076,0.9076433121019108,314,0.0,164,0.9076433121019108,0.9073482428115016
63724241,0.9803149606299213,254,0.0,112,0.9803149606299213,0.9802371541501976
63731464,0.9855072463768116,276,0.0,108,0.9855072463768116,0.9854545454545455
63731464,0.0036231884057971015,276,0.9907407407407407,108,0.9871175523349436,0.9869503160470331
63738921,0.9896551724137931,290,0.0,114,0.9896551724137931,0.9896193771626298
63739858,0.9825174825174825,286,0.015151515151515152,132,0.9673659673659674,0.9666565290122736
63742401,0.9367088607594937,316,0.0,124,0.9367088607594937,0.9365079365079365
63744781,0.9093959731543624,298,0.007352941176470588,136,0.9020430319778918,0.9003456392836925
63744817,0.9228187919463087,298,0.0,138,0.9228187919463087,0.9225589225589225
63745489,0.9064748201438849,278,0.0,138,0.9064748201438849,0.9061371841155236
63746360,0.9197080291970803,274,0.0,156,0.9197080291970803,0.9194139194139195
63769837,0.9583333333333334,288,0.045454545454545456,154,0.912878787878788,0.9086454174493825
63771723,0.9685314685314685,286,0.03389830508474576,118,0.9346331634467228,0.9320916005456166
63771962,0.9360902255639098,266,0.0,146,0.9360902255639098,0.9358490566037735
63772920,0.9119718309859155,284,0.0,152,0.9119718309859155,0.911660777385159
63772920,0.9119718309859155,284,0.0,152,0.9119718309859155,0.911660777385159
63773030,0.9894366197183099,284,0.0,116,0.9894366197183099,0.989399293286219
63773387,0.9612403100775194,258,0.02,100,0.9412403100775194,0.9393287114152705
63785075,0.9577464788732394,284,0.04794520547945205,146,0.9098012733937874,0.9052665736539335
63786198,0.9424460431654677,278,0.015151515151515152,132,0.9272945280139525,0.9252203597869322
63795006,0.9589552238805971,268,0.0078125,128,0.9511427238805971,0.9502828202878102
63799912,0.9705882352941176,306,0.0,148,0.9705882352941176,0.9704918032786886
63801470,0.9659863945578231,294,0.014285714285714285,140,0.9517006802721089,0.9505058050799914
63806385,0.9685534591194969,318,0.04666666666666667,150,0.9218867924528302,0.9185343504257437
63808179,0.9708029197080292,274,0.00641025641025641,156,0.9643926632977728,0.9638682768320481
63808543,0.9583333333333334,288,0.0,142,0.9583333333333334,0.9581881533101047
63818583,0.95625,320,0.0,132,0.95625,0.9561128526645769
63818647,0.9050632911392406,316,0.0,166,0.9050632911392406,0.9047619047619049
63822732,0.9548192771084337,332,0.0,136,0.9548192771084337,0.9546827794561933
63827138,0.9612903225806452,310,0.0,136,0.9612903225806452,0.9611650485436893
63829353,0.9790419161676647,334,0.0410958904109589,146,0.9379460257567058,0.9358718053050998
63834428,0.9542682926829268,328,0.0,138,0.9542682926829268,0.9541284403669724
63840299,0.9868421052631579,304,0.0,112,0.9868421052631579,0.9867986798679867
63840407,0.9969325153374233,326,0.0078125,128,0.9891200153374233,0.9890008721775366
63840407,0.0,326,0.9375,128,0.9375,0.937007874015748
63840643,0.9968354430379747,316,0.0,136,0.9968354430379747,0.9968253968253968
63842379,0.9741379310344828,348,0.0,134,0.9741379310344828,0.9740634005763689
63843118,0.9964028776978417,278,0.0,98,0.9964028776978417,0.996389891696751
63843118,0.0,278,0.9795918367346939,98,0.9795918367346939,0.979381443298969
63847127,0.9507042253521126,284,0.0,134,0.9507042253521126,0.950530035335689
63847192,0.9671532846715328,274,0.0,132,0.9671532846715328,0.967032967032967
63847573,0.9697986577181208,298,0.0,150,0.9697986577181208,0.9696969696969697
63847596,0.964968152866242,314,0.0,128,0.964968152866242,0.9648562300319489
63848155,1.0,288,0.00819672131147541,122,0.9918032786885246,0.9917355371900827
63848155,0.0,288,0.9508196721311475,122,0.9508196721311475,0.9504132231404958
63851348,0.9455782312925171,294,0.0,130,0.9455782312925171,0.9453924914675768
63861122,0.9929078014184397,282,0.0,102,0.9929078014184397,0.9928825622775801
63870717,0.0028735632183908046,348,0.9903846153846154,104,0.9875110521662246,0.9873538134407701
63872635,0.002824858757062147,354,0.9464285714285714,112,0.9436037126715092,0.9428087771396878
63874961,0.07062146892655367,354,0.9919354838709677,124,0.9213140149444141,0.919904298936117
63875408,0.9333333333333333,270,0.0,106,0.9333333333333333,0.9330855018587361
63875408,0.0,270,0.9905660377358491,106,0.9905660377358491,0.9904761904761905
63875473,0.06395348837209303,344,0.9895833333333334,96,0.9256298449612403,0.9239940586191357
63886188,0.0,396,0.9626865671641791,134,0.9626865671641791,0.962406015037594
63892526,0.0,322,0.9811320754716981,106,0.9811320754716981,0.9809523809523809
63894796,0.0,326,0.9479166666666666,96,0.9479166666666666,0.9473684210526316
63895039,0.07098765432098765,324,0.9818181818181818,110,0.9108305274971942,0.9078536258386862
63895039,0.0,324,0.9818181818181818,110,0.9818181818181818,0.981651376146789
63895959,0.07098765432098765,324,0.9897959183673469,98,0.9188082640463593,0.9170268042373114
63898752,0.08870967741935484,372,0.9907407407407407,108,0.9020310633213858,0.9000552803417134
63898988,0.06896551724137931,348,1.0,102,0.9310344827586207,0.9308357348703171
63899376,0.09941520467836257,342,1.0,104,0.9005847953216375,0.9002932551319649
63927264,0.08982035928143713,334,0.9905660377358491,106,0.9007456784544119,0.898683472204599
63928652,0.056818181818181816,352,0.9583333333333334,120,0.9015151515151516,0.8962663060026145
63929092,0.007042253521126761,284,1.0,124,0.9929577464788732,0.9929328621908127
63935767,0.08762886597938144,388,0.9901960784313726,102,0.9025672124519911,0.9005175178895876
63936913,0.0967741935483871,372,1.0,104,0.9032258064516129,0.902964959568733
63937290,1.0,294,0.0,108,1.0,1.0
63937290,0.0,294,1.0,108,1.0,1.0
63940073,0.9839743589743589,312,0.0,122,0.9839743589743589,0.9839228295819935
63940073,0.01282051282051282,312,1.0,122,0.9871794871794872,0.9871382636655949
63941969,0.022857142857142857,350,0.99,100,0.9671428571428571,0.9665164426053328
63945218,0.027607361963190184,326,0.9903846153846154,104,0.9627772534214253,0.9620649112063687
63948697,0.03926701570680628,382,1.0,126,0.9607329842931938,0.9606299212598425
63948732,0.04619565217391304,368,1.0,124,0.9538043478260869,0.9536784741144414
63948920,0.022598870056497175,354,0.99,100,0.9674011299435028,0.9667813911231944
63949834,0.03333333333333333,360,1.0,126,0.9666666666666667,0.9665738161559888
63950299,0.040229885057471264,348,0.99,100,0.9497701149425287,0.9487439409831723
63952550,0.0,320,1.0,134,1.0,1.0
63957849,0.0,334,0.9051724137931034,116,0.9051724137931034,0.9043478260869565
63968011,0.0,360,0.9836065573770492,122,0.9836065573770492,0.9834710743801653
63968033,0.09497206703910614,358,1.0,132,0.9050279329608939,0.9047619047619049
63970691,0.0,320,0.9901960784313726,102,0.9901960784313726,0.9900990099009901
63976459,0.0,338,0.9705882352941176,102,0.9705882352941176,0.9702970297029703
63977109,0.005434782608695652,368,0.9224137931034483,116,0.9169790104947526,0.9154423724499376
63987373,0.0,312,0.9924242424242424,132,0.9924242424242424,0.9923664122137404
63993378,0.0,358,0.9772727272727273,132,0.9772727272727273,0.9770992366412214
63996898,1.0,272,0.0,108,1.0,1.0
63996898,0.0,272,1.0,108,1.0,1.0
63997102,0.0,326,0.9814814814814815,108,0.9814814814814815,0.9813084112149534
64003321,0.043859649122807015,342,0.9705882352941176,102,0.9267285861713106,0.9237192942485665
64003355,0.04032258064516129,372,0.95,100,0.9096774193548387,0.9050236919310507
64003368,0.042134831460674156,356,0.96875,96,0.9266151685393258,0.9235239291807001
64028889,0.0,308,0.9841269841269841,126,0.9841269841269841,0.9839999999999999
64040782,0.0035460992907801418,282,0.9850746268656716,134,0.9815285275748915,0.9812972610531019
64040803,0.024691358024691357,324,1.0,136,0.9753086419753086,0.9752321981424148
64056452,0.0034965034965034965,286,0.9591836734693877,98,0.9556871699728842,0.9549668374747692
64064336,0.031073446327683617,354,0.9354838709677419,124,0.9044104246400583,0.8997846062377424
64064409,0.017142857142857144,350,1.0,100,0.9828571428571429,0.9828080229226361
64064777,0.01098901098901099,364,0.9384615384615385,130,0.9274725274725275,0.9256077772237243
64087998,0.06857142857142857,350,1.0,114,0.9314285714285714,0.9312320916905444
64092566,0.029411764705882353,340,0.990909090909091,110,0.9614973262032086,0.9607894257871876
64099074,0.00267379679144385,374,0.9210526315789473,114,0.9183788347875035,0.917248707942915
64100221,0.02197802197802198,364,0.9833333333333333,120,0.9613553113553113,0.9604185713819017
64100342,0.03664921465968586,382,0.9416666666666667,120,0.9050174520069808,0.9001522567069102
64100413,0.03439153439153439,378,0.9416666666666667,120,0.9072751322751322,0.9026772531720455
64100476,0.016666666666666666,360,0.9537037037037037,108,0.937037037037037,0.9350080781887551
64100476,0.002777777777777778,360,0.9537037037037037,108,0.950925925925926,0.9502268595431878
64100935,0.022099447513812154,362,1.0,116,0.9779005524861879,0.9778393351800555
64102936,0.0,350,0.9285714285714286,98,0.9285714285714286,0.9278350515463918
64102936,0.02857142857142857,350,0.9285714285714286,98,0.9,0.8950925055806612
64104819,0.016304347826086956,368,1.0,116,0.9836956521739131,0.9836512261580382
64105092,0.032663316582914576,398,1.0,132,0.9673366834170855,0.9672544080604535
64106160,0.013888888888888888,360,0.9666666666666667,120,0.9527777777777778,0.9515288290722622
64107202,0.035897435897435895,390,0.975,120,0.9391025641025641,0.9369988605263004
64107202,0.015384615384615385,390,0.975,120,0.9596153846153845,0.9585929418471245
64107582,0.012755102040816327,392,0.95,120,0.9372448979591836,0.9355114985237983
64107595,0.010101010101010102,396,0.9508196721311475,122,0.9407186620301374,0.9392889077566323
64108189,0.024875621890547265,402,0.9765625,128,0.9516868781094527,0.9502696370698628
64109757,0.04895104895104895,286,0.9915254237288136,118,0.9425743747777646,0.9414961488147785
64109945,0.02894736842105263,380,1.0,120,0.9710526315789474,0.9709762532981532
64110534,0.04896907216494845,388,1.0,136,0.9510309278350515,0.9509043927648577
64110613,0.03021978021978022,364,1.0,126,0.9697802197802198,0.9696969696969697
64111992,0.042328042328042326,378,0.9919354838709677,124,0.9496074415429254,0.9487436350420375
64112074,0.02197802197802198,364,1.0,122,0.978021978021978,0.977961432506887
64113133,0.028735632183908046,348,0.98,100,0.9512643678160919,0.9498240074358537
64113150,0.020114942528735632,348,0.9895833333333334,96,0.9694683908045978,0.9688790690865314
64113150,0.0,348,0.9895833333333334,96,0.9895833333333334,0.9894736842105264
64116398,0.02564102564102564,390,1.0,128,0.9743589743589743,0.974293059125964
64119922,0.03553299492385787,394,1.0,136,0.9644670050761421,0.9643765903307888
64123981,0.036458333333333336,384,0.9814814814814815,108,0.9450231481481481,0.9433983570861835
64127839,0.028795811518324606,382,0.9537037037037037,108,0.9249078921853792,0.9217252788627857
64129452,0.03571428571428571,364,0.9901960784313726,102,0.9544817927170869,0.9535820750830082
64131321,0.03888888888888889,360,1.0,100,0.9611111111111111,0.9610027855153204
64136241,0.01804123711340206,388,1.0,110,0.9819587628865979,0.9819121447028424
64136390,0.017241379310344827,348,0.9912280701754386,114,0.9739866908650937,0.9735552082112433
64136464,0.020348837209302327,344,0.990909090909091,110,0.9705602536997886,0.970045437881195
64138812,0.021052631578947368,380,0.9568965517241379,116,0.9358439201451906,0.9335920545391077
64140687,0.033707865168539325,356,0.9568965517241379,116,0.9231886865555986,0.919805601868122
64140707,0.03488372093023256,344,0.9824561403508771,114,0.9475724194206446,0.9460857937995011
64140936,0.02023121387283237,346,0.956140350877193,114,0.9359091370043606,0.9336807764809026
64145281,0.014705882352941176,340,0.98,100,0.9652941176470589,0.9644570155871938
64145382,0.04597701149425287,348,0.9607843137254902,102,0.9148073022312373,0.9106715977020167
64146749,0.02972972972972973,370,0.9910714285714286,112,0.9613416988416988,0.9606469526812679
64147021,0.02046783625730994,342,1.0,116,0.97953216374269,0.9794721407624633
64150639,0.026470588235294117,340,1.0,98,0.9735294117647059,0.9734513274336283
64153306,0.02601156069364162,346,1.0,98,0.9739884393063584,0.9739130434782609
64153458,0.02824858757062147,354,1.0,116,0.9717514124293786,0.971671388101983
64153458,0.0,354,1.0,116,1.0,1.0
64154314,0.022099447513812154,362,0.9916666666666667,120,0.9695672191528546,0.969065717910684
64154824,0.0392156862745098,306,1.0,124,0.9607843137254902,0.960655737704918
64155267,0.06329113924050633,316,1.0,114,0.9367088607594937,0.9365079365079365
64155278,0.06395348837209303,344,1.0,110,0.936046511627907,0.9358600583090378
64155295,0.05813953488372093,344,1.0,110,0.9418604651162791,0.9416909620991254
64155920,0.0,276,1.0,122,1.0,1.0
64166544,0.0,288,1.0,132,1.0,1.0
64209995,0.003401360544217687,294,1.0,112,0.9965986394557823,0.9965870307167235
64214432,0.9831081081081081,296,0.0,104,0.9831081081081081,0.983050847457627
64214432,0.006756756756756757,296,1.0,104,0.9932432432432432,0.9932203389830507
64220064,0.013227513227513227,378,0.9913793103448276,116,0.9781517971173144,0.9778124439662901
64220880,0.021164021164021163,378,0.9696969696969697,132,0.9485329485329486,0.9469579967347692
64221478,0.0175,400,0.9745762711864406,118,0.9570762711864407,0.9559212197705325
64225537,0.017241379310344827,348,0.9313725490196079,102,0.914131169709263,0.9110270292355578
64225694,0.012195121951219513,328,0.9591836734693877,98,0.9469885515181682,0.9455294581866256
64233811,0.9606060606060606,330,0.0,144,0.9606060606060606,0.9604863221884499
64233811,0.0,330,0.9930555555555556,144,0.9930555555555556,0.993006993006993
64238996,0.005917159763313609,338,0.9649122807017544,114,0.9589951209384407,0.9582495770172373
64244278,0.9931972789115646,294,0.01818181818181818,110,0.9750154607297464,0.9745765804900179
64244278,0.006802721088435374,294,0.9545454545454546,110,0.9477427334570192,0.9466806588643876
64255804,0.005714285714285714,350,1.0,108,0.9942857142857143,0.994269340974212
64259150,0.00974025974025974,308,0.9224137931034483,116,0.9126735333631886,0.9104495096315565
64267620,0.010256410256410256,390,0.9365079365079365,126,0.9262515262515263,0.9244099800232592
64271802,0.031073446327683617,354,0.9326923076923077,104,0.9016188613646241,0.89668818059777
64271802,0.0,354,0.9326923076923077,104,0.9326923076923077,0.9320388349514562
64273475,0.006493506493506494,308,1.0,116,0.9935064935064936,0.9934853420195441
64283456,1.0,318,0.007462686567164179,134,0.9925373134328358,0.9924812030075187
64283456,0.0,318,0.9925373134328358,134,0.9925373134328358,0.9924812030075187
64289012,0.0,374,0.9453125,128,0.9453125,0.9448818897637795
64292627,0.9938650306748467,326,0.0,136,0.9938650306748467,0.9938461538461538
64292627,0.006134969325153374,326,1.0,136,0.9938650306748467,0.9938461538461538
64296007,0.9939759036144579,332,0.007142857142857143,140,0.9868330464716007,0.9866769689887109
64296007,0.0,332,0.9928571428571429,140,0.9928571428571429,0.9928057553956835
64296235,0.993421052631579,304,0.0,128,0.993421052631579,0.9933993399339934
64296235,0.0,304,0.9921875,128,0.9921875,0.9921259842519685
64318006,0.9858156028368794,282,0.0,120,0.9858156028368794,0.9857651245551602
64318006,0.0070921985815602835,282,0.9916666666666667,120,0.9845744680851064,0.9843603052795957
64322064,0.9932885906040269,298,0.0,122,0.9932885906040269,0.9932659932659933
64322064,0.0,298,1.0,122,1.0,1.0
64322096,0.9930555555555556,288,0.0,118,0.9930555555555556,0.9930313588850175
64322096,0.006944444444444444,288,1.0,118,0.9930555555555556,0.9930313588850175
64322960,0.0,332,0.9509803921568627,102,0.9509803921568627,0.9504950495049505
64338166,0.006134969325153374,326,0.9727272727272728,110,0.9665923034021194,0.9659866723540799
64378189,0.9775641025641025,312,0.0,132,0.9775641025641025,0.9774919614147909
64378189,0.016025641025641024,312,1.0,132,0.983974358974359,0.9839228295819936
64410643,0.9859154929577465,284,0.0,104,0.9859154929577465,0.9858657243816255
64410643,0.0,284,1.0,104,1.0,1.0
64410710,0.987012987012987,308,0.0,112,0.987012987012987,0.9869706840390879
64410710,0.003246753246753247,308,0.9821428571428571,112,0.9788961038961038,0.9786080051388591
64411590,1.0,354,0.0,130,1.0,1.0
64411590,0.0,354,1.0,130,1.0,1.0
64428987,1.0,294,0.01818181818181818,110,0.9818181818181818,0.981651376146789
64428987,0.0,294,0.9818181818181818,110,0.9818181818181818,0.981651376146789
64436717,0.02072538860103627,386,0.9322033898305084,118,0.9114780012294722,0.9080279457572704
64436725,0.0234375,384,0.9333333333333333,120,0.9098958333333333,0.9061433882175611
64444046,0.020618556701030927,388,0.9375,112,0.916881443298969,0.9136804867643674
64446405,0.008571428571428572,350,0.9583333333333334,96,0.9497619047619048,0.9485803155096199
64446406,0.008670520231213872,346,0.9583333333333334,96,0.9496628131021195,0.9484723399764092
64447157,0.015384615384615385,390,0.9193548387096774,124,0.9039702233250619,0.9007876821713585
64450812,0.9965986394557823,294,0.0,100,0.9965986394557823,0.9965870307167235
64450812,0.0,294,0.98,100,0.98,0.9797979797979798
64458044,0.024861878453038673,362,1.0,112,0.9751381215469613,0.9750692520775622
64460163,0.029069767441860465,344,1.0,112,0.9709302325581395,0.9708454810495626
64460717,0.03125,352,1.0,96,0.96875,0.9686609686609687
64466364,0.047337278106508875,338,0.9895833333333334,96,0.9422460552268245,0.9410039845952514
64466691,0.046242774566473986,346,1.0,120,0.953757225433526,0.9536231884057971
64467929,0.021897810218978103,274,0.9716981132075472,106,0.9498003029885691,0.9482045287997067
64481657,0.08064516129032258,372,0.9920634920634921,126,0.9114183307731695,0.9098520733546799
64482288,0.06806282722513089,382,0.9811320754716981,106,0.9130692482465672,0.9101336736834964
64482646,0.06,350,0.9722222222222222,108,0.9122222222222223,0.9084488417397473
64482902,0.052763819095477386,398,0.9924242424242424,132,0.9396604233287651,0.9386667615601468
64483703,0.08808290155440414,386,1.0,122,0.9119170984455959,0.9116883116883117
64483703,0.0051813471502590676,386,1.0,122,0.9948186528497409,0.9948051948051948
64483726,0.08021390374331551,374,1.0,118,0.9197860962566845,0.9195710455764076
64483824,0.06857142857142857,350,0.9905660377358491,106,0.9219946091644204,0.9204080154276422
64483982,0.07225433526011561,346,0.9841269841269841,126,0.9118726488668685,0.9092353699699555
64483982,0.005780346820809248,346,0.9841269841269841,126,0.9783466373061748,0.9780184349456774
64484005,0.07428571428571429,350,0.984375,128,0.9100892857142857,0.9074250715944906
64484163,0.03954802259887006,354,0.9596774193548387,124,0.9201293967559687,0.9164937820612189
64484244,0.058333333333333334,360,0.9765625,128,0.9182291666666667,0.9151410805795966
64488520,0.9337748344370861,302,0.0,136,0.9337748344370861,0.9335548172757474
64488520,0.006622516556291391,302,1.0,136,0.9933774834437086,0.9933554817275747
64501327,0.951048951048951,286,0.0,126,0.951048951048951,0.9508771929824561
64501327,0.006993006993006993,286,0.9920634920634921,126,0.9850704850704851,0.9848708301089042
64503544,0.03038674033149171,362,0.990909090909091,110,0.9605223505775993,0.9597992685011804
64503544,0.022099447513812154,362,0.990909090909091,110,0.9688096433952789,0.9682609657436742
64507126,0.9638157894736842,304,0.0,124,0.9638157894736842,0.9636963696369637
64507126,0.003289473684210526,304,1.0,124,0.9967105263157895,0.9966996699669968
64507585,0.01804123711340206,388,0.9918032786885246,122,0.9737620415751225,0.9733504014504536
64507697,0.02631578947368421,380,0.9772727272727273,132,0.9509569377990431,0.9495131956991346
64509951,0.012953367875647668,386,0.9928571428571429,140,0.9799037749814952,0.9796328209212432
64510102,0.051470588235294115,408,0.9940476190476191,168,0.9425770308123249,0.9417999395725613
64510102,0.007352941176470588,408,0.9940476190476191,168,0.9866946778711485,0.9865530716235942
64510244,0.007772020725388601,386,0.9915254237288136,118,0.983753403003425,0.9835283384888419
64510363,1.0,324,0.0,116,1.0,1.0
64510363,0.0,324,1.0,116,1.0,1.0
64510664,0.0,386,0.9047619047619048,126,0.9047619047619048,0.904
64514622,0.01366120218579235,366,0.9636363636363636,110,0.9499751614505713,0.9486057821460044
64514876,0.015706806282722512,382,1.0,110,0.9842931937172775,0.984251968503937
64515576,0.0025,400,0.9666666666666667,120,0.9641666666666667,0.9637127578304051
64515777,0.007575757575757576,396,0.9846153846153847,130,0.9770396270396271,0.976666949283006
64520368,0.03142857142857143,350,0.9716981132075472,106,0.9402695417789757,0.9381233116486508
64520368,0.0,350,0.9716981132075472,106,0.9716981132075472,0.9714285714285714
64521948,0.0,338,0.9385964912280702,114,0.9385964912280702,0.9380530973451328
64522098,0.07627118644067797,354,0.9850746268656716,134,0.9088034404249936,0.906191977756327
64522221,0.057065217391304345,368,0.9758064516129032,124,0.9187412342215989,0.9156208936138033
64527563,0.0,326,1.0,120,1.0,1.0
64530560,0.0,346,0.9180327868852459,122,0.9180327868852459,0.9173553719008264
64537681,0.006289308176100629,318,0.9921875,128,0.9858981918238994,0.9857180338610135
64560527,0.9933774834437086,302,0.0,106,0.9933774834437086,0.9933554817275747
64560527,0.0033112582781456954,302,0.9905660377358491,106,0.9872547794577033,0.9870910586597481
64561817,0.01764705882352941,340,1.0,104,0.9823529411764705,0.9823008849557522
64561817,0.041176470588235294,340,1.0,104,0.9588235294117647,0.9587020648967552
64561817,0.0,340,1.0,104,1.0,1.0
64564781,0.08031088082901554,386,0.9910714285714286,112,0.9107605477424131,0.9090309730841226
64564781,0.0,386,0.9910714285714286,112,0.9910714285714286,0.990990990990991
64565172,0.07017543859649122,342,0.9915254237288136,118,0.9213499851323224,0.9198768375706851
64565172,0.0029239766081871343,342,0.9915254237288136,118,0.9886014471206265,0.9884706000300767
64573279,0.006060606060606061,330,0.92,100,0.9139393939393939,0.9121381349166078
64573286,0.0029940119760479044,334,0.9591836734693877,98,0.9561896614933398,0.9555139458132264
64575406,0.014124293785310734,354,1.0,104,0.9858757062146892,0.9858356940509915
64580494,0.9924242424242424,264,0.0,108,0.9924242424242424,0.9923954372623573
64580494,0.0,264,1.0,108,1.0,1.0
64591796,0.013157894736842105,380,0.9479166666666666,96,0.9347587719298245,0.9327984176591708
64596404,0.03389830508474576,354,0.9791666666666666,96,0.9452683615819208,0.94353321672809
64603668,0.0,290,0.9649122807017544,114,0.9649122807017544,0.9646017699115044
64608729,0.0,362,0.9375,96,0.9375,0.9368421052631579
64611222,0.015957446808510637,376,0.9433962264150944,106,0.9274387796065837,0.9250434326446855
64611323,0.08959537572254335,346,1.0,132,0.9104046242774566,0.9101449275362319
64620080,0.002793296089385475,358,0.9830508474576272,118,0.9802575513682417,0.9800096503143783
64628151,0.05263157894736842,380,1.0,120,0.9473684210526316,0.9472295514511874
64629540,0.07352941176470588,340,1.0,110,0.9264705882352942,0.9262536873156343
64635726,0.06578947368421052,380,0.9779411764705882,136,0.9121517027863777,0.9089065831881592
64635726,0.002631578947368421,380,0.9779411764705882,136,0.9753095975232198,0.9750225925191209
64635901,0.05026455026455026,378,0.9507042253521126,142,0.9004396750875624,0.8950041713817064
64635901,0.0,378,0.9507042253521126,142,0.9507042253521126,0.9503546099290779
64636042,0.05412371134020619,388,0.9655172413793104,116,0.9113935300391042,0.9072151701803916
64636046,0.05526315789473684,380,0.9655172413793104,116,0.9102540834845736,0.9059912882601499
64636076,0.04568527918781726,394,0.9538461538461539,130,0.9081608746583366,0.9034676299114641
64636090,0.05897435897435897,390,0.9916666666666667,120,0.9326923076923077,0.9314832603667874
64636112,0.05384615384615385,390,0.9568965517241379,116,0.903050397877984,0.8978928088567802
64636136,0.04896907216494845,388,0.9818181818181818,110,0.9328491096532333,0.9307678257302737
64644797,0.04120879120879121,364,0.99,100,0.9487912087912088,0.9477478227064
64644835,0.0702247191011236,356,1.0,106,0.9297752808988764,0.9295774647887325
64646495,0.011111111111111112,270,0.9918032786885246,122,0.9806921675774135,0.9803999130173655
64653445,0.9923664122137404,262,0.0,112,0.9923664122137404,0.9923371647509578
64653445,0.007633587786259542,262,1.0,112,0.9923664122137404,0.9923371647509578
64659616,0.026881720430107527,372,0.9821428571428571,112,0.9552611367127496,0.9540630651110305
64660777,0.04857142857142857,350,0.9590163934426229,122,0.9104449648711943,0.90598100533282
64660810,0.04285714285714286,350,0.9649122807017544,114,0.9220551378446116,0.9186064516426877
64661666,0.00980392156862745,306,1.0,102,0.9901960784313726,0.9901639344262296
64678791,0.05191256830601093,366,0.9727272727272728,110,0.9208147044212618,0.9175822966208117
64678951,0.06382978723404255,376,0.9910714285714286,112,0.9272416413373861,0.9258457131164315
64680135,0.04885057471264368,348,0.9583333333333334,96,0.9094827586206897,0.9048233491218196
64681894,0.9930555555555556,288,0.0,132,0.9930555555555556,0.9930313588850175
64681894,0.003472222222222222,288,1.0,132,0.9965277777777778,0.9965156794425087
64682861,0.08146067415730338,356,0.9921875,128,0.9107268258426966,0.9091577425474935
64686484,0.05612244897959184,392,0.9594594594594594,148,0.9033370104798676,0.8983686717858996
64686484,0.0,392,0.9594594594594594,148,0.9594594594594594,0.9591836734693877
64686495,0.0025380710659898475,394,0.9637681159420289,138,0.9612300448760391,0.9607743476331481
64686508,0.0075,400,0.9565217391304348,138,0.9490217391304349,0.9480307204770105
64687057,0.9801324503311258,302,0.0,116,0.9801324503311258,0.9800664451827242
64687057,0.0033112582781456954,302,1.0,116,0.9966887417218543,0.9966777408637874
64687992,0.03067484662576687,326,0.9818181818181818,110,0.9511433351924149,0.9497611335901864
64699750,0.0,298,1.0,106,1.0,1.0
64704661,0.057692307692307696,364,0.9711538461538461,104,0.9134615384615384,0.9096851974300566
64704744,0.04864864864864865,370,0.98,100,0.9313513513513514,0.9290629438417424
64706101,0.06497175141242938,354,1.0,104,0.9350282485875706,0.9348441926345609
64707622,0.020202020202020204,396,0.9365079365079365,126,0.9163059163059163,0.9131755210944694
64707689,0.020942408376963352,382,0.96,100,0.9390575916230366,0.9369156609815418
64707689,0.0,382,0.96,100,0.96,0.9595959595959596
64708868,0.006802721088435374,294,0.9126984126984127,126,0.9058956916099773,0.90398131266768
64710532,0.9967320261437909,306,0.0,130,0.9967320261437909,0.9967213114754099
64710532,0.0,306,0.9923076923076923,130,0.9923076923076923,0.9922480620155039
64710577,0.01358695652173913,368,0.990909090909091,110,0.9773221343873518,0.9769532636816113
64712431,0.013888888888888888,360,0.9411764705882353,102,0.9272875816993464,0.9250253047294866
64713577,0.021621621621621623,370,1.0,100,0.9783783783783784,0.978319783197832
64713695,0.026595744680851064,376,1.0,98,0.973404255319149,0.9733333333333334
64713695,0.0,376,1.0,98,1.0,1.0
64713724,0.02702702702702703,370,1.0,118,0.972972972972973,0.9728997289972899
64716740,0.03197674418604651,344,1.0,104,0.9680232558139534,0.9679300291545189
64716806,0.023809523809523808,336,0.9912280701754386,114,0.9674185463659147,0.9668498251083812
64716920,0.017341040462427744,346,0.9272727272727272,110,0.9099316868102995,0.9066841362958191
64716924,0.023121387283236993,346,1.0,104,0.976878612716763,0.9768115942028986
64718285,0.03591160220994475,362,1.0,104,0.9640883977900553,0.96398891966759
64718361,0.017857142857142856,336,0.9326923076923077,104,0.9148351648351648,0.9117160595773642
64718961,0.03125,416,0.9769230769230769,130,0.9456730769230769,0.9439714234105586
64726605,0.033816425120772944,414,0.9682539682539683,126,0.9344375431331953,0.931948367114148
64727192,0.01358695652173913,368,0.95,120,0.9364130434782608,0.9345917274891453
64727192,0.008152173913043478,368,0.95,120,0.9418478260869565,0.9405865033656371
64739081,0.9506578947368421,304,0.0,128,0.9506578947368421,0.9504950495049505
64739081,0.006578947368421052,304,1.0,128,0.993421052631579,0.9933993399339934
64739125,0.9487179487179487,312,0.0,124,0.9487179487179487,0.9485530546623794
64739125,0.00641025641025641,312,1.0,124,0.9935897435897436,0.9935691318327975
64741626,0.9477611940298507,268,0.0,98,0.9477611940298507,0.9475655430711609
64741626,0.007462686567164179,268,1.0,98,0.9925373134328358,0.9925093632958801
64741745,0.08125,320,0.9903846153846154,104,0.9091346153846154,0.9072163199718005
64748180,0.07006369426751592,314,0.9897959183673469,98,0.919732224099831,0.9179655597681684
64748264,0.078125,320,0.9836065573770492,122,0.9054815573770492,0.9025319137048758
64748272,0.07643312101910828,314,1.0,118,0.9235668789808917,0.9233226837060703
64751638,0.010471204188481676,382,0.9259259259259259,108,0.9154547217374442,0.913177384448298
64753488,0.007894736842105263,380,0.9230769230769231,130,0.9151821862348178,0.9133460200256941
64753488,0.0,380,0.9230769230769231,130,0.9230769230769231,0.9224806201550388
64755307,0.014367816091954023,348,1.0,108,0.985632183908046,0.9855907780979828
64755797,0.01764705882352941,340,1.0,96,0.9823529411764705,0.9823008849557522
64755845,0.014285714285714285,350,1.0,96,0.9857142857142858,0.9856733524355301
64756460,0.017142857142857144,350,0.9310344827586207,116,0.9138916256157635,0.9108711325084293
64756543,0.0456989247311828,372,0.9833333333333333,120,0.9376344086021505,0.9358417741030917
64759149,0.98046875,256,0.018867924528301886,106,0.9616008254716981,0.9606031215427122
64759149,0.0,256,0.9811320754716981,106,0.9811320754716981,0.9809523809523809
64760299,0.9888888888888889,270,0.0,96,0.9888888888888889,0.9888475836431228
64760299,0.007407407407407408,270,1.0,96,0.9925925925925926,0.9925650557620818
64760684,0.0027624309392265192,362,0.9245283018867925,106,0.9217658709475659,0.920620207615064
64761141,0.018134715025906734,386,1.0,142,0.9818652849740933,0.9818181818181818
64761141,0.0051813471502590676,386,1.0,142,0.9948186528497409,0.9948051948051948
64761141,0.0,386,1.0,142,1.0,1.0
64761152,0.015463917525773196,388,0.9214285714285714,140,0.9059646539027981,0.9029244299791366
64761152,0.0,388,0.9214285714285714,140,0.9214285714285714,0.9208633093525179
64761189,0.020833333333333332,384,0.9838709677419355,124,0.9630376344086021,0.9621769188184687
64761209,0.02030456852791878,394,0.9701492537313433,134,0.9498446852034246,0.9483518485573796
64761226,0.02072538860103627,386,0.9615384615384616,130,0.9408130729374253,0.9388613671420892
64761226,0.0,386,0.9615384615384616,130,0.9615384615384616,0.9612403100775193
64761676,0.024725274725274724,364,0.9351851851851852,108,0.9104599104599105,0.9065733056483157
64761676,0.005494505494505495,364,0.9351851851851852,108,0.9296906796906798,0.9283539355313651
64762951,0.010362694300518135,386,0.9791666666666666,96,0.9688039723661485,0.9681233579346719
64763170,0.002702702702702703,370,0.9607843137254902,102,0.9580816110227875,0.9574727754255268
64763171,0.002702702702702703,370,0.9607843137254902,102,0.9580816110227875,0.9574727754255268
64765955,0.03611111111111111,360,0.9622641509433962,106,0.9261530398322851,0.9229589837634684
64766113,0.021164021164021163,378,0.9553571428571429,112,0.9341931216931217,0.9318381204361003
64770518,0.015625,384,0.990909090909091,110,0.975284090909091,0.974874203746592
64771029,0.010416666666666666,384,0.9661016949152542,118,0.9556850282485876,0.9546585227829507
64777567,0.012376237623762377,404,0.9193548387096774,124,0.906978601085915,0.904290311012197
64777758,0.013440860215053764,372,0.9919354838709677,124,0.978494623655914,0.9781749133061313
64777928,0.00546448087431694,366,1.0,108,0.994535519125683,0.9945205479452054
64777928,0.0,366,1.0,108,1.0,1.0
64777966,0.00273224043715847,366,1.0,108,0.9972677595628415,0.9972602739726028
64784632,0.058333333333333334,360,0.9855072463768116,138,0.9271739130434783,0.9252092043171484
64795546,0.0,372,0.9152542372881356,118,0.9152542372881356,0.9145299145299145
64795906,0.01485148514851485,404,0.9318181818181818,132,0.9169666966696669,0.9143787158067304
64795956,0.04918032786885246,366,0.9701492537313433,134,0.9209689258624909,0.9176677763598691
64795972,0.007692307692307693,390,0.927536231884058,138,0.9198439241917503,0.9181764296950816
64796145,0.020833333333333332,384,0.923728813559322,118,0.9028954802259886,0.8990052843924218
64796326,0.04712041884816754,382,0.96875,128,0.9216295811518325,0.9183086541717237
64796389,0.053475935828877004,374,0.9776119402985075,134,0.9241360044696305,0.9214236750174322
64796408,0.05614973262032086,374,0.9632352941176471,136,0.9070855614973262,0.9025318058304551
64796408,0.0,374,0.9632352941176471,136,0.9632352941176471,0.962962962962963
64796433,0.046632124352331605,386,0.9692307692307692,130,0.9225986448784376,0.9193633000014826
64796436,0.04736842105263158,380,0.9682539682539683,126,0.9208855472013366,0.9174927857562257
64796547,0.05789473684210526,380,0.9666666666666667,120,0.9087719298245615,0.9044742169143695
64801956,0.0,344,0.9454545454545454,110,0.9454545454545454,0.944954128440367
64814080,0.0028735632183908046,348,0.9661016949152542,118,0.9632281316968634,0.9627342477046739
64814159,0.0,340,0.9416666666666667,120,0.9416666666666667,0.9411764705882353
64827560,0.04,350,0.9791666666666666,96,0.9391666666666666,0.9371577710458658
64831950,0.0,322,0.9758064516129032,124,0.9758064516129032,0.975609756097561
64835941,0.9932432432432432,296,0.0,104,0.9932432432432432,0.9932203389830507
64835941,0.0,296,0.9903846153846154,104,0.9903846153846154,0.9902912621359223
64836772,0.0,380,0.9242424242424242,132,0.9242424242424242,0.9236641221374045
64836800,0.041666666666666664,360,0.956140350877193,114,0.9144736842105263,0.9103079100564779
64836872,0.04619565217391304,368,0.9841269841269841,126,0.937931331953071,0.9362062582346591
64836908,0.05,360,0.9923076923076923,130,0.9423076923076923,0.9413360476582131
64837103,0.03482587064676617,402,1.0,118,0.9651741293532339,0.9650872817955113
64837103,0.0024875621890547263,402,1.0,118,0.9975124378109452,0.997506234413965
64837768,0.03140096618357488,414,1.0,110,0.9685990338164251,0.9685230024213075
64839086,0.029891304347826088,368,0.9897959183673469,98,0.9599046140195209,0.959104309959663
64841143,0.9760479041916168,334,0.0,138,0.9760479041916168,0.975975975975976
64841143,0.0,334,1.0,138,1.0,1.0
64841199,0.04846938775510204,392,0.9924242424242424,132,0.9439548546691404,0.9430354281844342
64841199,0.0,392,0.9924242424242424,132,0.9924242424242424,0.9923664122137404
64842163,0.02295918367346939,392,0.9833333333333333,120,0.9603741496598639,0.9594064722196514
64842804,0.010416666666666666,384,0.9482758620689655,116,0.9378591954022989,0.9362999325218878
64846669,0.02564102564102564,390,0.9827586206896551,116,0.9571175950486295,0.9560133976688542
64846772,0.022388059701492536,402,0.9931506849315068,146,0.9707626252300143,0.9703515188237429
64850607,0.03571428571428571,364,0.9803921568627451,102,0.9446778711484594,0.9429779260814178
64850676,0.05080213903743316,374,1.0,104,0.9491978609625669,0.9490616621983915
64850685,0.051075268817204304,372,0.9622641509433962,106,0.911188882126192,0.9068296815982643
64850864,0.055865921787709494,358,0.9655172413793104,116,0.909651319591601,0.9053360900225348
64850867,0.05649717514124294,354,0.9655172413793104,116,0.9090200662380674,0.9046578012078863
64853008,0.060126582278481014,316,0.9803921568627451,102,0.9202655745842641,0.9175129559111381
64853265,0.0,302,0.9117647058823529,102,0.9117647058823529,0.9108910891089108
64857123,0.08083832335329341,334,0.9897959183673469,98,0.9089575950140535,0.906951439126169
64858947,0.0,310,0.9912280701754386,114,0.9912280701754386,0.9911504424778761
64858999,0.07741935483870968,310,0.990909090909091,110,0.9134897360703813,0.9117412928511102
64859115,0.013157894736842105,304,0.9722222222222222,108,0.9590643274853801,0.9580262743302467
64859233,0.01282051282051282,312,0.9736842105263158,114,0.960863697705803,0.9599112598101691
64859349,0.009259259259259259,324,0.9910714285714286,112,0.9818121693121693,0.9815367484805534
64859389,0.0,332,0.9126984126984127,126,0.9126984126984127,0.9119999999999999
64864625,0.0111731843575419,358,0.9926470588235294,136,0.9814738744659876,0.9812229867466928
64865425,0.950354609929078,282,0.016129032258064516,124,0.9342255776710136,0.9323095750248578
64871985,0.026829268292682926,410,0.9696969696969697,132,0.9428677014042868,0.9409394020346324
64873522,0.010752688172043012,372,0.923728813559322,118,0.912976125387279,0.910649093068481
64873540,0.00819672131147541,366,0.9396551724137931,116,0.9314584511023177,0.929917561244126
64873540,0.00273224043715847,366,0.9396551724137931,116,0.9369229319766347,0.9360592472159578
64873545,0.008379888268156424,358,0.9916666666666667,120,0.9832867783985103,0.98305284999817
64873545,0.027932960893854747,358,0.9916666666666667,120,0.9637337057728119,0.9631174762406531
64875382,0.00847457627118644,354,1.0,102,0.9915254237288136,0.9915014164305949
64876057,0.9930555555555556,288,0.015625,128,0.9774305555555556,0.9770651337162483
64876057,0.0,288,0.984375,128,0.984375,0.9842519685039369
64879168,0.005681818181818182,352,0.9833333333333333,120,0.977651515151515,0.9773048549067962
64879672,0.026455026455026454,378,0.9903846153846154,104,0.9639295889295889,0.9632544069791343
64879680,0.026041666666666668,384,0.9903846153846154,104,0.9643429487179488,0.963677946701382
64879722,0.026881720430107527,372,0.9903846153846154,104,0.9635028949545079,0.9628171683427749
64879783,0.013513513513513514,370,1.0,96,0.9864864864864865,0.9864498644986451
64879783,0.008108108108108109,370,1.0,96,0.9918918918918919,0.991869918699187
64879830,0.015873015873015872,378,1.0,104,0.9841269841269842,0.9840848806366048
64880883,0.0111731843575419,358,1.0,108,0.9888268156424581,0.988795518207283
64880883,0.0,358,1.0,108,1.0,1.0
64880962,0.008620689655172414,348,1.0,102,0.9913793103448276,0.9913544668587896
64880962,0.005747126436781609,348,1.0,102,0.9942528735632183,0.994236311239193
64880979,0.008152173913043478,368,0.9903846153846154,104,0.982232441471572,0.9819591540103081
64881265,0.013020833333333334,384,0.9509803921568627,102,0.9379595588235293,0.9361576050537559
64881280,0.010256410256410256,390,0.9607843137254902,102,0.95052790346908,0.9493045968509235
64881280,0.0,390,0.9607843137254902,102,0.9607843137254902,0.9603960396039604
64882148,0.029891304347826088,368,0.9523809523809523,126,0.9224896480331263,0.9191741403900371
64882241,0.018134715025906734,386,1.0,126,0.9818652849740933,0.9818181818181818
64882427,0.02702702702702703,370,0.9528301886792453,106,0.9258031616522182,0.9227225995334458
64883209,0.024324324324324326,370,0.9298245614035088,114,0.9055002370791845,0.9013930495669421
64883229,0.02824858757062147,354,0.9363636363636364,110,0.908115048793015,0.9038490506310577
64883236,0.96484375,256,0.0,110,0.96484375,0.9647058823529412
64883236,0.96484375,256,0.0,110,0.96484375,0.9647058823529412
64883236,0.0078125,256,1.0,110,0.9921875,0.992156862745098
64883236,0.0078125,256,1.0,110,0.9921875,0.992156862745098
64883309,0.013966480446927373,358,0.9180327868852459,122,0.9040663064383185,0.9010537999704212
64883663,0.023809523809523808,378,0.9897959183673469,98,0.9659863945578231,0.9653292045240867
64883757,0.02295918367346939,392,0.967741935483871,124,0.9447827518104016,0.9429749904780812
64888504,0.04473684210526316,380,0.9803921568627451,102,0.9356553147574819,0.9335808861865513
64891323,0.02717391304347826,368,0.9761904761904762,126,0.9490165631469979,0.947452868159071
64891696,0.008379888268156424,358,0.9545454545454546,110,0.9461655662772982,0.944959421101912
64894113,0.00975609756097561,410,0.9923076923076923,130,0.9825515947467167,0.9823172740640937
64896702,0.020833333333333332,384,0.9915254237288136,118,0.9706920903954802,0.9702103014478993
64896702,0.0026041666666666665,384,0.9915254237288136,118,0.988921257062147,0.9887976434883514
64896884,0.01,400,0.9930555555555556,144,0.9830555555555556,0.9828424005344623
64900647,0.01092896174863388,366,0.9387755102040817,98,0.9278465484554478,0.9258406683298392
64901271,0.016042780748663103,374,0.9590163934426229,122,0.9429736126939599,0.9412716546966036
64901837,0.0024509803921568627,408,0.9076923076923077,130,0.9052413273001508,0.9040652893978314
64901917,0.9848484848484849,264,0.0,132,0.9848484848484849,0.9847908745247148
64901917,0.9848484848484849,264,0.0,132,0.9848484848484849,0.9847908745247148
64901917,0.007575757575757576,264,0.9924242424242424,132,0.9848484848484849,0.9846464223948658
64901917,0.007575757575757576,264,0.9924242424242424,132,0.9848484848484849,0.9846464223948658
64905443,0.03591160220994475,362,0.9905660377358491,106,0.9546544355259043,0.9537837878275635
64905458,0.013157894736842105,380,0.9339622641509434,106,0.9208043694141013,0.9183959544549563
64906170,0.04032258064516129,372,0.9803921568627451,102,0.9400695762175838,0.9381780628516727
64907018,0.016853932584269662,356,0.9636363636363636,110,0.9467824310520939,0.9451699287576325
64907631,0.002631578947368421,380,0.9920634920634921,126,0.9894319131161237,0.9893194866599121
64907631,0.0,380,0.9920634920634921,126,0.9920634920634921,0.992
64907691,0.010869565217391304,368,0.9923076923076923,130,0.981438127090301,0.9811808066694828
64908419,0.01015228426395939,394,0.9923076923076923,130,0.9821554080437329,0.9819129758247974
64912914,0.012315270935960592,406,0.96,100,0.9476847290640393,0.9462600060446842
64912914,0.0,406,0.96,100,0.96,0.9595959595959596
64913396,0.002551020408163265,392,0.9363636363636364,110,0.9338126159554732,0.9328958756593753
64913610,0.015957446808510637,376,0.9310344827586207,116,0.91507703595011,0.9122269459151646
64913778,0.008333333333333333,360,0.9553571428571429,112,0.9470238095238096,0.9458506497922261
64920283,0.996551724137931,290,0.0,106,0.996551724137931,0.9965397923875432
64920283,0.996551724137931,290,0.009433962264150943,106,0.9871177618737801,0.9869505041850655
64920283,0.0034482758620689655,290,0.9905660377358491,106,0.9871177618737801,0.9869505041850655
64920283,0.0,290,0.9905660377358491,106,0.9905660377358491,0.9904761904761905
64920629,0.03021978021978022,364,0.9387755102040817,98,0.9085557299843015,0.9041323301974249
64920987,0.013089005235602094,382,0.9811320754716981,106,0.968043070236096,0.9673323600116818
64921072,0.01832460732984293,382,1.0,122,0.981675392670157,0.9816272965879265
64921256,0.9071428571428571,280,0.0,114,0.9071428571428571,0.9068100358422939
64921256,0.007142857142857143,280,0.9912280701754386,114,0.9840852130325815,0.9838559079545797
64925210,0.0,398,0.9339622641509434,106,0.9339622641509434,0.9333333333333333
64925272,0.9012345679012346,324,0.0,122,0.9012345679012346,0.9009287925696594
64927605,0.006944444444444444,288,1.0,102,0.9930555555555556,0.9930313588850175
64927850,0.012755102040816327,392,0.9140625,128,0.9013073979591837,0.8984002045624283
64936359,0.9857142857142858,350,0.0,140,0.9857142857142858,0.9856733524355301
64936359,0.005714285714285714,350,1.0,140,0.9942857142857143,0.994269340974212
64941965,0.9928057553956835,278,0.037037037037037035,108,0.9557687183586465,0.9548605932532378
64941965,0.0,278,0.9629629629629629,108,0.9629629629629629,0.9626168224299064
64943094,0.0,318,0.9927536231884058,138,0.9927536231884058,0.9927007299270073
64943322,0.006024096385542169,332,0.9919354838709677,124,0.9859113874854256,0.9857299281807497
64943349,0.006134969325153374,326,1.0,122,0.9938650306748467,0.9938461538461538
64965506,0.024456521739130436,368,0.9811320754716981,106,0.9566755537325676,0.9555015571059725
64966098,0.020114942528735632,348,0.9907407407407407,108,0.9706257982120051,0.9701066489315919
64966654,0.0223463687150838,358,1.0,102,0.9776536312849162,0.9775910364145659
64983395,0.04846938775510204,392,0.9850746268656716,134,0.9366052391105696,0.934917033282612
64983794,0.047619047619047616,336,1.0,134,0.9523809523809523,0.9522388059701492
64984627,0.07303370786516854,356,0.9836065573770492,122,0.9105728495118807,0.9078297331587512
64984915,0.06424581005586592,358,0.9910714285714286,112,0.9268256185155627,0.9254124139442921
64985379,0.03,400,0.9918032786885246,122,0.9618032786885246,0.9611661180207759
64985744,0.041666666666666664,360,0.98,100,0.9383333333333334,0.9363406781619311
64986777,0.03591160220994475,362,0.9583333333333334,96,0.9224217311233887,0.9188809415526247
64986786,0.03333333333333333,360,0.9583333333333334,96,0.925,0.9216807551880553
64986961,0.013513513513513514,370,0.9910714285714286,112,0.9775579150579151,0.97719818511117
64986974,0.01675977653631285,358,0.9910714285714286,112,0.9743116520351157,0.9738833042813317
64995571,0.9413793103448276,290,0.0,104,0.9413793103448276,0.9411764705882353
64995571,0.006896551724137931,290,0.9903846153846154,104,0.9834880636604775,0.9832373667897051
64996042,0.019444444444444445,360,0.9732142857142857,112,0.9537698412698412,0.9524277241292096
64998622,0.031791907514450865,346,0.9912280701754386,114,0.9594361626609877,0.9587056416333108
64999574,0.010810810810810811,370,0.9351851851851852,108,0.9243743743743744,0.9223318873325881
65003050,0.04381443298969072,388,0.9916666666666667,120,0.947852233676976,0.9469352235944238
65003414,0.03626943005181347,386,0.9807692307692307,104,0.9444998007174172,0.9428173070155562
65003414,0.007772020725388601,386,0.9807692307692307,104,0.9729972100438421,0.972489658191335
65003891,0.03968253968253968,378,0.9666666666666667,120,0.926984126984127,0.9239461475143496
65007486,0.9806451612903225,310,0.0,120,0.9806451612903225,0.9805825242718447
65007486,0.0,310,1.0,120,1.0,1.0
65008398,0.005952380952380952,336,0.9509803921568627,102,0.9450280112044818,0.9439380279156142
65015006,0.01818181818181818,330,0.9857142857142858,140,0.9675324675324676,0.9668525659351949
65018047,0.0847953216374269,342,1.0,96,0.9152046783625731,0.9149560117302054
65020088,0.9912790697674418,344,0.0,140,0.9912790697674418,0.9912536443148688
65020088,0.0,344,0.9928571428571429,140,0.9928571428571429,0.9928057553956835
65023137,0.008021390374331552,374,0.9915254237288136,118,0.983504033354482,0.9832733960682882
65023137,0.0,374,0.9915254237288136,118,0.9915254237288136,0.9914529914529915
65023778,0.006578947368421052,304,1.0,122,0.993421052631579,0.9933993399339934
65025044,0.0,346,0.9056603773584906,106,0.9056603773584906,0.9047619047619048
65026566,0.0,318,0.9846153846153847,130,0.9846153846153847,0.9844961240310077
65034328,0.0,284,0.9741379310344828,116,0.9741379310344828,0.9739130434782609
65038361,0.0,280,0.9528301886792453,106,0.9528301886792453,0.9523809523809524
65046962,0.009868421052631578,304,1.0,124,0.9901315789473685,0.9900990099009902
65052409,0.013422818791946308,298,1.0,128,0.9865771812080537,0.9865319865319865
65052526,0.0,306,0.9181818181818182,110,0.9181818181818182,0.9174311926605505
65062376,0.0,334,0.9913793103448276,116,0.9913793103448276,0.991304347826087
65067987,0.9548872180451128,266,0.0,118,0.9548872180451128,0.9547169811320754
65067987,0.007518796992481203,266,0.9915254237288136,118,0.9840066267363323,0.9837776162524356
65087027,0.0,318,0.9736842105263158,114,0.9736842105263158,0.9734513274336284
65096361,0.9961538461538462,260,0.016666666666666666,120,0.9794871794871794,0.9792033028366429
65096361,0.0,260,0.9833333333333333,120,0.9833333333333333,0.9831932773109243
65104911,0.06720430107526881,372,0.971830985915493,142,0.9046266848402242,0.9004565742123831
65108974,0.9901315789473685,304,0.0,102,0.9901315789473685,0.9900990099009902
65108974,0.003289473684210526,304,0.9901960784313726,102,0.9869066047471621,0.9867337602927722
65139360,0.005952380952380952,336,1.0,106,0.9940476190476191,0.9940298507462686
65146225,0.024324324324324326,370,0.9830508474576272,118,0.9587265231333029,0.9576872386635006
65146374,0.029411764705882353,374,0.9915254237288136,118,0.9621136590229312,0.9614612995530798
65146406,0.021621621621621623,370,0.9916666666666667,120,0.9700450450450451,0.9695541795969416
65146545,0.028645833333333332,384,0.9915254237288136,118,0.9628795903954802,0.9622443493866395
65149652,0.9710144927536232,276,0.0,108,0.9710144927536232,0.9709090909090909
65149652,0.007246376811594203,276,1.0,108,0.9927536231884058,0.9927272727272727
65161024,0.04060913705583756,394,0.9423076923076923,104,0.9016985552518547,0.8963454155071371
65171445,0.9342105263157895,304,0.0,102,0.9342105263157895,0.933993399339934
65176229,0.008379888268156424,358,0.9509803921568627,102,0.9426005038887063,0.9412657583402961
65177324,0.00546448087431694,366,0.9134615384615384,104,0.9079970575872215,0.9061915290828335
65177542,0.0106951871657754,374,0.9363636363636364,110,0.925668449197861,0.9236889445104033
65193527,0.005208333333333333,384,0.9351851851851852,108,0.9299768518518519,0.9286789548303198
65194635,0.00267379679144385,374,0.9827586206896551,116,0.9800848238982113,0.9798350189969449
65194764,0.9929078014184397,282,0.026785714285714284,112,0.9661220871327254,0.9654733799471977
65194764,0.0070921985815602835,282,0.9642857142857143,112,0.957193515704154,0.9563370682197633
65198853,0.0,258,0.9387755102040817,98,0.9387755102040817,0.9381443298969073
65200337,0.924812030075188,266,0.0,122,0.924812030075188,0.9245283018867925
65200337,0.0037593984962406013,266,1.0,122,0.9962406015037594,0.9962264150943396
65203585,0.9242424242424242,264,0.0,100,0.9242424242424242,0.923954372623574
65203585,0.011363636363636364,264,1.0,100,0.9886363636363636,0.9885931558935361
65204768,0.0,314,0.9818181818181818,110,0.9818181818181818,0.981651376146789
65205645,0.0,332,0.9921875,128,0.9921875,0.9921259842519685
65205680,0.0,332,0.9916666666666667,120,0.9916666666666667,0.9915966386554622
65206629,0.0,330,0.9827586206896551,116,0.9827586206896551,0.9826086956521739
65220030,0.0,286,0.9621212121212122,132,0.9621212121212122,0.9618320610687023
65226113,0.9833333333333333,360,0.007352941176470588,136,0.9759803921568627,0.9756332099444925
65226113,0.0,360,0.9926470588235294,136,0.9926470588235294,0.9925925925925926
65229111,0.99,300,0.0,126,0.99,0.9899665551839465
65229111,0.0033333333333333335,300,0.9920634920634921,126,0.9887301587301588,0.9886023116438357
65233186,0.0,298,0.9629629629629629,108,0.9629629629629629,0.9626168224299064
65249041,0.0,256,0.9811320754716981,106,0.9811320754716981,0.9809523809523809
65249041,0.0078125,256,0.9811320754716981,106,0.9733195754716981,0.9728125496981531
65249198,0.015957446808510637,376,0.9901960784313726,102,0.974238631622862,0.9737842465753426
65249198,0.0,376,0.9901960784313726,102,0.9901960784313726,0.9900990099009901
65249899,0.012269938650306749,326,0.9615384615384616,104,0.9492685228881548,0.9479085107562786
65250693,0.010135135135135136,296,0.9705882352941176,102,0.9604531001589826,0.9595278030978436
65250693,0.0033783783783783786,296,0.9705882352941176,102,0.9672098569157392,0.9667072089296029
65250741,0.006172839506172839,324,0.9134615384615384,104,0.9072886989553656,0.9053557697249576
65296810,0.0736196319018405,326,1.0,122,0.9263803680981595,0.9261538461538461
65329434,0.022058823529411766,408,0.9722222222222222,108,0.9501633986928104,0.9486184856585694
65355743,0.00558659217877095,358,0.9112903225806451,124,0.9057037304018741,0.9039716094285009
65380754,0.9970414201183432,338,0.0,132,0.9970414201183432,0.9970326409495549
65380754,0.0,338,1.0,132,1.0,1.0
65401042,0.007352941176470588,272,0.9655172413793104,116,0.9581643002028398,0.957327383537971
65403249,0.009554140127388535,314,0.9298245614035088,114,0.9202704212761202,0.9182720801146833
65421460,0.0033783783783783786,296,0.9905660377358491,106,0.9871876593574707,0.9870222107438016
65421763,0.0,332,0.9857142857142858,140,0.9857142857142858,0.9856115107913669
65458520,0.937007874015748,254,0.0078125,128,0.929195374015748,0.9278957385391571
65470655,0.9824561403508771,342,0.00819672131147541,122,0.9742594190394017,0.9738510928589323
65496017,0.9660493827160493,324,0.0,138,0.9660493827160493,0.9659442724458204
65513647,0.9192307692307692,260,0.0,114,0.9192307692307692,0.918918918918919
65522869,0.9623287671232876,292,0.0,102,0.9623287671232876,0.9621993127147767
65523268,0.9166666666666666,300,0.0,146,0.9166666666666666,0.9163879598662207
65535352,0.9933333333333333,300,0.0,126,0.9933333333333333,0.9933110367892976
65537691,0.9883720930232558,258,0.0,102,0.9883720930232558,0.9883268482490272
65537691,0.007751937984496124,258,0.9901960784313726,102,0.9824441404468764,0.9821638863917963
65537796,0.98046875,256,0.0,98,0.98046875,0.9803921568627452
65537796,0.0078125,256,0.9693877551020408,98,0.9615752551020408,0.960747583650869
65545493,0.9426751592356688,314,0.0,106,0.9426751592356688,0.9424920127795526
65546990,0.9848484848484849,264,0.0,104,0.9848484848484849,0.9847908745247148
65549402,0.9742857142857143,350,0.0,116,0.9742857142857143,0.9742120343839542
65565147,0.0,280,0.9245283018867925,106,0.9245283018867925,0.9238095238095239
65586087,0.9790419161676647,334,0.008620689655172414,116,0.9704212265124923,0.9699199891159905
65586087,0.0,334,0.9655172413793104,116,0.9655172413793104,0.9652173913043479
65587566,0.9122137404580153,262,0.0,118,0.9122137404580153,0.9118773946360152
65593781,0.9758620689655172,290,0.0,110,0.9758620689655172,0.9757785467128027
65593781,0.0,290,0.9181818181818182,110,0.9181818181818182,0.9174311926605505
65617296,0.9705882352941176,306,0.0,146,0.9705882352941176,0.9704918032786886
65630058,0.9914772727272727,352,0.0,136,0.9914772727272727,0.9914529914529915
65661611,0.9777777777777777,270,0.0,110,0.9777777777777777,0.9776951672862453
65663876,0.9858156028368794,282,0.0,96,0.9858156028368794,0.9857651245551602
65685553,0.98046875,256,0.0,122,0.98046875,0.9803921568627452
65686400,0.9423076923076923,260,0.03571428571428571,140,0.9065934065934066,0.9019886451117937
65686710,0.98125,320,0.0,124,0.98125,0.9811912225705329
65686710,0.01875,320,0.9919354838709677,124,0.9731854838709677,0.972757104742836
65687007,0.9542857142857143,350,0.032467532467532464,154,0.9218181818181819,0.91850207063322
65697626,0.9503311258278145,302,0.0,138,0.9503311258278145,0.9501661129568106
65698279,0.9295774647887324,284,0.0,144,0.9295774647887324,0.9293286219081272
65698970,0.9685534591194969,318,0.04285714285714286,140,0.925696316262354,0.9225873591308086
65698970,0.9685534591194969,318,0.0,140,0.9685534591194969,0.9684542586750788
65699320,0.9166666666666666,288,0.006493506493506494,154,0.9101731601731602,0.9087538381322057
65699349,0.9487179487179487,312,0.013888888888888888,144,0.9348290598290598,0.9331373392519232
65699349,0.9487179487179487,312,0.0,144,0.9487179487179487,0.9485530546623794
65699815,0.968944099378882,322,0.0547945205479452,146,0.9141495788309368,0.9102673683264304
65699815,0.968944099378882,322,0.0,146,0.968944099378882,0.9688473520249221
65701076,0.9759036144578314,332,0.0661764705882353,136,0.9097271438695961,0.9059698139279666
65706357,0.9941860465116279,344,0.0,128,0.9941860465116279,0.9941690962099125
65706357,0.005813953488372093,344,1.0,128,0.9941860465116279,0.9941690962099125
65706772,0.9099378881987578,322,0.0,156,0.9099378881987578,0.9096573208722741
65707123,0.9161073825503355,298,0.0,176,0.9161073825503355,0.9158249158249158
65707183,0.9098837209302325,344,0.0,182,0.9098837209302325,0.9096209912536443
65707227,0.9911764705882353,340,0.0,136,0.9911764705882353,0.9911504424778761
65707227,0.0,340,0.9338235294117647,136,0.9338235294117647,0.9333333333333333
65709682,0.91015625,256,0.00641025641025641,156,0.9037459935897436,0.9021958310137935
65721705,0.9411764705882353,306,0.0,144,0.9411764705882353,0.9409836065573771
65742389,0.943609022556391,266,0.0,142,0.943609022556391,0.9433962264150945
65746303,0.9551282051282052,312,0.0,126,0.9551282051282052,0.954983922829582
65746303,0.003205128205128205,312,0.9285714285714286,126,0.9253663003663004,0.924324431256182
65760079,0.937007874015748,254,0.013888888888888888,144,0.9231189851268592,0.9210167091777901
65760576,0.9389312977099237,262,0.03289473684210526,152,0.9060365608678184,0.9015637134180644
65763434,0.9166666666666666,276,0.006024096385542169,166,0.9106425702811245,0.9092951541850219
65763434,0.9166666666666666,276,0.0,166,0.9166666666666666,0.9163636363636363
65765645,0.9362416107382551,298,0.007352941176470588,136,0.9288886695617845,0.9276776897517797
65800662,0.9432624113475178,282,0.0,166,0.9432624113475178,0.9430604982206406
65808542,0.9645390070921985,282,0.0,154,0.9645390070921985,0.9644128113879002
65815480,0.9728915662650602,332,0.0,134,0.9728915662650602,0.972809667673716
65817902,0.9429530201342282,298,0.006944444444444444,144,0.9360085756897838,0.9349721091512135
65818148,0.9593023255813954,344,0.0,160,0.9593023255813954,0.9591836734693878
65818148,0.9593023255813954,344,0.0,160,0.9593023255813954,0.9591836734693878
65820870,0.9743589743589743,312,0.012658227848101266,158,0.9617007465108731,0.9608858491371143
65820975,0.9638157894736842,304,0.0,150,0.9638157894736842,0.9636963696369637
65820975,0.9638157894736842,304,0.04,150,0.9238157894736841,0.9205277935357998
65820987,0.9763513513513513,296,0.0,152,0.9763513513513513,0.976271186440678
65821001,0.9625850340136054,294,0.0,140,0.9625850340136054,0.962457337883959
65827972,0.952054794520548,292,0.0,164,0.952054794520548,0.9518900343642611
65828071,0.9555555555555556,270,0.0,140,0.9555555555555556,0.9553903345724908
65835848,0.9593023255813954,344,0.0,138,0.9593023255813954,0.9591836734693878
65836134,0.9912280701754386,342,0.0,142,0.9912280701754386,0.9912023460410557
65836134,0.005847953216374269,342,0.9929577464788732,142,0.987109793262499,0.9869599275077132
65842088,0.9845679012345679,324,0.0078125,128,0.9767554012345679,0.9764037143144881
65842088,0.012345679012345678,324,0.96875,128,0.9564043209876543,0.9553448607211055
65842280,0.9943502824858758,354,0.0,142,0.9943502824858758,0.9943342776203967
65844165,0.9763779527559056,254,0.06716417910447761,134,0.909213773651428,0.9054354700670361
65848094,0.967391304347826,276,0.0,110,0.967391304347826,0.9672727272727272
65848931,0.9609929078014184,282,0.008928571428571428,112,0.952064336372847,0.9511446037608039
65853022,0.9586206896551724,290,0.0273972602739726,146,0.9312234293811998,0.9286176784006493
65853034,0.958041958041958,286,0.0273972602739726,146,0.9306446977679854,0.9280031322042515
65859749,0.9195804195804196,286,0.0,136,0.9195804195804196,0.9192982456140352
65865908,0.990506329113924,316,0.0,130,0.990506329113924,0.9904761904761905
65865908,0.0031645569620253164,316,1.0,130,0.9968354430379747,0.9968253968253968
65866031,0.9695945945945946,296,0.0,120,0.9695945945945946,0.969491525423729
65866031,0.006756756756756757,296,0.9333333333333333,120,0.9265765765765765,0.9250882611998874
65873671,0.9330708661417323,254,0.030303030303030304,132,0.902767835838702,0.8982101111383628
65875135,0.939873417721519,316,0.007575757575757576,132,0.9322976601457614,0.9311337996638311
65886549,0.9601449275362319,276,0.024193548387096774,124,0.9359513791491352,0.9336738555247726
65894068,0.9695945945945946,296,0.0,126,0.9695945945945946,0.969491525423729
65896546,0.9895104895104895,286,0.0,108,0.9895104895104895,0.9894736842105263
65896546,0.006993006993006993,286,1.0,108,0.993006993006993,0.9929824561403509
65900500,0.9891304347826086,276,0.0,102,0.9891304347826086,0.989090909090909
65905202,0.9888888888888889,270,0.0,102,0.9888888888888889,0.9888475836431228
65910262,0.9842767295597484,318,0.007692307692307693,130,0.9765844218674408,0.9762320314185647
65910262,0.009433962264150943,318,0.9461538461538461,130,0.9367198838896952,0.9352524235552874
65916962,0.9146341463414634,328,0.0,154,0.9146341463414634,0.9143730886850154
65916962,0.9146341463414634,328,0.0,154,0.9146341463414634,0.9143730886850154
65917222,0.9421768707482994,294,0.0,144,0.9421768707482994,0.9419795221843004
65917222,0.9421768707482994,294,0.0,144,0.9421768707482994,0.9419795221843004
65919526,0.9921259842519685,254,0.0,102,0.9921259842519685,0.992094861660079
65924319,0.9826388888888888,288,0.0,118,0.9826388888888888,0.9825783972125435
65929497,0.9738805970149254,268,0.0,116,0.9738805970149254,0.9737827715355806
65938294,0.948905109489051,274,0.0,126,0.948905109489051,0.9487179487179487
65948596,0.9894366197183099,284,0.0,122,0.9894366197183099,0.989399293286219
65949642,1.0,256,0.07142857142857142,98,0.9285714285714286,0.9278350515463918
65957425,0.9936708860759493,316,0.04285714285714286,140,0.9508137432188065,0.9499403708358156
65957425,0.0031645569620253164,316,0.9428571428571428,140,0.9396925858951175,0.9389080829209864
65960567,0.9088050314465409,318,0.0,126,0.9088050314465409,0.9085173501577288
65960567,0.018867924528301886,318,0.9365079365079365,126,0.9176400119796346,0.9146698212407991
66001347,0.9967105263157895,304,0.0,126,0.9967105263157895,0.9966996699669968
66001347,0.003289473684210526,304,1.0,126,0.9967105263157895,0.9966996699669968
66001777,0.9318181818181818,308,0.0,158,0.9318181818181818,0.9315960912052116
66002230,0.9635761589403974,302,0.042682926829268296,164,0.9208932321111291,0.9173968513621519
66009776,1.0,314,0.014705882352941176,136,0.9852941176470589,0.9851851851851853
66009776,0.0,314,0.9852941176470589,136,0.9852941176470589,0.9851851851851853
66018309,0.9741379310344828,348,0.07246376811594203,138,0.9016741629185407,0.8973195148440692
66024556,0.9045801526717557,262,0.0,114,0.9045801526717557,0.9042145593869733
66039837,0.00819672131147541,366,0.9134615384615384,104,0.905264817150063,0.9029773484363487
66052619,0.9101796407185628,334,0.0,134,0.9101796407185628,0.9099099099099099
66082365,0.9302325581395349,258,0.0,118,0.9302325581395349,0.9299610894941635
66117099,0.9586206896551724,290,0.04411764705882353,136,0.914503042596349,0.910376728474077
66137071,0.9965277777777778,288,0.04081632653061224,98,0.9557114512471655,0.9549932868571411
66137071,0.0,288,0.9489795918367347,98,0.9489795918367347,0.9484536082474226
66139759,0.984375,256,0.0,100,0.984375,0.9843137254901961
66146414,0.9358108108108109,296,0.0,114,0.9358108108108109,0.9355932203389831
66146889,0.9533333333333334,300,0.0,122,0.9533333333333334,0.9531772575250835
66151733,0.975609756097561,328,0.0,148,0.975609756097561,0.9755351681957186
66157469,0.9535714285714286,280,0.03389830508474576,118,0.9196731234866828,0.9160608869577438
66165688,0.9460431654676259,278,0.03076923076923077,130,0.9152739346983951,0.9115132363936075
66191431,0.91015625,256,0.006666666666666667,150,0.9034895833333333,0.901889667784212
66193408,0.940251572327044,318,0.02142857142857143,140,0.9188230008984726,0.9159133990289801
66194709,1.0,282,0.0,112,1.0,1.0
66194709,0.0,282,1.0,112,1.0,1.0
66197977,0.9900662251655629,302,0.034482758620689655,116,0.9555834665448733,0.9545619503234944
66233879,1.0,268,0.0,98,1.0,1.0
66233879,0.0,268,0.9897959183673469,98,0.9897959183673469,0.9896907216494846
66246220,0.9934640522875817,306,0.0,108,0.9934640522875817,0.9934426229508198
66246220,0.006535947712418301,306,0.9814814814814815,108,0.9749455337690632,0.9745075035028404
66248043,0.9598540145985401,274,0.007142857142857143,140,0.952711157455683,0.9519363994861698
66254561,0.9931506849315068,292,0.0,116,0.9931506849315068,0.993127147766323
66254561,0.0,292,0.9482758620689655,116,0.9482758620689655,0.9478260869565217
66262581,0.9899328859060402,298,0.0,122,0.9899328859060402,0.9898989898989898
66264061,0.975609756097561,328,0.01948051948051948,154,0.9561292366170415,0.9549734369059875
66264119,0.9620689655172414,290,0.006097560975609756,164,0.9559714045416317,0.9553381583127136
66264123,0.9620689655172414,290,0.006329113924050633,158,0.9557398515931907,0.9550860092277469
66291992,0.993006993006993,286,0.0,98,0.993006993006993,0.9929824561403509
66291992,0.006993006993006993,286,0.9489795918367347,98,0.9419865848437278,0.9407182193423357
66303082,0.9632352941176471,272,0.0603448275862069,116,0.9028904665314402,0.8977875896211622
66303083,0.9558823529411765,272,0.0,120,0.9558823529411765,0.955719557195572
66332822,0.9539007092198581,282,0.0,156,0.9539007092198581,0.9537366548042705
66335888,0.9253246753246753,308,0.013513513513513514,148,0.9118111618111618,0.9094518275785161
66335980,0.9375,272,0.01282051282051282,156,0.9246794871794872,0.9227581244447336
66337309,0.9359756097560976,328,0.02531645569620253,158,0.9106591540598951,0.9070564132323546
66337309,0.9359756097560976,328,0.0,158,0.9359756097560976,0.9357798165137614
66337341,0.9276729559748428,318,0.024096385542168676,166,0.9035765704326741,0.8997138565966352
66337696,0.9233333333333333,300,0.0,162,0.9233333333333333,0.9230769230769231
66338983,0.9066666666666666,300,0.006578947368421052,152,0.9000877192982456,0.8984992961127523
66339066,0.9025974025974026,308,0.0,156,0.9025974025974026,0.9022801302931596
66339257,0.9036144578313253,332,0.0,164,0.9036144578313253,0.9033232628398792
66341789,1.0,296,0.0,118,1.0,1.0
66341789,0.0,296,0.9322033898305084,118,0.9322033898305084,0.9316239316239315
66350456,0.9745222929936306,314,0.006097560975609756,164,0.9684247320180208,0.9679938630684991
66353699,0.9711538461538461,312,0.006329113924050633,158,0.9648247322297955,0.9643249007594588
66354367,0.9763313609467456,338,0.04285714285714286,140,0.9334742180896027,0.9310611216961068
66354367,0.9763313609467456,338,0.014285714285714285,140,0.9620456466610313,0.9611934191831595
66354368,0.9763313609467456,338,0.058823529411764705,136,0.9175078315349808,0.9142115831584624
66354430,0.915625,320,0.0,156,0.915625,0.9153605015673981
66354431,0.909375,320,0.0,152,0.909375,0.9090909090909092
66354431,0.909375,320,0.006578947368421052,152,0.902796052631579,0.9012715281080077
66354469,0.9161290322580645,310,0.0,156,0.9161290322580645,0.9158576051779935
66358527,0.9087591240875912,274,0.0,166,0.9087591240875912,0.9084249084249084
66358551,0.9928057553956835,278,0.008928571428571428,112,0.9838771839671121,0.9836415126398568
66358552,0.9928057553956835,278,0.008928571428571428,112,0.9838771839671121,0.9836415126398568
66358577,0.9178082191780822,292,0.0,110,0.9178082191780822,0.9175257731958762
66358608,0.9933774834437086,302,0.0,114,0.9933774834437086,0.9933554817275747
66362355,0.9961538461538462,260,0.0,130,0.9961538461538462,0.9961389961389961
66362355,0.0,260,0.9384615384615385,130,0.9384615384615385,0.937984496124031
66362375,1.0,268,0.0,122,1.0,1.0
66362375,0.0,268,0.9344262295081968,122,0.9344262295081968,0.9338842975206612
66397795,0.9774193548387097,310,0.0,136,0.9774193548387097,0.9773462783171522
66401226,0.9069767441860465,258,0.0,130,0.9069767441860465,0.9066147859922178
66412103,0.9103448275862069,290,0.0,146,0.9103448275862069,0.9100346020761245
66412208,0.9133858267716536,254,0.007462686567164179,134,0.9059231402044894,0.9042261691875739
66438359,0.9392857142857143,280,0.035211267605633804,142,0.9040744466800805,0.8993286517898548
66438364,0.925531914893617,282,0.006756756756756757,148,0.9187751581368602,0.9174536304160886
66438519,0.937037037037037,270,0.03676470588235294,136,0.9002723311546841,0.8951341256959353
66442787,0.9596273291925466,322,0.0,160,0.9596273291925466,0.9595015576323987
66442893,0.9910179640718563,334,0.0,136,0.9910179640718563,0.990990990990991
66442893,0.005988023952095809,334,0.9852941176470589,136,0.979306093694963,0.9790021793797754
66475089,0.9566666666666667,300,0.04285714285714286,140,0.9138095238095238,0.9096375254229737
66475331,0.9111111111111111,270,0.0,134,0.9111111111111111,0.9107806691449813
66484729,0.9836601307189542,306,0.0,116,0.9836601307189542,0.9836065573770492
66490053,0.9184397163120568,282,0.006172839506172839,162,0.9122668768058839,0.9109274555987513
66490065,0.9178571428571428,280,0.006756756756756757,148,0.911100386100386,0.9096454095182613
66490600,0.9464285714285714,280,0.02,150,0.9264285714285714,0.9239532921433764
66495578,0.946969696969697,264,0.0,140,0.946969696969697,0.9467680608365019
66516606,0.9219858156028369,282,0.0,136,0.9219858156028369,0.9217081850533808
66525657,0.938953488372093,344,0.0,168,0.938953488372093,0.9387755102040816
66526423,0.94375,320,0.0189873417721519,158,0.9247626582278481,0.9223239678194285
66526955,0.9192546583850931,322,0.006329113924050633,158,0.9129255444610425,0.9116077615102595
66527175,0.9568345323741008,278,0.0,144,0.9568345323741008,0.9566787003610109
66527603,0.956953642384106,302,0.013513513513513514,148,0.9434401288705925,0.9420372610723423
66528230,0.9484848484848485,330,0.0058823529411764705,170,0.942602495543672,0.9418026819454589
66530392,0.9313725490196079,306,0.00641025641025641,156,0.9249622926093515,0.9238125548043069
66530763,0.9298780487804879,328,0.01282051282051282,156,0.9170575359599751,0.9149571795447797
66530863,0.9429530201342282,298,0.0,158,0.9429530201342282,0.9427609427609427
66532138,0.9425675675675675,296,0.0,164,0.9425675675675675,0.9423728813559322
66532138,0.9425675675675675,296,0.0,164,0.9425675675675675,0.9423728813559322
66534959,0.9537037037037037,324,0.0,130,0.9537037037037037,0.9535603715170279
66539158,0.9313725490196079,306,0.00641025641025641,156,0.9249622926093515,0.9238125548043069
66561421,0.9891304347826086,276,0.0,108,0.9891304347826086,0.989090909090909
66561421,0.0,276,0.9074074074074074,108,0.9074074074074074,0.9065420560747663
66563263,0.9013157894736842,304,0.0,164,0.9013157894736842,0.9009900990099009
66606959,0.9921259842519685,254,0.0,124,0.9921259842519685,0.992094861660079
66606959,0.0,254,1.0,124,1.0,1.0
66610383,0.9545454545454546,264,0.0,110,0.9545454545454546,0.9543726235741447
66618084,0.9774436090225563,266,0.0,102,0.9774436090225563,0.9773584905660377
66638225,0.9962406015037594,266,0.03508771929824561,114,0.9611528822055138,0.9605627971328331
66638225,0.0037593984962406013,266,0.9473684210526315,114,0.9436090225563909,0.9427310650816233
66651883,0.9668874172185431,302,0.0,130,0.9668874172185431,0.9667774086378738
66652080,0.9326923076923077,312,0.01875,160,0.9139423076923077,0.9110787050343971
66663399,0.9862068965517241,290,0.0,108,0.9862068965517241,0.986159169550173
66680886,0.9459459459459459,296,0.0,110,0.9459459459459459,0.9457627118644067
66681730,0.9111111111111111,270,0.0,128,0.9111111111111111,0.9107806691449813
66681836,0.9233576642335767,274,0.0,142,0.9233576642335767,0.9230769230769231
66681926,0.9230769230769231,260,0.0,140,0.9230769230769231,0.9227799227799229
66684551,0.971830985915493,284,0.0,122,0.971830985915493,0.9717314487632509
66685608,0.945859872611465,314,0.0,140,0.945859872611465,0.9456869009584665
66685622,0.9272151898734177,316,0.0,138,0.9272151898734177,0.926984126984127
66685787,0.9691011235955056,356,0.0,134,0.9691011235955056,0.9690140845070423
66686435,0.9475524475524476,286,0.0,140,0.9475524475524476,0.9473684210526316
66690147,0.9058441558441559,308,0.0,146,0.9058441558441559,0.9055374592833877
66690238,0.9243421052631579,304,0.0,130,0.9243421052631579,0.9240924092409241
66726253,0.9330985915492958,284,0.0,112,0.9330985915492958,0.9328621908127208
66747881,0.9588607594936709,316,0.0,122,0.9588607594936709,0.9587301587301587
66758169,0.9036144578313253,332,0.0,126,0.9036144578313253,0.9033232628398792
66767423,0.9962121212121212,264,0.08928571428571429,112,0.9069264069264069,0.9054275620082746
66767726,0.9662162162162162,296,0.0,108,0.9662162162162162,0.9661016949152543
66775290,0.9829931972789115,294,0.0,112,0.9829931972789115,0.9829351535836177
66775290,0.006802721088435374,294,1.0,112,0.9931972789115646,0.9931740614334471
66776849,0.9181818181818182,330,0.0,122,0.9181818181818182,0.9179331306990881
66783244,0.9090909090909091,286,0.0,154,0.9090909090909091,0.9087719298245613
66785545,0.9676258992805755,278,0.009615384615384616,104,0.9580105146651909,0.9571739244831408
66785545,0.9676258992805755,278,0.057692307692307696,104,0.9099335915882678,0.905511938399498
66787771,0.9166666666666666,312,0.0,116,0.9166666666666666,0.9163987138263665
66798587,0.9655172413793104,290,0.033783783783783786,148,0.9317334575955266,0.9290482850514057
66819525,0.9707792207792207,308,0.0,136,0.9707792207792207,0.9706840390879479
66820795,0.9714285714285714,280,0.0,108,0.9714285714285714,0.971326164874552
66824975,0.9033333333333333,300,0.0,146,0.9033333333333333,0.9030100334448161
66824987,0.9251700680272109,294,0.0,124,0.9251700680272109,0.9249146757679182
66855122,0.9630872483221476,298,0.0,120,0.9630872483221476,0.962962962962963
66858056,0.9938271604938271,324,0.007692307692307693,130,0.9861348528015195,0.9859606392287042
66890311,0.9886363636363636,264,0.0,96,0.9886363636363636,0.9885931558935361
66890311,0.007575757575757576,264,0.9791666666666666,96,0.9715909090909091,0.9710250053897229
66912522,0.9708029197080292,274,0.0,114,0.9708029197080292,0.9706959706959707
66926523,0.984375,256,0.0,108,0.984375,0.9843137254901961
66926523,0.0078125,256,1.0,108,0.9921875,0.992156862745098
66928446,0.9755244755244755,286,0.0,114,0.9755244755244755,0.9754385964912281
66950197,0.9607843137254902,306,0.0,132,0.9607843137254902,0.960655737704918
66959226,0.9966442953020134,298,0.05172413793103448,116,0.9449201573709789,0.9441100235780016
66959226,0.0,298,0.9224137931034483,116,0.9224137931034483,0.9217391304347825
66965332,0.9813432835820896,268,0.03225806451612903,124,0.9490852190659606,0.9475438483526448
66965332,0.9813432835820896,268,0.0,124,0.9813432835820896,0.9812734082397003
66975780,0.9681528662420382,314,0.007246376811594203,138,0.960906489430444,0.9602880721873855
66976203,0.9312977099236641,262,0.0,126,0.9312977099236641,0.9310344827586207
66979052,0.9142857142857143,280,0.0,118,0.9142857142857143,0.9139784946236559
66984167,0.9144736842105263,304,0.014285714285714285,140,0.9001879699248121,0.8973527731602124
66984167,0.9144736842105263,304,0.0,140,0.9144736842105263,0.9141914191419142
67005483,1.0,266,0.0196078431372549,102,0.9803921568627451,0.9801980198019802
67005483,0.0,266,0.9607843137254902,102,0.9607843137254902,0.9603960396039604
67016841,0.9968354430379747,316,0.0,116,0.9968354430379747,0.9968253968253968
67016841,0.0031645569620253164,316,0.9827586206896551,116,0.9795940637276298,0.9793243387217061
67031908,0.9849624060150376,266,0.0,116,0.9849624060150376,0.9849056603773585
67031908,0.0037593984962406013,266,1.0,116,0.9962406015037594,0.9962264150943396
67036649,0.9937106918238994,318,0.017543859649122806,114,0.9761668321747765,0.9757697921088901
67106082,0.993421052631579,304,0.0,140,0.993421052631579,0.9933993399339934
67151500,1.0,270,0.0,98,1.0,1.0
67151500,0.0,270,0.9591836734693877,98,0.9591836734693877,0.9587628865979382
67157553,0.9528301886792453,318,0.0,146,0.9528301886792453,0.9526813880126184
67157719,0.9941176470588236,340,0.0,130,0.9941176470588236,0.9941002949852508
67157719,0.0058823529411764705,340,1.0,130,0.9941176470588236,0.9941002949852508
67160724,0.9817073170731707,328,0.08125,160,0.9004573170731707,0.8969140770234811
67161759,0.951048951048951,286,0.0,160,0.951048951048951,0.9508771929824561
67163574,0.9630872483221476,298,0.03896103896103896,154,0.9241262093611087,0.920865695303137
67163574,0.9630872483221476,298,0.006493506493506494,154,0.9565937418286412,0.9559454723609363
67174996,0.9551282051282052,312,0.05421686746987952,166,0.9009113376583257,0.8955766147058156
67175181,0.9900662251655629,302,0.0,128,0.9900662251655629,0.990033222591362
67175181,0.0033112582781456954,302,0.9765625,128,0.9732512417218543,0.9728996416640648
67175590,0.9727891156462585,294,0.043209876543209874,162,0.9295792391030486,0.926861129849768
67175866,0.9702702702702702,370,0.04375,160,0.9265202702702703,0.9235588743731613
67176297,0.9966442953020134,298,0.015625,128,0.9810192953020134,0.9807795241926522
67176297,0.0,298,0.96875,128,0.96875,0.9685039370078741
67176362,0.978494623655914,372,0.0375,160,0.940994623655914,0.9390834810823027
67178832,0.9755244755244755,286,0.0,120,0.9755244755244755,0.9754385964912281
67185961,0.9888888888888889,270,0.0,122,0.9888888888888889,0.9888475836431228
67191566,0.972027972027972,286,0.0,98,0.972027972027972,0.9719298245614035
67194006,0.9897959183673469,294,0.0,102,0.9897959183673469,0.9897610921501706
67209384,0.9133858267716536,254,0.0,128,0.9133858267716536,0.9130434782608696
67212253,0.9574468085106383,282,0.035211267605633804,142,0.9222355409050046,0.9188314339091638
67220236,0.9354838709677419,310,0.03289473684210526,152,0.9025891341256366,0.897916807137656
67220236,0.9354838709677419,310,0.0,152,0.9354838709677419,0.9352750809061487
67220237,0.9419354838709677,310,0.03289473684210526,152,0.9090407470288624,0.9048120117750886
67220241,0.9605263157894737,304,0.03289473684210526,152,0.9276315789473684,0.9246808748009592
67220241,0.9605263157894737,304,0.0,152,0.9605263157894737,0.9603960396039605
67227543,0.9791666666666666,288,0.06923076923076923,130,0.9099358974358974,0.9064353065373575
67229746,0.9671532846715328,274,0.01948051948051948,154,0.9476727651910134,0.9461405644736678
67229746,0.9671532846715328,274,0.012987012987012988,154,0.9541662716845198,0.9531043000635713
67230418,0.9253731343283582,268,0.021739130434782608,138,0.9036340038935756,0.8999445951299762
67230418,0.9253731343283582,268,0.0,138,0.9253731343283582,0.9250936329588015
67230760,0.9496402877697842,278,0.028985507246376812,138,0.9206547805234073,0.9173352293155312
67230791,0.9664429530201343,298,0.02112676056338028,142,0.945316192456754,0.9436301521165726
67231456,0.9596273291925466,322,0.034722222222222224,144,0.9249051069703244,0.9217271776419514
67231968,0.9888888888888889,270,0.0,108,0.9888888888888889,0.9888475836431228
67232387,0.948905109489051,274,0.006756756756756757,148,0.9421483527322942,0.9412216003208311
67232387,0.948905109489051,274,0.0,148,0.948905109489051,0.9487179487179487
67232401,0.9607142857142857,280,0.007042253521126761,142,0.953672032193159,0.9529252942299008
67232636,0.9668874172185431,302,0.019736842105263157,152,0.9471505751132799,0.9455980638748539
67232637,0.9668874172185431,302,0.019736842105263157,152,0.9471505751132799,0.9455980638748539
67232637,0.9668874172185431,302,0.0,152,0.9668874172185431,0.9667774086378738
67232667,0.9761904761904762,294,0.00684931506849315,146,0.969341161121983,0.968884924502548
67232917,0.9609375,256,0.012987012987012988,154,0.947950487012987,0.9466935567840593
67233048,0.954225352112676,284,0.02564102564102564,156,0.9285843264716503,0.9259038897690908
67233056,0.9460431654676259,278,0.02631578947368421,152,0.9197273759939417,0.9165126044600733
67233478,0.9615384615384616,286,0.04794520547945205,146,0.9135932560590095,0.9094353364446589
67233716,0.9635036496350365,274,0.013157894736842105,152,0.9503457548981944,0.949160500484168
67233787,0.9433962264150944,318,0.012345679012345678,162,0.9310505474027486,0.9293931397171892
67234070,0.9583333333333334,288,0.02142857142857143,140,0.9369047619047619,0.9348135145471015
67234070,0.9583333333333334,288,0.0,140,0.9583333333333334,0.9581881533101047
67234098,0.9212328767123288,292,0.0,126,0.9212328767123288,0.9209621993127148
67234232,0.951048951048951,286,0.013157894736842105,152,0.9378910563121089,0.9363391482839438
67237316,0.9807692307692307,312,0.0,136,0.9807692307692307,0.9807073954983923
67237316,0.019230769230769232,312,0.9264705882352942,136,0.9072398190045249,0.9037994347177619
67239000,0.9451612903225807,310,0.02666666666666667,150,0.918494623655914,0.9152080772511898
67239843,0.959375,320,0.006756756756756757,148,0.9526182432432432,0.951893495537384
67258331,0.9183673469387755,294,0.0,162,0.9183673469387755,0.9180887372013652
67258572,0.91,300,0.0,156,0.91,0.9096989966555185
67258621,0.975177304964539,282,0.0,124,0.975177304964539,0.9750889679715303
67258981,0.9238410596026491,302,0.01875,160,0.905091059602649,0.9018591886871549
67259235,0.9523809523809523,294,0.03333333333333333,150,0.919047619047619,0.9154816117207221
67265459,0.9519774011299436,354,0.0,154,0.9519774011299436,0.951841359773371
67269611,0.9534883720930233,258,0.007352941176470588,136,0.9461354309165527,0.9452125742001632
67271967,0.945859872611465,314,0.03333333333333333,150,0.9125265392781317,0.9085167807347948
67300700,0.9391025641025641,312,0.03125,160,0.9078525641025641,0.9036518091864102
67309019,0.9640287769784173,278,0.0,126,0.9640287769784173,0.9638989169675091
67309108,0.9481481481481482,270,0.0,128,0.9481481481481482,0.9479553903345725
67342492,0.93,300,0.018518518518518517,162,0.9114814814814816,0.9085345455756282
67356418,0.987012987012987,308,0.0,136,0.987012987012987,0.9869706840390879
67375261,0.9367469879518072,332,0.005952380952380952,168,0.9307946069994263,0.9298120059555425
67383278,0.91015625,256,0.0,140,0.91015625,0.9098039215686274
67389878,0.9923664122137404,262,0.0,102,0.9923664122137404,0.9923371647509578
67398973,0.98,300,0.0,106,0.98,0.9799331103678929
67398973,0.006666666666666667,300,0.9150943396226415,106,0.9084276729559748,0.9064591106283577
67401204,0.984472049689441,322,0.0,120,0.984472049689441,0.9844236760124611
67401206,0.9813664596273292,322,0.0,118,0.9813664596273292,0.9813084112149532
67407378,0.013422818791946308,298,0.9776119402985075,134,0.9641891215065612,0.9633716905579791
67407520,1.0,324,0.0,126,1.0,1.0
67407520,0.0,324,1.0,126,1.0,1.0
67413206,0.94375,320,0.0,120,0.94375,0.9435736677115987
67424345,0.9028776978417267,278,0.0,146,0.9028776978417267,0.9025270758122744
67424616,0.9014598540145985,274,0.0,146,0.9014598540145985,0.9010989010989011
67425260,0.9927007299270073,274,0.019230769230769232,104,0.973469960696238,0.9729739906700092
67425260,0.0,274,0.9134615384615384,104,0.9134615384615384,0.912621359223301
67429934,0.9137931034482759,290,0.0,144,0.9137931034482759,0.9134948096885814
67429964,0.9568345323741008,278,0.0,158,0.9568345323741008,0.9566787003610109
67438166,0.925531914893617,282,0.0,152,0.925531914893617,0.9252669039145908
67438680,0.9479166666666666,288,0.0,146,0.9479166666666666,0.9477351916376306
67438680,0.9479166666666666,288,0.0,146,0.9479166666666666,0.9477351916376306
67442906,0.9578313253012049,332,0.0,156,0.9578313253012049,0.9577039274924473
67442979,0.9681528662420382,314,0.0,160,0.9681528662420382,0.9680511182108626
67442979,0.9681528662420382,314,0.0125,160,0.9556528662420383,0.9546731889476183
67444452,0.9424460431654677,278,0.006666666666666667,150,0.9357793764988009,0.9347560787350071
67445279,0.9097744360902256,266,0.0,116,0.9097744360902256,0.909433962264151
67445531,0.9295302013422819,298,0.006172839506172839,162,0.9233573618361091,0.9222083219573024
67445531,0.9295302013422819,298,0.006172839506172839,162,0.9233573618361091,0.9222083219573024
67447753,0.91015625,256,0.0,128,0.91015625,0.9098039215686274
67449732,0.9586206896551724,290,0.0,116,0.9586206896551724,0.9584775086505191
67454753,0.9271523178807947,302,0.024390243902439025,164,0.9027620739783556,0.8988138045595018
67455358,0.9403973509933775,302,0.0,154,0.9403973509933775,0.9401993355481727
67455377,0.9044585987261147,314,0.0,154,0.9044585987261147,0.9041533546325878
67455683,0.9049295774647887,284,0.0,150,0.9049295774647887,0.9045936395759718
67457710,0.9922480620155039,258,0.0,110,0.9922480620155039,0.9922178988326849
67469259,0.9494047619047619,336,0.0,130,0.9494047619047619,0.9492537313432835
67475546,0.9668874172185431,302,0.0,128,0.9668874172185431,0.9667774086378738
67482942,0.9126506024096386,332,0.0,132,0.9126506024096386,0.9123867069486404
67504206,0.9375,272,0.02857142857142857,140,0.9089285714285714,0.9049153510865241
67504878,0.9378698224852071,338,0.01764705882352941,170,0.9202227636616777,0.9177364898721139
67504887,0.9325153374233128,326,0.0,158,0.9325153374233128,0.9323076923076923
67508741,0.03636363636363636,330,0.9433962264150944,106,0.907032590051458,0.9022594939026622
67510330,0.9565217391304348,276,0.01639344262295082,122,0.940128296507484,0.9384027877703467
67510330,0.9565217391304348,276,0.0,122,0.9565217391304348,0.9563636363636364
67510330,0.0,276,0.9016393442622951,122,0.9016393442622951,0.9008264462809918
67514387,0.9863945578231292,294,0.0,108,0.9863945578231292,0.9863481228668942
67514387,0.006802721088435374,294,0.9074074074074074,108,0.9006046863189721,0.8984504442307361
67515418,0.918918918918919,296,0.00625,160,0.912668918918919,0.9113373504924311
67515446,0.9240506329113924,316,0.006666666666666667,150,0.9173839662447257,0.9160814376288052
67515446,0.9240506329113924,316,0.0,150,0.9240506329113924,0.9238095238095239
67515501,1.0,294,0.0,118,1.0,1.0
67515501,0.0,294,0.9576271186440678,118,0.9576271186440678,0.9572649572649572
67515580,0.9766666666666667,300,0.0,154,0.9766666666666667,0.9765886287625418
67515761,0.937984496124031,258,0.007042253521126761,142,0.9309422426029043,0.9297734783493775
67522473,0.9025157232704403,318,0.0,158,0.9025157232704403,0.9022082018927444
67525268,0.9847328244274809,262,0.0,104,0.9847328244274809,0.9846743295019157
67525499,0.9424460431654677,278,0.034722222222222224,144,0.9077238209432454,0.9032726851290869
67527755,0.9662162162162162,296,0.0,138,0.9662162162162162,0.9661016949152543
67527755,0.9662162162162162,296,0.036231884057971016,138,0.9299843321582452,0.927150634681458
67527886,0.9190140845070423,284,0.0,148,0.9190140845070423,0.9187279151943464
67527886,0.9190140845070423,284,0.0,148,0.9190140845070423,0.9187279151943464
67527913,0.928030303030303,264,0.013513513513513514,148,0.9145167895167895,0.9121997349893586
67534247,0.9790209790209791,286,0.0125,160,0.9665209790209791,0.9658419865664803
67534619,0.9388489208633094,278,0.0,144,0.9388489208633094,0.9386281588447654
67534619,0.9388489208633094,278,0.0,144,0.9388489208633094,0.9386281588447654
67540360,0.9555555555555556,270,0.0,148,0.9555555555555556,0.9553903345724908
67540403,0.950354609929078,282,0.0,150,0.950354609929078,0.9501779359430605
67541065,0.9724137931034482,290,0.02142857142857143,140,0.9509852216748768,0.9495485025943703
67543155,0.9914285714285714,350,0.0,148,0.9914285714285714,0.9914040114613181
67543155,0.002857142857142857,350,0.9932432432432432,148,0.9903861003861003,0.9902931545298611
67551261,0.9858156028368794,282,0.0,104,0.9858156028368794,0.9857651245551602
67551261,0.0070921985815602835,282,1.0,104,0.9929078014184397,0.9928825622775801
67557657,0.96875,288,0.0,98,0.96875,0.9686411149825784
67565586,0.9806201550387597,258,0.0,122,0.9806201550387597,0.9805447470817119
67595009,0.9388489208633094,278,0.0,122,0.9388489208633094,0.9386281588447654
67602464,0.9290780141843972,282,0.0,148,0.9290780141843972,0.9288256227758007
67602498,0.9388489208633094,278,0.0,146,0.9388489208633094,0.9386281588447654
67603545,0.90234375,256,0.0,148,0.90234375,0.9019607843137255
67605713,0.9598540145985401,274,0.0,146,0.9598540145985401,0.9597069597069597
67605713,0.9598540145985401,274,0.0,146,0.9598540145985401,0.9597069597069597
67605731,0.9640287769784173,278,0.0,150,0.9640287769784173,0.9638989169675091
67608399,0.9542682926829268,328,0.024390243902439025,164,0.9298780487804877,0.927352779022362
67611439,0.9193548387096774,310,0.0,134,0.9193548387096774,0.919093851132686
67611457,0.9203821656050956,314,0.006329113924050633,158,0.9140530516810449,0.9127467157002737
67611525,0.94,350,0.0,160,0.94,0.9398280802292264
67611525,0.94,350,0.0,160,0.94,0.9398280802292264
67614463,0.9938650306748467,326,0.01639344262295082,122,0.9774715880518958,0.9771149881437824
67614488,0.9826589595375722,346,0.04032258064516129,124,0.942336378892411,0.9405542793602686
67614534,0.9811320754716981,318,0.0,122,0.9811320754716981,0.9810725552050473
67622340,0.984472049689441,322,0.05625,160,0.928222049689441,0.9260682118906901
67628477,0.9631901840490797,326,0.0,122,0.9631901840490797,0.9630769230769232
67628554,0.956953642384106,302,0.04375,160,0.913203642384106,0.9090163666368495
67628560,0.9575163398692811,306,0.01694915254237288,118,0.9405671873269082,0.9388365046037346
67628852,0.9609929078014184,282,0.0,110,0.9609929078014184,0.9608540925266903
67647591,0.9807692307692307,312,0.01818181818181818,110,0.9625874125874125,0.9616556474022409
67647591,0.019230769230769232,312,0.9636363636363636,110,0.9444055944055944,0.9426050387039155
67665983,0.9929078014184397,282,0.0,134,0.9929078014184397,0.9928825622775801
67665986,0.9893617021276596,282,0.014705882352941176,136,0.9746558197747185,0.9741945253628725
67667315,0.9671052631578947,304,0.05714285714285714,140,0.9099624060150375,0.9056793606912088
67667471,0.9861878453038674,362,0.0,156,0.9861878453038674,0.9861495844875346
67667490,0.980225988700565,354,0.019736842105263157,152,0.9604891465953018,0.9595188154628655
67673137,0.9683098591549296,284,0.0,130,0.9683098591549296,0.9681978798586574
67673137,0.9683098591549296,284,0.03076923076923077,130,0.9375406283856988,0.9352330280112484
67685474,0.9592592592592593,270,0.029411764705882353,136,0.9298474945533769,0.9270744736766658
67740041,0.9076433121019108,314,0.0,128,0.9076433121019108,0.9073482428115016
67742653,0.9742647058823529,272,0.07142857142857142,126,0.9028361344537815,0.8984871789389969
67750170,0.007575757575757576,264,0.9411764705882353,102,0.9336007130124777,0.9320931293507947
67750175,0.9492753623188406,276,0.0,104,0.9492753623188406,0.9490909090909091
67750175,0.0,276,0.9615384615384616,104,0.9615384615384616,0.9611650485436892
67804415,0.0,334,0.9296875,128,0.9296875,0.9291338582677166
67814854,0.9927007299270073,274,0.0,124,0.9927007299270073,0.9926739926739927
67814854,0.0,274,0.9516129032258065,124,0.9516129032258065,0.951219512195122
67819213,0.9177631578947368,304,0.0,148,0.9177631578947368,0.9174917491749174
67819213,0.9177631578947368,304,0.0,148,0.9177631578947368,0.9174917491749174
67819222,0.033854166666666664,384,0.9385964912280702,114,0.9047423245614036,0.89994870523983
67819653,0.9295302013422819,298,0.0,126,0.9295302013422819,0.9292929292929294
67819711,0.9122137404580153,262,0.006329113924050633,158,0.9058846265339646,0.904392323449774
67843282,0.9869281045751634,306,0.0,122,0.9869281045751634,0.9868852459016394
67846100,0.9384615384615385,260,0.007042253521126761,142,0.9314192849404117,0.9302609823237366
67877862,0.0,312,0.940677966101695,118,0.940677966101695,0.9401709401709403
67878334,0.9931506849315068,292,0.0,122,0.9931506849315068,0.993127147766323
67878334,0.00684931506849315,292,0.9590163934426229,122,0.9521670783741297,0.9512405112192818
67878339,0.9078014184397163,282,0.0,126,0.9078014184397163,0.9074733096085409
67886707,0.9847328244274809,262,0.0,114,0.9847328244274809,0.9846743295019157
67886707,0.0,262,0.9912280701754386,114,0.9912280701754386,0.9911504424778761
67899645,0.9931506849315068,292,0.0,120,0.9931506849315068,0.993127147766323
67899645,0.003424657534246575,292,0.9416666666666667,120,0.9382420091324201,0.9373383649598482
67900087,0.99079754601227,326,0.0,160,0.99079754601227,0.9907692307692308
67900087,0.0,326,0.99375,160,0.99375,0.9937106918238994
67921442,0.9612676056338029,284,0.0546875,128,0.9065801056338029,0.9017720903056237
67926079,0.9172661870503597,278,0.0,158,0.9172661870503597,0.9169675090252708
67931007,0.9166666666666666,336,0.0,154,0.9166666666666666,0.9164179104477611
67931666,0.9969879518072289,332,0.03225806451612903,124,0.9647298872910999,0.9642631719842523
67931666,0.0030120481927710845,332,0.9112903225806451,124,0.908278274387874,0.9070110271317071
67935427,0.9459459459459459,296,0.04487179487179487,156,0.9010741510741511,0.8957525747239002
67935738,0.9734848484848485,264,0.0,112,0.9734848484848485,0.973384030418251
67936277,0.9778481012658228,316,0.0,132,0.9778481012658228,0.9777777777777779
67938331,0.9006622516556292,302,0.0,144,0.9006622516556292,0.9003322259136213
67942457,0.9133858267716536,254,0.0,134,0.9133858267716536,0.9130434782608696
67944959,0.9195804195804196,286,0.0,144,0.9195804195804196,0.9192982456140352
67946649,0.9488188976377953,254,0.0,148,0.9488188976377953,0.9486166007905138
67950145,0.9130434782608695,276,0.012195121951219513,164,0.90084835630965,0.8983308678396019
67950145,0.9130434782608695,276,0.0,164,0.9130434782608695,0.9127272727272726
67950145,0.9130434782608695,276,0.012195121951219513,164,0.90084835630965,0.8983308678396019
67953650,0.9387755102040817,294,0.0,144,0.9387755102040817,0.938566552901024
67954726,0.9591836734693877,294,0.00641025641025641,156,0.9527734170591313,0.9520671484259922
67954922,0.9591194968553459,318,0.006493506493506494,154,0.9526259903618395,0.9519213652889796
67954983,0.9691780821917808,292,0.0,146,0.9691780821917808,0.9690721649484536
67955653,0.9386503067484663,326,0.025,160,0.9136503067484663,0.9102325727091733
67955791,0.948170731707317,328,0.0,160,0.948170731707317,0.9480122324159022
67958665,0.9313725490196079,306,0.0,170,0.9313725490196079,0.9311475409836066
67962717,0.9924242424242424,264,0.0,100,0.9924242424242424,0.9923954372623573
67962868,0.9525547445255474,274,0.012987012987012988,154,0.9395677315385345,0.9380719859777925
67963678,0.9632352941176471,272,0.0,148,0.9632352941176471,0.96309963099631
67964369,0.9794520547945206,292,0.0,104,0.9794520547945206,0.9793814432989691
67965309,0.9568345323741008,278,0.0,160,0.9568345323741008,0.9566787003610109
67967184,0.9224806201550387,258,0.0,152,0.9224806201550387,0.9221789883268482
67967192,0.92578125,256,0.0,154,0.92578125,0.9254901960784314
67967193,0.9115384615384615,260,0.0,156,0.9115384615384615,0.9111969111969112
67967916,0.9230769230769231,260,0.0,146,0.9230769230769231,0.9227799227799229
67971453,0.9513888888888888,288,0.0,152,0.9513888888888888,0.9512195121951219
67971455,0.9548611111111112,288,0.0,152,0.9548611111111112,0.9547038327526132
67971990,0.95,260,0.0,140,0.95,0.9498069498069498
67974387,1.0,272,0.0,114,1.0,1.0
67975272,0.9829931972789115,294,0.0,120,0.9829931972789115,0.9829351535836177
67975275,0.9726027397260274,292,0.007462686567164179,134,0.9651400531588632,0.9645787967596812
67975275,0.9726027397260274,292,0.014925373134328358,134,0.957677366591699,0.9566493685746683
67975275,0.9726027397260274,292,0.0,134,0.9726027397260274,0.9725085910652921
67977933,0.9724137931034482,290,0.0,134,0.9724137931034482,0.972318339100346
67977967,0.9756944444444444,288,0.0,130,0.9756944444444444,0.975609756097561
67978585,0.9854014598540146,274,0.0,100,0.9854014598540146,0.9853479853479854
67978585,0.0072992700729927005,274,0.95,100,0.9427007299270073,0.9414346667731579
67989331,0.9609375,256,0.05737704918032787,122,0.9035604508196722,0.8984456391982243
67991121,0.9122137404580153,262,0.0,150,0.9122137404580153,0.9118773946360152
68034476,0.965625,320,0.006493506493506494,154,0.9591314935064935,0.9585328930865307
68038325,0.9724137931034482,290,0.0,152,0.9724137931034482,0.972318339100346
68039334,0.946969696969697,264,0.0,148,0.946969696969697,0.9467680608365019
68041395,0.9365671641791045,268,0.0,138,0.9365671641791045,0.9363295880149812
68047984,0.9436619718309859,284,0.03205128205128205,156,0.9116106897797038,0.9075895723852794
68048058,0.9233576642335767,274,0.013157894736842105,152,0.9101997694967345,0.907808888527032
68048078,0.9383561643835616,292,0.013513513513513514,148,0.9248426508700481,0.9228671742031725
68048135,0.9518518518518518,270,0.01282051282051282,156,0.9390313390313391,0.9375303573491245
68049367,0.9035714285714286,280,0.0,154,0.9035714285714286,0.9032258064516129
68049367,0.9035714285714286,280,0.0,154,0.9035714285714286,0.9032258064516129
68055036,0.9509803921568627,306,0.0189873417721519,158,0.9319930503847108,0.9298445438042485
68055061,0.9444444444444444,288,0.017857142857142856,112,0.9265873015873015,0.9242403754598876
68055061,0.9444444444444444,288,0.0,112,0.9444444444444444,0.9442508710801393
68061318,0.9632352941176471,272,0.0,150,0.9632352941176471,0.96309963099631
68061333,0.965034965034965,286,0.0,150,0.965034965034965,0.9649122807017543
68061351,0.9697986577181208,298,0.0,150,0.9697986577181208,0.9696969696969697
68061352,0.9697986577181208,298,0.0,150,0.9697986577181208,0.9696969696969697
68061353,0.9697986577181208,298,0.0,148,0.9697986577181208,0.9696969696969697
68061425,0.9937888198757764,322,0.0,122,0.9937888198757764,0.9937694704049844
68061439,0.97,300,0.03205128205128205,156,0.9379487179487179,0.9357130654028702
68071129,1.0,298,0.0,124,1.0,1.0
68071129,0.0,298,1.0,124,1.0,1.0
68071218,0.9793103448275862,290,0.0,132,0.9793103448275862,0.9792387543252595
68071218,0.020689655172413793,290,1.0,132,0.9793103448275862,0.9792387543252595
68083874,0.9896551724137931,290,0.0,130,0.9896551724137931,0.9896193771626298
68085963,0.9839743589743589,312,0.02054794520547945,146,0.9634264137688795,0.9625717144628769
68086106,0.9006410256410257,312,0.0,148,0.9006410256410257,0.90032154340836
68087367,0.9006622516556292,302,0.0,152,0.9006622516556292,0.9003322259136213
68088073,0.9606741573033708,356,0.024096385542168676,166,0.9365777717612022,0.9344211167407686
68088115,0.9299363057324841,314,0.006329113924050633,158,0.9236071918084334,0.9224526677170015
68088123,0.9559748427672956,318,0.00641025641025641,156,0.9495645863570392,0.9488175132339651
68088695,0.9375,256,0.007692307692307693,130,0.9298076923076923,0.9285367039377734
68088901,0.9548872180451128,266,0.032467532467532464,154,0.9224196855775804,0.919102006959118
68092232,0.9779411764705882,272,0.0,98,0.9779411764705882,0.977859778597786
68092458,0.9178082191780822,292,0.00625,160,0.9115582191780822,0.9102051119860958
68099383,0.9776119402985075,268,0.0,110,0.9776119402985075,0.9775280898876406
68099486,0.90234375,256,0.0,148,0.90234375,0.9019607843137255
68100669,0.9276315789473685,304,0.0,166,0.9276315789473685,0.9273927392739275
68125836,0.9724409448818898,254,0.0,118,0.9724409448818898,0.9723320158102767
68139195,0.9913793103448276,348,0.0,126,0.9913793103448276,0.9913544668587896
68139195,0.008620689655172414,348,0.9920634920634921,126,0.9834428024083197,0.9832169048959282
68177322,0.9548872180451128,266,0.025974025974025976,154,0.9289131920710868,0.9262234502217758
68180282,0.9172932330827067,266,0.0,142,0.9172932330827067,0.9169811320754716
68226112,0.9727891156462585,294,0.05333333333333334,150,0.9194557823129251,0.9160970986890259
68226312,0.9430379746835443,316,0.03164556962025317,158,0.9113924050632911,0.9074017268924737
68232913,1.0,260,0.0,108,1.0,1.0
68232913,0.0,260,1.0,108,1.0,1.0
68238023,0.91,300,0.0,128,0.91,0.9096989966555185
68313021,0.9420289855072463,276,0.0,122,0.9420289855072463,0.9418181818181818
68320682,1.0,314,0.0,142,1.0,1.0
68320682,0.0,314,0.9436619718309859,142,0.9436619718309859,0.9432624113475176
68331840,0.9925925925925926,270,0.0,104,0.9925925925925926,0.9925650557620818
68331840,0.007407407407407408,270,0.9903846153846154,104,0.982977207977208,0.9827129332101988
68334612,0.949685534591195,318,0.0,148,0.949685534591195,0.9495268138801262
68340808,0.9777777777777777,270,0.0,140,0.9777777777777777,0.9776951672862453
68355569,0.9655172413793104,290,0.06349206349206349,126,0.9020251778872469,0.8970156628721394
68362180,0.9906832298136646,322,0.0,140,0.9906832298136646,0.9906542056074766
68362180,0.006211180124223602,322,1.0,140,0.9937888198757764,0.9937694704049844
68385806,0.9550898203592815,334,0.0,168,0.9550898203592815,0.9549549549549551
68387157,0.9152542372881356,354,0.005747126436781609,174,0.9095071108513539,0.908256455313865
68388663,0.9817073170731707,328,0.0,134,0.9817073170731707,0.981651376146789
68388663,0.003048780487804878,328,1.0,134,0.9969512195121951,0.9969418960244648
68388685,0.9539877300613497,326,0.0,132,0.9539877300613497,0.9538461538461539
68389042,0.9518072289156626,332,0.0,168,0.9518072289156626,0.9516616314199395
68389693,0.9575163398692811,306,0.0,126,0.9575163398692811,0.957377049180328
68389693,0.9575163398692811,306,0.0,126,0.9575163398692811,0.957377049180328
68393767,0.9493670886075949,316,0.0,164,0.9493670886075949,0.9492063492063492
68394980,0.9736842105263158,266,0.0,154,0.9736842105263158,0.9735849056603774
68395030,0.9784172661870504,278,0.0,162,0.9784172661870504,0.9783393501805054
68395318,0.97,300,0.0058823529411764705,170,0.9641176470588235,0.9636280486063571
68396492,0.9452554744525548,274,0.0,156,0.9452554744525548,0.9450549450549451
68416896,0.9489795918367347,294,0.0,122,0.9489795918367347,0.9488054607508533
68419203,0.9049079754601227,326,0.0,136,0.9049079754601227,0.9046153846153846
68428290,0.959731543624161,298,0.0,114,0.959731543624161,0.9595959595959596
68428290,0.0,298,0.9649122807017544,114,0.9649122807017544,0.9646017699115044
68435061,0.9423076923076923,260,0.0,146,0.9423076923076923,0.9420849420849421
68436285,0.959375,320,0.0,142,0.959375,0.9592476489028213
68437100,0.9467455621301775,338,0.0,154,0.9467455621301775,0.9465875370919882
68437100,0.9467455621301775,338,0.0,154,0.9467455621301775,0.9465875370919882
68437632,0.9316770186335404,322,0.0,160,0.9316770186335404,0.9314641744548287
68437696,0.9296875,256,0.0,162,0.9296875,0.9294117647058823
68438594,0.946875,320,0.0,172,0.946875,0.9467084639498433
68438606,0.9420731707317073,328,0.0,172,0.9420731707317073,0.9418960244648318
68438612,0.9478527607361963,326,0.0,174,0.9478527607361963,0.9476923076923076
68438621,0.9578313253012049,332,0.0,176,0.9578313253012049,0.9577039274924473
68438623,0.9573170731707317,328,0.0,176,0.9573170731707317,0.9571865443425076
68438623,0.9573170731707317,328,0.0,176,0.9573170731707317,0.9571865443425076
68438863,0.9393939393939394,330,0.037037037037037035,162,0.9023569023569025,0.8974546853390244
68438866,0.948170731707317,328,0.037037037037037035,162,0.9111336946702799,0.9069042392940954
68438875,0.9539877300613497,326,0.03896103896103896,154,0.9150266911003108,0.9110418765110182
68438901,0.9464285714285714,336,0.037037037037037035,162,0.9093915343915344,0.9050322796495124
68438909,0.9520958083832335,334,0.0379746835443038,158,0.9141211248389297,0.9100944732805755
68438915,0.9606060606060606,330,0.0,160,0.9606060606060606,0.9604863221884499
68438916,0.9606060606060606,330,0.0,156,0.9606060606060606,0.9604863221884499
68439018,0.9733333333333334,300,0.0,164,0.9733333333333334,0.9732441471571907
68439073,0.9610778443113772,334,0.0,160,0.9610778443113772,0.960960960960961
68439097,0.9613095238095238,336,0.0,164,0.9613095238095238,0.9611940298507463
68439097,0.9613095238095238,336,0.0,164,0.9613095238095238,0.9611940298507463
68439103,0.9613095238095238,336,0.03164556962025317,158,0.9296639541892706,0.9268931102411625
68439103,0.9613095238095238,336,0.006329113924050633,158,0.9549804098854732,0.954332783680368
68439109,0.9668674698795181,332,0.0,164,0.9668674698795181,0.9667673716012085
68439136,0.934375,320,0.0,166,0.934375,0.9341692789968652
68439136,0.934375,320,0.0,166,0.934375,0.9341692789968652
68439175,0.9767441860465116,344,0.00641025641025641,156,0.9703339296362552,0.9699253069373963
68439175,0.9767441860465116,344,0.0,156,0.9767441860465116,0.9766763848396501
68439175,0.9767441860465116,344,0.0,156,0.9767441860465116,0.9766763848396501
68441565,0.993006993006993,286,0.05084745762711865,118,0.9421595353798744,0.9409855877909732
68445908,0.9769230769230769,260,0.0,114,0.9769230769230769,0.9768339768339768
68447975,1.0,284,0.0,100,1.0,1.0
68447975,0.0,284,0.92,100,0.92,0.9191919191919191
68450549,0.9711538461538461,312,0.0,112,0.9711538461538461,0.9710610932475885
68450549,0.00641025641025641,312,0.9553571428571429,112,0.9489468864468865,0.9479486580304686
68455349,0.967391304347826,276,0.0,118,0.967391304347826,0.9672727272727272
68470667,0.9929577464788732,284,0.0,106,0.9929577464788732,0.9929328621908127
68470667,0.0,284,0.9905660377358491,106,0.9905660377358491,0.9904761904761905
68471540,0.9482758620689655,290,0.0,162,0.9482758620689655,0.9480968858131488
68476335,0.9545454545454546,286,0.0,134,0.9545454545454546,0.9543859649122808
68476343,0.9645390070921985,282,0.06153846153846154,130,0.903000545553737,0.8980295699653473
68476796,0.9483870967741935,310,0.0136986301369863,146,0.9346884666372073,0.9330077870166493
68479524,0.9774436090225563,266,0.0,154,0.9774436090225563,0.9773584905660377
68481010,0.9230769230769231,260,0.02054794520547945,146,0.9025289778714437,0.8989228363844721
68481010,0.9230769230769231,260,0.0,146,0.9230769230769231,0.9227799227799229
68484538,0.9660493827160493,324,0.05405405405405406,148,0.9119953286619953,0.9078489352329587
68484561,0.9635761589403974,302,0.035211267605633804,142,0.9283648913347636,0.925422838713999
68484608,0.9562043795620438,274,0.041666666666666664,144,0.9145377128953772,0.9104314036410759
68485670,0.9645669291338582,254,0.014705882352941176,136,0.9498610467809171,0.9485651035154412
68488153,0.9409448818897638,254,0.0,140,0.9409448818897638,0.9407114624505929
68490354,0.9816176470588235,272,0.0,156,0.9816176470588235,0.9815498154981549
68490354,0.9816176470588235,272,0.00641025641025641,156,0.9752073906485671,0.9748613895899769
68490363,0.981203007518797,266,0.0,156,0.981203007518797,0.9811320754716981
68490377,0.9448529411764706,272,0.0,156,0.9448529411764706,0.9446494464944649
68490378,0.9379562043795621,274,0.0,158,0.9379562043795621,0.9377289377289377
68490507,0.9621212121212122,264,0.05555555555555555,144,0.9065656565656566,0.9018213430546599
68493461,0.97265625,256,0.05128205128205128,156,0.9213741987179487,0.9181257299292214
68495705,0.98828125,256,0.0,158,0.98828125,0.9882352941176471
68497271,0.9771241830065359,306,0.06962025316455696,158,0.9075039298419789,0.9037963270839832
68497286,0.9225806451612903,310,0.018072289156626505,166,0.9045083560046638,0.901345393373166
68497374,0.91796875,256,0.01282051282051282,156,0.9051482371794872,0.9026342570732238
68498271,0.9177631578947368,304,0.011904761904761904,168,0.905858395989975,0.9035526267338799
68498418,0.9388489208633094,278,0.027777777777777776,144,0.9110711430855316,0.9072533160333898
68499471,0.9096774193548387,310,0.0,164,0.9096774193548387,0.9093851132686084
68500570,0.9571428571428572,280,0.05384615384615385,130,0.9032967032967033,0.8981078481917744
68502278,0.9176470588235294,340,0.0,138,0.9176470588235294,0.9174041297935102
68502292,0.9239766081871345,342,0.0,146,0.9239766081871345,0.9237536656891495
68502314,0.9285714285714286,336,0.0,142,0.9285714285714286,0.9283582089552239
68502343,0.9318181818181818,352,0.007246376811594203,138,0.9245718050065875,0.9233324208413175
68502352,0.9147727272727273,352,0.007246376811594203,138,0.9075263504611331,0.9059906506445108
68502372,0.9152046783625731,342,0.015151515151515152,132,0.900053163211058,0.897112593371232
68502373,0.9152046783625731,342,0.015151515151515152,132,0.900053163211058,0.897112593371232
68502421,0.9251700680272109,294,0.02112676056338028,142,0.9040433074638307,0.9004703774398783
68505583,0.9198473282442748,262,0.0,140,0.9198473282442748,0.9195402298850575
68505583,0.9198473282442748,262,0.0,140,0.9198473282442748,0.9195402298850575
68505583,0.9198473282442748,262,0.0,140,0.9198473282442748,0.9195402298850575
68513698,0.9217687074829932,294,0.02112676056338028,142,0.900641946919613,0.896913967545706
68513759,0.9514925373134329,268,0.0,144,0.9514925373134329,0.9513108614232211
68516007,0.9905660377358491,318,0.0,122,0.9905660377358491,0.9905362776025236
68516007,0.006289308176100629,318,0.9508196721311475,122,0.9445303639550469,0.9434824013116323
68519275,0.9595588235294118,272,0.039473684210526314,152,0.9200851393188855,0.9164764002953345
68519410,0.9699248120300752,266,0.04938271604938271,162,0.9205420959806925,0.9171463388630663
68521058,0.9863013698630136,292,0.05555555555555555,144,0.9307458143074581,0.9287828519050904
68522937,0.9571428571428572,280,0.036231884057971016,138,0.9209109730848861,0.9173808602674604
68523646,0.9378698224852071,338,0.0,146,0.9378698224852071,0.9376854599406529
68523681,0.9695121951219512,328,0.0,130,0.9695121951219512,0.9694189602446482
68523717,0.96045197740113,354,0.0,138,0.96045197740113,0.9603399433427762
68523740,0.9847560975609756,328,0.00684931506849315,146,0.9779067824924824,0.9776031098123092
68525475,0.935374149659864,294,0.013333333333333334,150,0.9220408163265307,0.920001758381779
68525659,0.9854014598540146,274,0.0,122,0.9854014598540146,0.9853479853479854
68541792,0.9651162790697675,258,0.025,160,0.9401162790697675,0.9380734722437486
68541799,0.9724409448818898,254,0.02666666666666667,150,0.9457742782152232,0.9440110158384506
68541799,0.9724409448818898,254,0.0,150,0.9724409448818898,0.9723320158102767
68595733,0.9865771812080537,298,0.0,138,0.9865771812080537,0.9865319865319865
68595733,0.003355704697986577,298,0.9927536231884058,138,0.9893979184904191,0.9892848365691815
68617737,0.9930555555555556,288,0.019230769230769232,104,0.9738247863247863,0.9733451114507016
68617737,0.0,288,0.9807692307692307,104,0.9807692307692307,0.9805825242718447
68617770,0.9574468085106383,282,0.037037037037037035,162,0.9204097714736013,0.916871592434088
68617770,0.9574468085106383,282,0.0,162,0.9574468085106383,0.9572953736654806
68617770,0.9574468085106383,282,0.0,162,0.9574468085106383,0.9572953736654806
68625100,0.9407894736842105,304,0.0,156,0.9407894736842105,0.9405940594059405
68634934,0.0,264,0.9210526315789473,114,0.9210526315789473,0.9203539823008849
68641787,0.9122137404580153,262,0.0,118,0.9122137404580153,0.9118773946360152
68665336,0.9212598425196851,254,0.0,136,0.9212598425196851,0.9209486166007905
68703381,0.9869281045751634,306,0.0,124,0.9869281045751634,0.9868852459016394
68703381,0.006535947712418301,306,0.9354838709677419,124,0.9289479232553236,0.927554710542087
68709953,1.0,308,0.0,128,1.0,1.0
68709953,0.0,308,0.9921875,128,0.9921875,0.9921259842519685
68726888,0.9727891156462585,294,0.0,120,0.9727891156462585,0.9726962457337883
68726888,0.003401360544217687,294,0.9833333333333333,120,0.9799319727891156,0.9796662765059747
68735283,0.9888059701492538,268,0.0,96,0.9888059701492538,0.9887640449438202
68735283,0.0,268,0.9583333333333334,96,0.9583333333333334,0.9578947368421054
68735423,0.9966442953020134,298,0.018867924528301886,106,0.9777763707737115,0.9774579537221167
68735423,0.0,298,0.9528301886792453,106,0.9528301886792453,0.9523809523809524
68738084,0.9385474860335196,358,0.0,148,0.9385474860335196,0.938375350140056
68738105,0.9519774011299436,354,0.05,140,0.9019774011299435,0.8966808941451853
68738107,0.9519774011299436,354,0.04285714285714286,140,0.9091202582728007,0.9045576277464759
68738256,0.9971428571428571,350,0.0,136,0.9971428571428571,0.997134670487106
68742357,0.9562043795620438,274,0.0,108,0.9562043795620438,0.9560439560439561
68748677,0.9370629370629371,286,0.0,144,0.9370629370629371,0.9368421052631579
68748677,0.9370629370629371,286,0.0,144,0.9370629370629371,0.9368421052631579
68772942,1.0,276,0.049019607843137254,102,0.9509803921568627,0.9504950495049505
68772942,0.0,276,0.9215686274509803,102,0.9215686274509803,0.9207920792079207
68777305,0.9434523809523809,336,0.04054054054054054,148,0.9029118404118404,0.8978829987122154
68778446,0.9848484848484849,264,0.035211267605633804,142,0.9496372172428511,0.9482583023558673
68779747,0.9782608695652174,276,0.0,146,0.9782608695652174,0.9781818181818182
68779849,0.9825174825174825,286,0.0,144,0.9825174825174825,0.9824561403508772
68779849,0.9825174825174825,286,0.006944444444444444,144,0.9755730380730381,0.9752191018004851
68780435,0.9966666666666667,300,0.008928571428571428,112,0.9877380952380953,0.9875866224766497
68780435,0.0,300,0.9732142857142857,112,0.9732142857142857,0.9729729729729729
68784312,0.9806451612903225,310,0.03225806451612903,124,0.9483870967741935,0.9468080960275718
68792838,0.97265625,256,0.02702702702702703,148,0.945629222972973,0.9438544875089707
68792918,0.9653846153846154,260,0.014492753623188406,138,0.950891861761427,0.9496445088364729
68794040,0.95625,320,0.0472972972972973,148,0.9089527027027028,0.9043536084289596
68800430,0.9612676056338029,284,0.0,122,0.9612676056338029,0.9611307420494699
68800913,0.9645390070921985,282,0.01282051282051282,156,0.9517184942716858,0.9505966193206262
68801921,0.965625,320,0.03896103896103896,154,0.926663961038961,0.9236178118327235
68802217,0.96875,320,0.0,132,0.96875,0.9686520376175549
68803673,0.96,350,0.0379746835443038,158,0.9220253164556962,0.9186268354907441
68809566,0.9835526315789473,304,0.02702702702702703,148,0.9565256045519204,0.9553947744318948
68812253,0.9825174825174825,286,0.033783783783783786,148,0.9487336987336987,0.9472567033808726
68814877,0.9340277777777778,288,0.032467532467532464,154,0.9015602453102454,0.8968329165159667
68815400,0.9545454545454546,308,0.0189873417721519,158,0.9355581127733027,0.9335578017425226
68816660,0.96875,256,0.04285714285714286,140,0.9258928571428572,0.9227763490565013
68818329,0.9555555555555556,270,0.0472972972972973,148,0.9082582582582583,0.9035644614244651
68825566,0.9591836734693877,294,0.047619047619047616,126,0.91156462585034,0.9071515836612248
68863573,0.9244604316546763,278,0.02112676056338028,142,0.903333671091296,0.8997132019907178
68863581,0.9239130434782609,276,0.007042253521126761,142,0.9168707899571341,0.9154678876826974
68863989,0.9296875,256,0.0,152,0.9296875,0.9294117647058823
68864564,0.024539877300613498,326,0.9666666666666667,120,0.9421267893660532,0.9401286801911366
68874239,0.9583333333333334,264,0.04225352112676056,142,0.9160798122065728,0.9120949657059506
68874239,0.9583333333333334,264,0.0,142,0.9583333333333334,0.9581749049429659
68877395,0.9522058823529411,272,0.013157894736842105,152,0.939047987616099,0.9375218850701762
68877459,0.9566666666666667,300,0.0,150,0.9566666666666667,0.9565217391304347
68877459,0.9566666666666667,300,0.013333333333333334,150,0.9433333333333334,0.9419389138205919
68877885,0.9134615384615384,312,0.006172839506172839,162,0.9072886989553656,0.9058998088892548
68878182,0.9691358024691358,324,0.04430379746835443,158,0.9248320050007813,0.921714681303966
68881764,0.9539007092198581,282,0.00641025641025641,156,0.9474904528096018,0.946691401702465
68881764,0.9539007092198581,282,0.0,156,0.9539007092198581,0.9537366548042705
68888646,0.952054794520548,292,0.007042253521126761,142,0.9450125409994212,0.944119427638569
68891821,0.9375,272,0.0,154,0.9375,0.9372693726937269
68892730,0.9455782312925171,294,0.0136986301369863,146,0.9318796011555308,0.9301029756414688
68892738,0.9628378378378378,296,0.060810810810810814,148,0.902027027027027,0.896967468210573
68893176,0.9119718309859155,284,0.0,160,0.9119718309859155,0.911660777385159
68893177,0.9201388888888888,288,0.0,152,0.9201388888888888,0.9198606271777002
68893380,0.9580152671755725,262,0.0,134,0.9580152671755725,0.9578544061302682
68895553,0.9534883720930233,344,0.030120481927710843,166,0.9233678901653124,0.9202436956057236
68895590,0.9457142857142857,350,0.011494252873563218,174,0.9342200328407225,0.9327462922841473
68900653,0.9566666666666667,300,0.0,130,0.9566666666666667,0.9565217391304347
68900878,0.9447674418604651,344,0.006172839506172839,162,0.9385946023542923,0.9377106773802729
68903962,0.9801324503311258,302,0.07246376811594203,138,0.9076686822151838,0.9041885820967602
68903966,0.9801324503311258,302,0.07246376811594203,138,0.9076686822151838,0.9041885820967602
68903998,0.9689655172413794,290,0.0,136,0.9689655172413794,0.9688581314878894
68910429,0.968503937007874,254,0.0,146,0.968503937007874,0.9683794466403162
68917170,0.9609929078014184,282,0.034722222222222224,144,0.9262706855791962,0.9231738592461597
68917481,0.9583333333333334,264,0.0,158,0.9583333333333334,0.9581749049429659
68928560,0.95,340,0.02631578947368421,152,0.9236842105263158,0.920725655281053
68931524,1.0,316,0.0,130,1.0,1.0
68931524,0.0,316,1.0,130,1.0,1.0
68931907,0.9765625,256,0.029411764705882353,136,0.9471507352941176,0.9454565030146426
68956290,0.9826388888888888,288,0.04411764705882353,136,0.9385212418300654,0.936596343072145
68956336,0.996268656716418,268,0.0,100,0.996268656716418,0.9962546816479401
68957895,0.9779411764705882,272,0.0,156,0.9779411764705882,0.977859778597786
68966331,0.95703125,256,0.017241379310344827,116,0.9397898706896551,0.9379826627647152
68990538,0.9609929078014184,282,0.0,136,0.9609929078014184,0.9608540925266903
68994536,0.95578231292517,294,0.024691358024691357,162,0.9310909549004787,0.9285976513656968
69005164,0.9525547445255474,274,0.014705882352941176,136,0.9378488621726063,0.9361649584278157
69012629,0.9302325581395349,258,0.014925373134328358,134,0.9153071850052065,0.9128335331498428
69039849,0.9113475177304965,282,0.0,130,0.9113475177304965,0.911032028469751
69074673,0.930379746835443,316,0.00819672131147541,122,0.9221830255239676,0.9207476495486382
69090072,0.9507042253521126,284,0.0,156,0.9507042253521126,0.950530035335689
69090078,0.951048951048951,286,0.0,152,0.951048951048951,0.9508771929824561
69090915,0.9609375,256,0.03787878787878788,132,0.9230587121212122,0.9196495016221324
69101215,0.9683098591549296,284,0.046153846153846156,130,0.9221560130010835,0.9187539004677318
69102272,0.9436619718309859,284,0.00684931506849315,146,0.9368126567624927,0.9357911373190904
69103152,0.9456521739130435,276,0.036231884057971016,138,0.9094202898550724,0.9050153440549825
69123162,0.9612403100775194,258,0.0,146,0.9612403100775194,0.9610894941634242
69141982,0.90625,256,0.0,134,0.90625,0.9058823529411765
69156276,0.9640287769784173,278,0.0,118,0.9640287769784173,0.9638989169675091
69156276,0.9640287769784173,278,0.00847457627118644,118,0.9555542007072308,0.9547388685258085
69156799,0.9605263157894737,304,0.006578947368421052,152,0.9539473684210527,0.9532518098535776
69156840,0.9609929078014184,282,0.03125,160,0.9297429078014184,0.9269639835965408
69157423,0.9033333333333333,300,0.0,118,0.9033333333333333,0.9030100334448161
69175696,0.9691780821917808,292,0.05223880597014925,134,0.9169392762216315,0.9132142307935519
69175698,0.958041958041958,286,0.04487179487179487,156,0.9131701631701632,0.9089647862569666
69176268,0.967391304347826,276,0.05303030303030303,132,0.9143610013175231,0.9103728856276788
69178102,0.9622641509433962,318,0.0,160,0.9622641509433962,0.9621451104100945
69178439,0.9379310344827586,290,0.013888888888888888,144,0.9240421455938698,0.922000168967699
69178477,0.9835526315789473,304,0.015384615384615385,130,0.968168016194332,0.9674858689822994
69179084,0.9820143884892086,278,0.0,116,0.9820143884892086,0.9819494584837546
69179084,0.007194244604316547,278,0.9137931034482759,116,0.9065988588439594,0.9045772223841255
69188771,0.9389312977099237,262,0.0,116,0.9389312977099237,0.9386973180076629
69221294,0.9925373134328358,268,0.0,150,0.9925373134328358,0.9925093632958801
69221622,0.9580152671755725,262,0.0,156,0.9580152671755725,0.9578544061302682
69224595,0.9035714285714286,280,0.0,142,0.9035714285714286,0.9032258064516129
69224702,0.9285714285714286,308,0.0,126,0.9285714285714286,0.9283387622149838
69228509,0.9656488549618321,262,0.0136986301369863,146,0.9519502248248457,0.9507788657111773
69229110,1.0,260,0.0,100,1.0,1.0
69229110,0.0,260,0.99,100,0.99,0.98989898989899
69231348,0.9806451612903225,310,0.0,106,0.9806451612903225,0.9805825242718447
69237623,0.9854014598540146,274,0.0,112,0.9854014598540146,0.9853479853479854
69238297,0.9703703703703703,270,0.0,130,0.9703703703703703,0.9702602230483272
69247062,0.9481481481481482,270,0.0,134,0.9481481481481482,0.9479553903345725
69247308,0.9552238805970149,268,0.04225352112676056,142,0.9129703594702543,0.9087142720645136
69247316,0.9694656488549618,262,0.0,140,0.9694656488549618,0.9693486590038314
69247809,0.9788732394366197,284,0.0625,128,0.9163732394366197,0.9131584426200412
69248187,0.9398496240601504,266,0.014705882352941176,136,0.9251437417072093,0.9230320455702463
69248824,0.9689655172413794,290,0.0,128,0.9689655172413794,0.9688581314878894
69249724,0.9625,320,0.019736842105263157,152,0.9427631578947369,0.9410296939451364
69256197,0.926829268292683,328,0.0,154,0.926829268292683,0.926605504587156
69257488,0.9173228346456693,254,0.014084507042253521,142,0.9032383276034158,0.9004756004585108
69258411,0.9545454545454546,330,0.04861111111111111,144,0.9059343434343434,0.9010364764341217
69268979,0.94921875,256,0.04838709677419355,124,0.9008316532258065,0.8953219897022697
69271328,0.943609022556391,266,0.0,146,0.943609022556391,0.9433962264150945
69289791,0.9217687074829932,294,0.0,154,0.9217687074829932,0.9215017064846416
69330670,0.06,350,0.9807692307692307,104,0.9207692307692308,0.9180938604055973
69330670,0.005714285714285714,350,0.9807692307692307,104,0.975054945054945,0.974630763522353
69335010,0.9197080291970803,274,0.0,146,0.9197080291970803,0.9194139194139195
69335434,0.9478527607361963,326,0.0,148,0.9478527607361963,0.9476923076923076
69377381,0.9285714285714286,280,0.014492753623188406,138,0.9140786749482402,0.9116396774149205
69386068,0.9701492537313433,268,0.0,136,0.9701492537313433,0.9700374531835206
69386068,0.9701492537313433,268,0.014705882352941176,136,0.9554433713784022,0.9543405644634974
69386070,0.9774436090225563,266,0.0,138,0.9774436090225563,0.9773584905660377
69403757,0.9730538922155688,334,0.015384615384615385,130,0.9576692768309534,0.956636224774899
69407885,0.9892086330935251,278,0.0,100,0.9892086330935251,0.9891696750902527
69407885,0.007194244604316547,278,0.98,100,0.9728057553956835,0.972288118559693
69411951,0.9014598540145985,274,0.0,112,0.9014598540145985,0.9010989010989011
69411951,0.9014598540145985,274,0.0,112,0.9014598540145985,0.9010989010989011
69420220,0.007751937984496124,258,0.9910714285714286,112,0.9833194905869325,0.9830695895323648
69431696,0.9623287671232876,292,0.0,138,0.9623287671232876,0.9621993127147767
69431710,0.9898648648648649,296,0.030612244897959183,98,0.9592526199669057,0.9582783543560373
69450699,0.9337349397590361,332,0.0,158,0.9337349397590361,0.9335347432024168
69461067,0.9783950617283951,324,0.0,128,0.9783950617283951,0.978328173374613
69462805,0.9697986577181208,298,0.0,130,0.9697986577181208,0.9696969696969697
69468470,0.9601449275362319,276,0.033783783783783786,148,0.9263611437524482,0.923287246914576
69468470,0.9601449275362319,276,0.0,148,0.9601449275362319,0.96
69471675,0.956081081081081,296,0.017241379310344827,116,0.9388397017707362,0.9370196419402969
69484060,0.9935483870967742,310,0.01639344262295082,122,0.9771549444738233,0.9767858892694268
69484060,0.0064516129032258064,310,0.9754098360655737,122,0.9689582231623479,0.9684151220699271
69508275,0.9198473282442748,262,0.00819672131147541,122,0.9116506069327994,0.9099555150120096
69510205,0.9460431654676259,278,0.0,128,0.9460431654676259,0.9458483754512634
69525703,0.9212328767123288,292,0.0,128,0.9212328767123288,0.9209621993127148
69555914,0.9239130434782609,276,0.012658227848101266,158,0.9112548156301596,0.9089655219345079
69558366,1.0,282,0.0625,96,0.9375,0.9368421052631579
69562346,0.9693877551020408,294,0.006666666666666667,150,0.9627210884353741,0.9621617947040397
69562354,0.9765100671140939,298,0.007042253521126761,142,0.9694678135929672,0.9690063065471224
69563186,0.9357142857142857,280,0.0,150,0.9357142857142857,0.9354838709677419
69563186,0.9357142857142857,280,0.0,150,0.9357142857142857,0.9354838709677419
69571813,0.9653846153846154,260,0.034722222222222224,144,0.9306623931623932,0.9278752654833264
69574622,0.014492753623188406,414,0.9444444444444444,108,0.9299516908212561,0.9277806540544212
69574861,0.9558823529411765,272,0.0,138,0.9558823529411765,0.955719557195572
69584179,0.9444444444444444,306,0.012048192771084338,166,0.93239625167336,0.9307979851396033
69584641,0.9713375796178344,314,0.015384615384615385,130,0.955952964233219,0.954856172113495
69585015,0.9733333333333334,300,0.018518518518518517,108,0.9548148148148149,0.9535596390268885
69585075,0.9017857142857143,336,0.0,134,0.9017857142857143,0.9014925373134329
69585128,0.9478527607361963,326,0.0,158,0.9478527607361963,0.9476923076923076
69587162,0.9683098591549296,284,0.012987012987012988,154,0.9553228461679166,0.9542994076788655
69587782,0.9923664122137404,262,0.07971014492753623,138,0.9126562672862042,0.9108232684089347
69587810,0.9888888888888889,270,0.0,152,0.9888888888888889,0.9888475836431228
69587830,0.9927007299270073,274,0.041666666666666664,144,0.9510340632603407,0.9501048647740883
69587861,0.996268656716418,268,0.02857142857142857,140,0.9676972281449894,0.9672633740127624
69587867,0.9888059701492538,268,0.02857142857142857,140,0.9602345415778252,0.9593443569861092
69588785,0.9702702702702702,370,0.06707317073170732,164,0.903197099538563,0.8987171584875497
69588808,0.9601063829787234,376,0.011904761904761904,168,0.9482016210739616,0.9470709018949225
69589156,0.9935897435897436,312,0.0,130,0.9935897435897436,0.9935691318327975
69589156,0.00641025641025641,312,0.9615384615384616,130,0.9551282051282052,0.9543139346203559
69589541,0.9814814814814815,270,0.0,98,0.9814814814814815,0.9814126394052045
69589581,0.9818840579710145,276,0.0,100,0.9818840579710145,0.9818181818181819
69592300,0.9683098591549296,284,0.0,156,0.9683098591549296,0.9681978798586574
69592336,0.9577922077922078,308,0.0,164,0.9577922077922078,0.9576547231270357
69601282,0.9626865671641791,268,0.0,148,0.9626865671641791,0.9625468164794008
69601647,0.9341085271317829,258,0.0,98,0.9341085271317829,0.933852140077821
69602338,0.9462025316455697,316,0.011627906976744186,172,0.9345746246688255,0.9330806963933899
69602378,0.9335443037974683,316,0.024096385542168676,166,0.9094479182552997,0.9058845125018832
69610383,0.9558823529411765,272,0.0,154,0.9558823529411765,0.955719557195572
69610383,0.9558823529411765,272,0.006493506493506494,154,0.9493888464476701,0.9486080385532445
69610383,0.9558823529411765,272,0.006493506493506494,154,0.9493888464476701,0.9486080385532445
69610592,0.9548611111111112,288,0.0,126,0.9548611111111112,0.9547038327526132
69614606,1.0,276,0.0,102,1.0,1.0
69615800,0.9256756756756757,296,0.013513513513513514,148,0.9121621621621622,0.9098034923524723
69620144,0.9859154929577465,284,0.0,104,0.9859154929577465,0.9858657243816255
69620184,0.9448275862068966,290,0.006944444444444444,144,0.9378831417624521,0.9368739419125083
69620229,0.9897260273972602,292,0.0,104,0.9897260273972602,0.9896907216494845
69620229,0.00684931506849315,292,0.9807692307692307,104,0.9739199157007375,0.9734445875995446
69620250,0.9640287769784173,278,0.007042253521126761,142,0.9569865234572905,0.9562976132101044
69620256,0.9637681159420289,276,0.006944444444444444,144,0.9568236714975845,0.9561377016591482
69620448,0.9440298507462687,268,0.0,140,0.9440298507462687,0.9438202247191011
69637951,0.9457364341085271,258,0.0,108,0.9457364341085271,0.9455252918287936
69652509,0.9642857142857143,280,0.0,156,0.9642857142857143,0.9641577060931901
69658711,0.9477611940298507,268,0.007352941176470588,136,0.9404082528533801,0.9393861975236177
69658711,0.9477611940298507,268,0.029411764705882353,136,0.9183494293239683,0.9148560725962485
69662007,0.9014598540145985,274,0.0,162,0.9014598540145985,0.9010989010989011
69663000,0.9362416107382551,298,0.01875,160,0.917491610738255,0.9147626016247445
69663945,0.9808917197452229,314,0.0,118,0.9808917197452229,0.9808306709265175
69665542,0.9855072463768116,276,0.0,122,0.9855072463768116,0.9854545454545455
69665542,0.007246376811594203,276,1.0,122,0.9927536231884058,0.9927272727272727
69669602,0.9661654135338346,266,0.023809523809523808,126,0.9423558897243107,0.9404198104262012
69677723,0.9701986754966887,302,0.0,118,0.9701986754966887,0.9700996677740864
69677749,0.9437086092715232,302,0.0,150,0.9437086092715232,0.9435215946843855
69687309,0.9305555555555556,288,0.0,120,0.9305555555555556,0.9303135888501741
69689865,0.9694656488549618,262,0.010416666666666666,96,0.9590489821882952,0.9581820242418354
69689865,0.0,262,0.9791666666666666,96,0.9791666666666666,0.9789473684210527
69692900,0.9889705882352942,272,0.0,140,0.9889705882352942,0.988929889298893
69703143,0.9457364341085271,258,0.013888888888888888,144,0.9318475452196383,0.9300261000491663
69703173,0.9224806201550387,258,0.018518518518518517,162,0.9039621016365202,0.9006687768656605
69703183,0.9076923076923077,260,0.0,164,0.9076923076923077,0.9073359073359073
69705798,0.9457364341085271,258,0.0,106,0.9457364341085271,0.9455252918287936
69717743,0.9516129032258065,310,0.029850746268656716,134,0.9217621569571498,0.9184857559483749
69729260,0.9533333333333334,300,0.0,104,0.9533333333333334,0.9531772575250835
69740320,0.9818840579710145,276,0.0546875,128,0.9271965579710145,0.9247116517839602
69741992,0.9398496240601504,266,0.02054794520547945,146,0.919301678854671,0.9164543636975827
69742072,0.9465648854961832,262,0.006756756756756757,148,0.9398081287394264,0.9388320006891719
69742107,0.9522058823529411,272,0.012987012987012988,154,0.9392188693659281,0.9377114535728795
69742155,0.9601226993865031,326,0.030120481927710843,166,0.9300022174587922,0.9272899272962692
69742160,0.9601226993865031,326,0.030864197530864196,162,0.9292585018556389,0.9264776022113143
69742173,0.9622641509433962,318,0.03048780487804878,164,0.9317763460653474,0.9291642777379843
69748153,1.0,280,0.0,104,1.0,1.0
69748153,0.0,280,0.9038461538461539,104,0.9038461538461539,0.9029126213592232
69752996,0.010416666666666666,288,0.9396551724137931,116,0.9292385057471265,0.9274145176543674
69762322,0.9962121212121212,264,0.0,108,0.9962121212121212,0.9961977186311787
69762342,0.9924812030075187,266,0.0,104,0.9924812030075187,0.9924528301886791
69779709,0.9889705882352942,272,0.0,128,0.9889705882352942,0.988929889298893
69784109,0.9617834394904459,314,0.02631578947368421,152,0.9354676500167617,0.9331542973092667
69801565,0.984375,256,0.0,118,0.984375,0.9843137254901961
69807520,0.9541984732824428,262,0.019736842105263157,152,0.9344616311771796,0.9323414729186525
69807591,0.9565217391304348,276,0.006329113924050633,158,0.9501926252063841,0.9494413892908827
69807597,0.9411764705882353,272,0.0,152,0.9411764705882353,0.940959409594096
69807779,0.9730769230769231,260,0.02,100,0.953076923076923,0.9516877112813908
69808659,0.9045801526717557,262,0.0,132,0.9045801526717557,0.9042145593869733
69810728,0.976027397260274,292,0.0,124,0.976027397260274,0.9759450171821307
69840284,0.993421052631579,304,0.007246376811594203,138,0.9861746758199847,0.9860042268728033
69840284,0.006578947368421052,304,0.9855072463768116,138,0.9789282990083906,0.9786091354390274
69842170,0.0,348,0.9166666666666666,96,0.9166666666666666,0.9157894736842105
69846556,0.9416058394160584,274,0.0,112,0.9416058394160584,0.9413919413919413
69851472,1.0,270,0.044642857142857144,112,0.9553571428571429,0.954954954954955
69851472,0.0,270,0.9017857142857143,112,0.9017857142857143,0.9009009009009009
69869170,0.9409448818897638,254,0.0,116,0.9409448818897638,0.9407114624505929
69870130,1.0,288,0.0,116,1.0,1.0
69888353,0.9888888888888889,270,0.0,124,0.9888888888888889,0.9888475836431228
69888353,0.0,270,0.9274193548387096,124,0.9274193548387096,0.9268292682926829
69909367,1.0,278,0.037037037037037035,108,0.962962962962963,0.9626168224299065
69909367,0.0,278,0.9629629629629629,108,0.9629629629629629,0.9626168224299064
69926083,0.9763779527559056,254,0.01818181818181818,110,0.9581961345740874,0.9570721013852658
69929761,0.965034965034965,286,0.0,120,0.965034965034965,0.9649122807017543
69992273,0.9478527607361963,326,0.0,104,0.9478527607361963,0.9476923076923076
70000979,0.965034965034965,286,0.0,116,0.965034965034965,0.9649122807017543
70003100,0.9577464788732394,284,0.0,138,0.9577464788732394,0.9575971731448764
70003166,0.9328358208955224,268,0.0,138,0.9328358208955224,0.9325842696629213
70007386,0.9960629921259843,254,0.0,120,0.9960629921259843,0.9960474308300395
70007386,0.0,254,1.0,120,1.0,1.0
70012045,0.9340277777777778,288,0.0,122,0.9340277777777778,0.9337979094076655
70012045,0.9340277777777778,288,0.0,122,0.9340277777777778,0.9337979094076655
70012393,0.9929078014184397,282,0.01639344262295082,122,0.9765143587954889,0.9761197918232035
70012488,0.9033333333333333,300,0.0,138,0.9033333333333333,0.9030100334448161
70012508,0.932258064516129,310,0.0,144,0.932258064516129,0.9320388349514563
70012576,0.9421768707482994,294,0.02531645569620253,158,0.9168604150520968,0.9135689534591983
70016124,0.9711538461538461,312,0.0,120,0.9711538461538461,0.9710610932475885
70033218,0.944078947368421,304,0.006024096385542169,166,0.9380548509828789,0.9371573187040902
70034506,0.9591836734693877,294,0.00641025641025641,156,0.9527734170591313,0.9520671484259922
70037119,0.958904109589041,292,0.04,150,0.918904109589041,0.9152018514414272
70037128,0.9452054794520548,292,0.0410958904109589,146,0.904109589041096,0.8991332652890714
70051369,0.9261744966442953,298,0.0,114,0.9261744966442953,0.9259259259259258
70058986,0.9659863945578231,294,0.0,156,0.9659863945578231,0.9658703071672354
70059109,0.9393939393939394,264,0.0,102,0.9393939393939394,0.9391634980988594
70059718,0.9939024390243902,328,0.0,140,0.9939024390243902,0.9938837920489297
70059718,0.003048780487804878,328,0.9642857142857143,140,0.9612369337979094,0.9607518515199166
70065186,0.9842767295597484,318,0.0,148,0.9842767295597484,0.9842271293375395
70065186,0.006289308176100629,318,0.972972972972973,148,0.9666836647968724,0.9661384456322878
70065250,0.9969879518072289,332,0.0,154,0.9969879518072289,0.9969788519637461
70065250,0.0030120481927710845,332,1.0,154,0.9969879518072289,0.9969788519637461
70069032,0.9928057553956835,278,0.0,122,0.9928057553956835,0.9927797833935018
70069032,0.007194244604316547,278,0.9262295081967213,122,0.9190352635924048,0.9173332805880056
70078049,0.9933333333333333,300,0.00847457627118644,118,0.9848587570621469,0.9846503756355072
70079741,0.9935064935064936,308,0.0,124,0.9935064935064936,0.9934853420195441
70081966,0.9841772151898734,316,0.0,108,0.9841772151898734,0.9841269841269842
70095252,0.9911242603550295,338,0.0,122,0.9911242603550295,0.9910979228486647
70095252,0.0029585798816568047,338,1.0,122,0.9970414201183432,0.9970326409495549
70123401,0.9136690647482014,278,0.0,150,0.9136690647482014,0.9133574007220217
70131399,0.9849624060150376,266,0.0,124,0.9849624060150376,0.9849056603773585
70131399,0.9849624060150376,266,0.0,124,0.9849624060150376,0.9849056603773585
70131636,0.9556213017751479,338,0.0,124,0.9556213017751479,0.9554896142433235
70138118,0.9873417721518988,316,0.008928571428571428,112,0.9784132007233274,0.9780652115332795
70157525,0.964516129032258,310,0.05194805194805195,154,0.9125680770842061,0.9084240788889413
70199394,0.9078014184397163,282,0.0,126,0.9078014184397163,0.9074733096085409
70207147,0.9796511627906976,344,0.0,122,0.9796511627906976,0.9795918367346937
70207165,0.9210526315789473,342,0.012345679012345678,162,0.9087069525666016,0.9064444823696957
70207860,0.9769230769230769,260,0.02830188679245283,106,0.9486211901306241,0.9469493940082175
70210501,0.9861111111111112,360,0.0,142,0.9861111111111112,0.9860724233983288
70210501,0.002777777777777778,360,0.9154929577464789,142,0.9127151799687011,0.9116366324620998
70215969,0.9784172661870504,278,0.0,124,0.9784172661870504,0.9783393501805054
70216815,0.9097222222222222,288,0.0,122,0.9097222222222222,0.9094076655052266
70219662,0.9942528735632183,348,0.0,122,0.9942528735632183,0.994236311239193
70219840,0.9791666666666666,336,0.04794520547945205,146,0.9312214611872146,0.9288254393958709
70225188,0.9714285714285714,280,0.00847457627118644,118,0.962953995157385,0.9622921773000008
70228501,0.976878612716763,346,0.008333333333333333,120,0.9685452793834297,0.9680208367106529
70228622,0.9738562091503268,306,0.0,118,0.9738562091503268,0.9737704918032787
70236677,0.9645669291338582,254,0.0472972972972973,148,0.917269631836561,0.9134503584618158
70238714,0.9551724137931035,290,0.0472972972972973,148,0.9078751164958062,0.9031558806634705
70241404,0.9370629370629371,286,0.0,130,0.9370629370629371,0.9368421052631579
70244980,0.9595588235294118,272,0.0546875,128,0.9048713235294118,0.8998644410721685
70245001,0.9806201550387597,258,0.03968253968253968,126,0.94093761535622,0.9390001125227109
70245023,0.9813432835820896,268,0.04411764705882353,136,0.9372256365232661,0.9351765874188533
70245082,0.9781021897810219,274,0.06818181818181818,132,0.9099203715992037,0.9063268797126666
70245085,0.9781021897810219,274,0.06716417910447761,134,0.9109380106765443,0.9074046641769369
70248951,0.9708029197080292,274,0.06944444444444445,144,0.9013584752635848,0.8967077038961488
70260997,0.971830985915493,284,0.028985507246376812,138,0.9428454786691162,0.9408953785634175
70261238,0.9556962025316456,316,0.0,130,0.9556962025316456,0.9555555555555555
70266301,0.9745222929936306,314,0.0,120,0.9745222929936306,0.9744408945686901
70270409,0.9865771812080537,298,0.07432432432432433,148,0.9122528568837294,0.9097012299801277
70272422,0.9862068965517241,290,0.033783783783783786,148,0.9524231127679403,0.9512097636989258
70272480,0.9689922480620154,258,0.0,138,0.9689922480620154,0.9688715953307393
70275876,0.922360248447205,322,0.0,140,0.922360248447205,0.9221183800623053
70276644,0.9615384615384616,286,0.04,150,0.9215384615384615,0.9180527058301708
70276704,0.9693877551020408,294,0.0472972972972973,148,0.9220904578047435,0.9187628851292634
70277017,0.9471830985915493,284,0.013333333333333334,150,0.933849765258216,0.9321600196032229
70277091,0.9479166666666666,288,0.007142857142857143,140,0.9407738095238095,0.9397934519885738
70277100,0.9432624113475178,282,0.007692307692307693,130,0.9355701036552101,0.9344314601942835
70277401,0.9607142857142857,280,0.021739130434782608,138,0.9389751552795031,0.9369613562196865
70290790,0.9847328244274809,262,0.0625,144,0.9222328244274809,0.9198226574190115
70293270,0.9928571428571429,280,0.0,100,0.9928571428571429,0.992831541218638
70293270,0.007142857142857143,280,0.91,100,0.9028571428571429,0.9006301631187589
70295062,0.9742647058823529,272,0.0,154,0.9742647058823529,0.974169741697417
70295341,0.9612403100775194,258,0.0,144,0.9612403100775194,0.9610894941634242
70296372,0.9366666666666666,300,0.0,132,0.9366666666666666,0.9364548494983277
70296404,0.9365671641791045,268,0.014705882352941176,136,0.9218612818261633,0.9196423068447717
70296517,0.9358108108108109,296,0.0,146,0.9358108108108109,0.9355932203389831
70299571,0.9125,320,0.0,152,0.9125,0.9122257053291536
70304689,0.9580152671755725,262,0.02027027027027027,148,0.9377449969053022,0.935738150776277
70305251,0.972972972972973,296,0.025974025974025976,154,0.946998946998947,0.9453286821007494
70305443,0.9666666666666667,270,0.0,140,0.9666666666666667,0.9665427509293679
70308951,0.9507575757575758,264,0.035211267605633804,142,0.915546308151942,0.9116357525076272
70309178,0.90625,320,0.0,152,0.90625,0.9059561128526646
70315032,0.9592592592592593,270,0.0,126,0.9592592592592593,0.9591078066914498
70326660,0.9370860927152318,302,0.0,154,0.9370860927152318,0.9368770764119602
70326660,0.9370860927152318,302,0.0,154,0.9370860927152318,0.9368770764119602
70334967,0.9530201342281879,298,0.007692307692307693,130,0.9453278265358802,0.9443837189539782
70335026,0.9937888198757764,322,0.0,114,0.9937888198757764,0.9937694704049844
70335150,0.9533333333333334,300,0.0,130,0.9533333333333334,0.9531772575250835
70335270,0.9642857142857143,308,0.01639344262295082,122,0.9478922716627635,0.9464641429011209
70336697,0.9696969696969697,264,0.0,130,0.9696969696969697,0.9695817490494297
70337247,0.9339080459770115,348,0.0273972602739726,146,0.9065107857030389,0.9025063607855778
70337599,0.9363636363636364,330,0.0,124,0.9363636363636364,0.9361702127659575
70337680,0.9640522875816994,306,0.0,130,0.9640522875816994,0.9639344262295082
70337745,0.9861111111111112,288,0.0,120,0.9861111111111112,0.986062717770035
70338496,0.950381679389313,262,0.01948051948051948,154,0.9309011599087935,0.9286444680061485
70339923,0.9382716049382716,324,0.02666666666666667,150,0.9116049382716049,0.9079382095170664
70339992,0.9516129032258065,310,0.0,136,0.9516129032258065,0.9514563106796117
70340017,1.0,314,0.0,140,1.0,1.0
70343376,0.9895833333333334,288,0.017857142857142856,112,0.9717261904761905,0.9711548237212599
70354585,0.9878787878787879,330,0.008064516129032258,124,0.9798142717497557,0.9795153058788235
70360596,0.9859154929577465,284,0.017543859649122806,114,0.9683716333086236,0.9676696146051406
70360688,0.967741935483871,310,0.0,122,0.967741935483871,0.9676375404530745
70365082,0.9815950920245399,326,0.0,134,0.9815950920245399,0.9815384615384616
70365712,0.9726027397260274,292,0.0,140,0.9726027397260274,0.9725085910652921
70367101,0.9822695035460993,282,0.0,96,0.9822695035460993,0.9822064056939502
70367101,0.0,282,0.9270833333333334,96,0.9270833333333334,0.9263157894736843
70367672,0.9328859060402684,298,0.0,166,0.9328859060402684,0.9326599326599326
70380336,0.9172413793103448,290,0.0,156,0.9172413793103448,0.916955017301038
70391349,0.927007299270073,274,0.0,152,0.927007299270073,0.9267399267399267
70406569,0.9541984732824428,262,0.007142857142857143,140,0.9470556161395857,0.9461712386428041
70417396,0.9856115107913669,278,0.0,114,0.9856115107913669,0.9855595667870036
70418954,0.950920245398773,326,0.0,154,0.950920245398773,0.9507692307692308
70424145,0.9413793103448276,290,0.024390243902439025,164,0.9169890664423885,0.9137721183694798
70426780,0.9468085106382979,282,0.02,150,0.9268085106382978,0.9243511820844428
70427164,0.9642857142857143,280,0.013157894736842105,152,0.9511278195488722,0.9499689256499515
70427227,0.9506172839506173,324,0.02631578947368421,152,0.9243014944769331,0.9213698195066915
70427229,0.9506172839506173,324,0.025974025974025976,154,0.9246432579765913,0.9217499353555232
70437507,0.993103448275862,290,0.0,110,0.993103448275862,0.9930795847750865
70437507,0.0,290,1.0,110,1.0,1.0
70447806,0.967391304347826,276,0.0,112,0.967391304347826,0.9672727272727272
70468471,0.9902597402597403,308,0.0,126,0.9902597402597403,0.990228013029316
70471230,0.9715189873417721,316,0.043478260869565216,138,0.9280407264722069,0.9251500797830063
70481185,0.9771241830065359,306,0.0,124,0.9771241830065359,0.9770491803278688
70481982,0.9666666666666667,300,0.034722222222222224,144,0.9319444444444445,0.9292691408216897
70489928,0.9742647058823529,272,0.00909090909090909,110,0.9651737967914439,0.9645247117014989
70490395,0.9725274725274725,364,0.0,148,0.9725274725274725,0.9724517906336089
70492886,0.9444444444444444,288,0.0,124,0.9444444444444444,0.9442508710801393
70493798,0.9869281045751634,306,0.015151515151515152,132,0.9717765894236483,0.971219955137724
70493798,0.0,306,0.9318181818181818,132,0.9318181818181818,0.931297709923664
70494037,0.9829931972789115,294,0.0,128,0.9829931972789115,0.9829351535836177
70494037,0.006802721088435374,294,0.9921875,128,0.9853847789115646,0.9851931650794511
70494393,0.9615384615384616,286,0.0,116,0.9615384615384616,0.9614035087719297
70494393,0.038461538461538464,286,1.0,116,0.9615384615384616,0.9614035087719297
70505086,0.9908536585365854,328,0.0,100,0.9908536585365854,0.9908256880733944
70516151,0.90625,256,0.0,138,0.90625,0.9058823529411765
70535455,0.9290322580645162,310,0.0,124,0.9290322580645162,0.9288025889967638
70542913,0.9538461538461539,260,0.0,100,0.9538461538461539,0.9536679536679538
70563799,0.9416058394160584,274,0.02054794520547945,146,0.9210578942105789,0.9182959660924186
70565183,0.9770992366412213,262,0.0,98,0.9770992366412213,0.9770114942528735
70605350,0.05142857142857143,350,0.9918032786885246,122,0.9403747072599532,0.9393124777650002
70605491,0.04371584699453552,366,0.95,120,0.9062841530054644,0.9013694623750389
70606167,0.9548872180451128,266,0.0,108,0.9548872180451128,0.9547169811320754
70642044,0.9637681159420289,276,0.0,120,0.9637681159420289,0.9636363636363636
70642565,0.9823943661971831,284,0.0,130,0.9823943661971831,0.9823321554770318
70644179,0.9562043795620438,274,0.007142857142857143,140,0.9490615224191867,0.9482210350725311
70671297,0.9961538461538462,260,0.0,112,0.9961538461538462,0.9961389961389961
70671297,0.0,260,0.9375,112,0.9375,0.9369369369369369
70689210,0.9072847682119205,302,0.0,162,0.9072847682119205,0.9069767441860465
70690685,0.9230769230769231,260,0.006578947368421052,152,0.9164979757085021,0.9151409702981685
70692467,0.9929078014184397,282,0.0,112,0.9929078014184397,0.9928825622775801
70693275,0.95578231292517,294,0.0,148,0.95578231292517,0.9556313993174061
70693304,0.9548387096774194,310,0.0,162,0.9548387096774194,0.9546925566343043
70693304,0.9548387096774194,310,0.0,162,0.9548387096774194,0.9546925566343043
70693712,0.97265625,256,0.006756756756756757,148,0.9658994932432432,0.9653749377380015
70693921,0.9448818897637795,254,0.00684931506849315,146,0.9380325746952863,0.9370088949268738
70702257,0.96875,256,0.028985507246376812,138,0.9397644927536232,0.9376121103901268
70702429,0.9960629921259843,254,0.0,112,0.9960629921259843,0.9960474308300395
70710648,1.0,330,0.0,116,1.0,1.0
70710648,0.0,330,0.9913793103448276,116,0.9913793103448276,0.991304347826087
70715000,0.9962962962962963,270,0.017857142857142856,112,0.9784391534391534,0.9781314160876203
70715000,0.0,270,0.9821428571428571,112,0.9821428571428571,0.9819819819819819
70715274,0.956081081081081,296,0.016666666666666666,120,0.9394144144144143,0.9376550693307781
70724442,0.9525547445255474,274,0.007042253521126761,142,0.9455124910044207,0.9446173427810849
70726494,0.9618320610687023,262,0.0136986301369863,146,0.948133430931716,0.9468425311416121
70726956,0.9462025316455697,316,0.024691358024691357,162,0.9215111736208783,0.9185254387934213
70728679,0.9575163398692811,306,0.036231884057971016,138,0.92128445581131,0.9177961556439024
70728679,0.9575163398692811,306,0.0,138,0.9575163398692811,0.957377049180328
70731749,0.9506578947368421,304,0.006329113924050633,158,0.9443287808127915,0.9434983905546632
70737348,0.9479166666666666,288,0.0,112,0.9479166666666666,0.9477351916376306
70737814,0.967391304347826,276,0.021739130434782608,138,0.9456521739130435,0.9439514997874192
70742293,0.953416149068323,322,0.025,160,0.9284161490683229,0.9257794207538521
70743067,0.9307692307692308,260,0.0,134,0.9307692307692308,0.9305019305019304
70743358,0.9638157894736842,304,0.04,150,0.9238157894736841,0.9205277935357998
70743970,0.9872611464968153,314,0.0,98,0.9872611464968153,0.9872204472843451
70744208,1.0,276,0.05555555555555555,108,0.9444444444444444,0.9439252336448598
70745824,0.9858156028368794,282,0.07894736842105263,152,0.9068682344158268,0.9040496730520999
70745824,0.9858156028368794,282,0.0,152,0.9858156028368794,0.9857651245551602
70745830,0.9790209790209791,286,0.07792207792207792,154,0.9010989010989011,0.8972423083037507
70747653,0.9409722222222222,288,0.0,144,0.9409722222222222,0.9407665505226481
70747902,0.9462025316455697,316,0.006172839506172839,162,0.9400296921393968,0.9391537028467006
70749906,0.9683908045977011,348,0.006097560975609756,164,0.9622932436220913,0.9617776650399051
70753403,0.9722222222222222,360,0.0,172,0.9722222222222222,0.9721448467966574
70766411,0.9934640522875817,306,0.0,128,0.9934640522875817,0.9934426229508198
70766411,0.006535947712418301,306,1.0,128,0.9934640522875817,0.9934426229508198
70767831,0.99079754601227,326,0.00819672131147541,122,0.9826008247007946,0.9823530754667225
70767831,0.0,326,0.9426229508196722,122,0.9426229508196722,0.9421487603305785
70769240,0.9761904761904762,294,0.0,138,0.9761904761904762,0.9761092150170648
70769361,0.9595588235294118,272,0.0,118,0.9595588235294118,0.9594095940959411
70771620,0.9859154929577465,284,0.0,118,0.9859154929577465,0.9858657243816255
70771620,0.007042253521126761,284,1.0,118,0.9929577464788732,0.9929328621908127
70781343,0.9832214765100671,298,0.0,110,0.9832214765100671,0.9831649831649831
70803462,1.0,270,0.01818181818181818,110,0.9818181818181818,0.981651376146789
70803462,0.0,270,0.9818181818181818,110,0.9818181818181818,0.981651376146789
70805390,0.9596273291925466,322,0.0125,160,0.9471273291925466,0.9459099108215526
70805498,0.9767441860465116,344,0.006024096385542169,166,0.9707200896609695,0.9703344041411109
70805783,0.9433333333333334,300,0.0,138,0.9433333333333334,0.9431438127090301
70814139,0.95703125,256,0.0,158,0.95703125,0.9568627450980393
70815452,0.9615384615384616,260,0.007142857142857143,140,0.9543956043956044,0.9536435169346562
70815472,0.9576923076923077,260,0.007042253521126761,142,0.950650054171181,0.9498379521728042
70821897,0.9832214765100671,298,0.028169014084507043,142,0.9550524624255601,0.9538469370566556
70830560,0.9237804878048781,328,0.0,162,0.9237804878048781,0.9235474006116209
70830560,0.9237804878048781,328,0.0,162,0.9237804878048781,0.9235474006116209
70830564,0.9601226993865031,326,0.0078125,128,0.9523101993865031,0.9514998491097475
70830670,0.9754098360655737,366,0.0,124,0.9754098360655737,0.9753424657534246
70830688,0.9887640449438202,356,0.0,120,0.9887640449438202,0.9887323943661971
70830708,0.96,350,0.0,128,0.96,0.9598853868194842
70834908,0.9148148148148149,270,0.0,140,0.9148148148148149,0.9144981412639406
70835359,0.93,300,0.012987012987012988,154,0.9170129870129871,0.914870262399566
70837418,0.9867549668874173,302,0.0,96,0.9867549668874173,0.9867109634551496
70849089,0.9925373134328358,268,0.0,100,0.9925373134328358,0.9925093632958801
70849089,0.0,268,1.0,100,1.0,1.0
70851162,0.9825174825174825,286,0.0,114,0.9825174825174825,0.9824561403508772
70859784,0.9968354430379747,316,0.05263157894736842,114,0.9442038640906063,0.9433931054284881
70861463,0.9921875,256,0.0,118,0.9921875,0.992156862745098
70861605,0.9785714285714285,280,0.0,108,0.9785714285714285,0.978494623655914
70863278,0.9850299401197605,334,0.0,126,0.9850299401197605,0.984984984984985
70868310,0.96,300,0.0273972602739726,146,0.9326027397260274,0.9300821227946762
70876299,0.9895104895104895,286,0.0,116,0.9895104895104895,0.9894736842105263
70876299,0.006993006993006993,286,0.9482758620689655,116,0.9412828550759585,0.9400813621764972
70877018,0.9276729559748428,318,0.0,138,0.9276729559748428,0.9274447949526814
70877042,0.9901960784313726,306,0.0,118,0.9901960784313726,0.9901639344262296
70877042,0.0032679738562091504,306,0.9830508474576272,118,0.979782873601418,0.9795158772604932
70882703,0.975609756097561,328,0.014285714285714285,140,0.9613240418118467,0.9604467348702606
70884647,0.944078947368421,304,0.03896103896103896,154,0.905117908407382,0.9003206366564822
70885389,0.968944099378882,322,0.056962025316455694,158,0.9119820740624264,0.907981619116954
70885562,0.9685314685314685,286,0.06666666666666667,150,0.9018648018648019,0.8971095038511567
70885668,0.9668874172185431,302,0.0,126,0.9668874172185431,0.9667774086378738
70886270,0.9691780821917808,292,0.02142857142857143,140,0.9477495107632093,0.946163294288481
70889460,0.9388489208633094,278,0.0,130,0.9388489208633094,0.9386281588447654
70895418,0.9961538461538462,260,0.01818181818181818,110,0.977972027972028,0.9776496261600713
70895418,0.0,260,0.9818181818181818,110,0.9818181818181818,0.981651376146789
70898744,0.9425675675675675,296,0.023809523809523808,168,0.9187580437580437,0.9156811093748495
70902276,0.9659090909090909,264,0.05737704918032787,122,0.9085320417287631,0.9040096503055701
70907693,0.9786585365853658,328,0.0763888888888889,144,0.9022696476964769,0.8984054969640338
70907860,0.9802631578947368,304,0.015384615384615385,130,0.9648785425101214,0.9640838784312632
70907868,0.9967105263157895,304,0.0,128,0.9967105263157895,0.9966996699669968
70907868,0.0,304,0.9765625,128,0.9765625,0.9763779527559056
70925676,0.930379746835443,316,0.022058823529411766,136,0.9083209233060312,0.904858841684822
70933504,0.9924242424242424,264,0.0,98,0.9924242424242424,0.9923954372623573
70933504,0.007575757575757576,264,0.9693877551020408,98,0.9618119975262832,0.9610007689610983
70937051,0.9696969696969697,330,0.0,130,0.9696969696969697,0.9696048632218845
70949946,0.9357142857142857,280,0.0,108,0.9357142857142857,0.9354838709677419
70952017,0.9850746268656716,268,0.0,104,0.9850746268656716,0.9850187265917603
70952733,0.9142857142857143,280,0.0,140,0.9142857142857143,0.9139784946236559
70979161,0.9668874172185431,302,0.0,122,0.9668874172185431,0.9667774086378738
70979161,0.019867549668874173,302,0.9836065573770492,122,0.963739007708175,0.9628827874585085
70983762,0.976027397260274,292,0.0,132,0.976027397260274,0.9759450171821307
70986968,0.9755244755244755,286,0.0,114,0.9755244755244755,0.9754385964912281
70994600,0.996551724137931,290,0.015625,128,0.980926724137931,0.980683406445899
70994600,0.0,290,0.984375,128,0.984375,0.9842519685039369
71006955,0.9738372093023255,344,0.03424657534246575,146,0.9395906339598598,0.9374808694201092
71006955,0.9738372093023255,344,0.00684931506849315,146,0.9669878942338324,0.9665043477342476
71029159,0.9890510948905109,274,0.0,126,0.9890510948905109,0.9890109890109889
71053964,0.9473684210526315,266,0.0,146,0.9473684210526315,0.9471698113207546
71061213,0.9567901234567902,324,0.006666666666666667,150,0.9501234567901234,0.9493662913132848
71061216,0.9567901234567902,324,0.02054794520547945,146,0.9362421782513107,0.9341853680343842
71061249,0.9465408805031447,318,0.0,150,0.9465408805031447,0.9463722397476342
71061250,0.940625,320,0.0,156,0.940625,0.9404388714733544
71061251,0.9375,320,0.0,154,0.9375,0.9373040752351097
71067046,0.9703947368421053,304,0.018292682926829267,164,0.952102053915276,0.9508051109187067
71067054,0.9733333333333334,300,0.012658227848101266,158,0.9606751054852322,0.9598273707271574
71067054,0.9733333333333334,300,0.0,158,0.9733333333333334,0.9732441471571907
71068444,0.9470588235294117,340,0.0,174,0.9470588235294117,0.9469026548672566
71068444,0.9470588235294117,340,0.005747126436781609,174,0.9413116970926301,0.9405114842240803
71086950,0.9562043795620438,274,0.0,122,0.9562043795620438,0.9560439560439561
71087626,0.9781021897810219,274,0.0,100,0.9781021897810219,0.978021978021978
71087626,0.0072992700729927005,274,0.94,100,0.9327007299270073,0.9311869782550001
71090797,0.9765625,256,0.0,100,0.9765625,0.9764705882352941
71093185,0.9007633587786259,262,0.0,148,0.9007633587786259,0.900383141762452
71102219,0.9574468085106383,282,0.007142857142857143,140,0.9503039513677812,0.9494903075103927
71107341,0.9798657718120806,298,0.006578947368421052,152,0.9732868244436595,0.9729092824017763
71108406,0.996268656716418,268,0.0,106,0.996268656716418,0.9962546816479401
71108542,0.9411764705882353,272,0.0,148,0.9411764705882353,0.940959409594096
71112887,0.950354609929078,282,0.0,156,0.950354609929078,0.9501779359430605
71125260,0.9927007299270073,274,0.0,106,0.9927007299270073,0.9926739926739927
71125260,0.0072992700729927005,274,0.9811320754716981,106,0.9738328053987054,0.9733492013429805
71144491,0.9541984732824428,262,0.015384615384615385,130,0.9388138578978273,0.937103707904717
71144527,0.9192307692307692,260,0.008620689655172414,116,0.9106100795755968,0.9088238241877448
71146748,0.9645669291338582,254,0.0,126,0.9645669291338582,0.9644268774703556
71148616,0.9694656488549618,262,0.021739130434782608,138,0.9477265184201792,0.946117725941512
71149472,0.9612403100775194,258,0.05921052631578947,152,0.9020297837617299,0.8968962546980398
71150228,0.9710144927536232,276,0.05844155844155844,154,0.9125729343120648,0.9086931663654879
71159133,0.981203007518797,266,0.04477611940298507,134,0.9364268881158119,0.9343296012784009
71176354,0.9806451612903225,310,0.015625,128,0.9650201612903225,0.9642266696479226
71219401,0.9901315789473685,304,0.0,122,0.9901315789473685,0.9900990099009902
71226725,0.9770992366412213,262,0.036231884057971016,138,0.9408673525832503,0.938849411472152
71248098,0.9936305732484076,314,0.0,126,0.9936305732484076,0.9936102236421727
71264283,0.0,320,0.967741935483871,124,0.967741935483871,0.967479674796748
71269230,0.08771929824561403,342,1.0,118,0.9122807017543859,0.9120234604105572
71274410,0.9897260273972602,292,0.0,100,0.9897260273972602,0.9896907216494845
71274410,0.0,292,0.91,100,0.91,0.9090909090909092
71281551,0.9925925925925926,270,0.03508771929824561,114,0.957504873294347,0.9566440636874256
71281551,0.0,270,0.956140350877193,114,0.956140350877193,0.9557522123893806
71288594,0.9928057553956835,278,0.0,120,0.9928057553956835,0.9927797833935018
71288594,0.0,278,1.0,120,1.0,1.0
71292842,0.9093959731543624,298,0.0,156,0.9093959731543624,0.9090909090909092
71292842,0.9093959731543624,298,0.0,156,0.9093959731543624,0.9090909090909092
71295320,0.94140625,256,0.014084507042253521,142,0.9273217429577465,0.9253352793054294
71299968,1.0,300,0.0,110,1.0,1.0
71306568,0.952755905511811,254,0.0,150,0.952755905511811,0.9525691699604742
71310769,0.9778481012658228,316,0.00625,160,0.9715981012658228,0.9712103328042113
71312787,1.0,258,0.018867924528301886,106,0.9811320754716981,0.9809523809523809
71312787,0.0,258,0.9528301886792453,106,0.9528301886792453,0.9523809523809524
71317586,0.9512987012987013,308,0.0,164,0.9512987012987013,0.9511400651465799
71317870,0.9432624113475178,282,0.013157894736842105,152,0.9301045166106756,0.9283170681006383
71318026,0.9624060150375939,266,0.006097560975609756,164,0.9563084540619842,0.9556686499882012
71319347,0.96875,288,0.04477611940298507,134,0.9239738805970149,0.920723008744442
71319376,0.9776119402985075,268,0.05714285714285714,140,0.9204690831556503,0.9174087999566943
71321087,0.9491017964071856,334,0.04,150,0.9091017964071856,0.9046070129982552
71325389,0.9335664335664335,286,0.012658227848101266,158,0.9209082057183323,0.9189072514296454
71325391,0.9335664335664335,286,0.012658227848101266,158,0.9209082057183323,0.9189072514296454
71325482,0.9136690647482014,278,0.0,142,0.9136690647482014,0.9133574007220217
71325512,0.9172661870503597,278,0.0,144,0.9172661870503597,0.9169675090252708
71325515,0.9136690647482014,278,0.0,146,0.9136690647482014,0.9133574007220217
71329029,0.9015748031496063,254,0.0,152,0.9015748031496063,0.9011857707509882
71330316,0.9258064516129032,310,0.0,176,0.9258064516129032,0.9255663430420712
71330371,0.9755244755244755,286,0.00819672131147541,122,0.9673277542130001,0.9667706849306527
71330371,0.006993006993006993,286,0.9426229508196722,122,0.9356299438266652,0.9343248107860563
71337475,0.9817518248175182,274,0.02,150,0.9617518248175182,0.9608175986661607
71337820,0.9447852760736196,326,0.024691358024691357,162,0.9200939180489283,0.9170393008744088
71337824,1.0,320,0.007142857142857143,140,0.9928571428571429,0.9928057553956835
71337824,0.0,320,0.9928571428571429,140,0.9928571428571429,0.9928057553956835
71345106,0.9676258992805755,278,0.041666666666666664,144,0.9259592326139089,0.922846763535877
71351068,0.9632352941176471,272,0.0,148,0.9632352941176471,0.96309963099631
71362802,0.9637681159420289,276,0.0,152,0.9637681159420289,0.9636363636363636
71368123,0.9644970414201184,338,0.0,124,0.9644970414201184,0.9643916913946587
71376351,0.9836601307189542,306,0.007142857142857143,140,0.9765172735760971,0.976177715511635
71377498,0.9798850574712644,348,0.0,154,0.9798850574712644,0.9798270893371759
71380050,0.9678571428571429,280,0.046875,128,0.9209821428571429,0.917477170864476
71380050,0.9678571428571429,280,0.015625,128,0.9522321428571429,0.9509847121790017
71386245,0.9849624060150376,266,0.06716417910447761,134,0.91779822691056,0.9152097823622368
71387165,0.9395973154362416,298,0.0,152,0.9395973154362416,0.9393939393939393
71395052,0.9732824427480916,262,0.05,140,0.9232824427480916,0.9201417442956684
71415847,0.950381679389313,262,0.04794520547945205,146,0.9024364739098609,0.897157340297058
71415847,0.950381679389313,262,0.00684931506849315,146,0.9435323643208198,0.9426121149514395
71416052,0.9724409448818898,254,0.05223880597014925,134,0.9202021389117405,0.9168137878160393
71416056,0.97265625,256,0.05303030303030303,132,0.919625946969697,0.9162063742974419
71416058,0.97265625,256,0.051470588235294115,136,0.9211856617647058,0.9178751770110176
71420483,0.9574468085106383,282,0.0,148,0.9574468085106383,0.9572953736654806
71425892,0.0051813471502590676,386,0.9423076923076923,104,0.9371263451574332,0.9359517438159143
71425959,0.0049504950495049506,404,0.9090909090909091,132,0.9041404140414041,0.9025306451250268
71429876,0.9525316455696202,316,0.01948051948051948,154,0.9330511260891008,0.9309182966311196
71433484,0.9397163120567376,282,0.006172839506172839,162,0.9335434725505647,0.9325432591701502
71438247,0.9876543209876543,324,0.008064516129032258,124,0.979589804858622,0.9792858147328907
71438247,0.9876543209876543,324,0.0,124,0.9876543209876543,0.9876160990712074
71445585,0.975,280,0.0,114,0.975,0.974910394265233
71448092,0.9778481012658228,316,0.0,124,0.9778481012658228,0.9777777777777779
71448092,0.0,316,1.0,124,1.0,1.0
71450685,0.01020408163265306,392,0.9181818181818182,110,0.9079777365491651,0.9055249780464971
71450852,0.9823529411764705,340,0.0,134,0.9823529411764705,0.9823008849557522
71450852,0.0029411764705882353,340,0.9402985074626866,134,0.9373573309920984,0.9365469288595301
71451255,0.9634831460674157,356,0.03896103896103896,154,0.9245221071063767,0.9213146052674019
71452094,0.9914285714285714,350,0.08695652173913043,138,0.904472049689441,0.9023172624482138
71456023,0.9923664122137404,262,0.0,98,0.9923664122137404,0.9923371647509578
71459410,0.91796875,256,0.0,122,0.91796875,0.9176470588235295
71465379,0.9923076923076923,260,0.0,98,0.9923076923076923,0.9922779922779923
71465379,0.007692307692307693,260,0.9081632653061225,98,0.9004709576138148,0.8980742579407489
71476920,0.9527027027027027,296,0.0,122,0.9527027027027027,0.952542372881356
71479115,0.9503311258278145,302,0.0,118,0.9503311258278145,0.9501661129568106
71479307,0.9387096774193548,310,0.0,132,0.9387096774193548,0.9385113268608414
71484174,0.9433333333333334,300,0.0,122,0.9433333333333334,0.9431438127090301
71516851,0.9653846153846154,260,0.05,120,0.9153846153846154,0.9113612840744548
71516855,0.95703125,256,0.05084745762711865,118,0.9061837923728814,0.9012049366111154
71520361,0.9738562091503268,306,0.012048192771084338,166,0.9618080163792424,0.9610167685205712
71520631,0.9551724137931035,290,0.0,150,0.9551724137931035,0.9550173010380623
71520636,0.96875,288,0.05844155844155844,154,0.9103084415584416,0.9061615245240323
71520670,0.943609022556391,266,0.013157894736842105,152,0.9304511278195489,0.9286617836782544
71537777,0.935064935064935,308,0.013513513513513514,148,0.9215514215514216,0.9194873279462296
71537871,0.9489795918367347,294,0.014084507042253521,142,0.9348950847944812,0.9331784332768807
71549583,0.9465648854961832,262,0.0,118,0.9465648854961832,0.946360153256705
71552250,0.9658385093167702,322,0.05263157894736842,152,0.9132069303694017,0.9091528000971066
71552303,0.953125,320,0.04225352112676056,142,0.9108714788732395,0.9064605419823776
71552797,0.9205298013245033,302,0.014084507042253521,142,0.9064452942822498,0.9038363695359309
71556111,0.9226190476190477,336,0.012195121951219513,164,0.9104239256678281,0.9082258842817152
71556246,1.0,280,0.017857142857142856,112,0.9821428571428571,0.9819819819819819
71556246,0.0,280,0.9821428571428571,112,0.9821428571428571,0.9819819819819819
71566353,0.9851851851851852,270,0.08333333333333333,132,0.9018518518518518,0.898684642664857
71569888,0.956953642384106,302,0.006944444444444444,144,0.9500091979396615,0.9492170108668572
71569946,0.9383561643835616,292,0.0,160,0.9383561643835616,0.9381443298969071
71579031,0.9337748344370861,302,0.0,140,0.9337748344370861,0.9335548172757474
71595092,1.0,298,0.0,128,1.0,1.0
71596610,0.9612676056338029,284,0.00684931506849315,146,0.9544182905653097,0.9537011091172788
71601164,0.9732824427480916,262,0.06756756756756757,148,0.9057148751805241,0.9015378404770089
71618251,0.9464285714285714,280,0.0,156,0.9464285714285714,0.9462365591397849
71619833,0.95,280,0.0,154,0.95,0.9498207885304659
71621319,0.9470198675496688,302,0.013157894736842105,152,0.9338619728128267,0.9321996648953934
71622045,0.9401408450704225,284,0.0,152,0.9401408450704225,0.9399293286219081
71622092,0.9565217391304348,276,0.0,150,0.9565217391304348,0.9563636363636364
71622169,0.9963235294117647,272,0.0,114,0.9963235294117647,0.996309963099631
71641548,0.916030534351145,262,0.0,156,0.916030534351145,0.9157088122605364
71641548,0.916030534351145,262,0.0,156,0.916030534351145,0.9157088122605364
71642051,0.916030534351145,262,0.0,146,0.916030534351145,0.9157088122605364
71647998,1.0,262,0.0196078431372549,102,0.9803921568627451,0.9801980198019802
71655998,0.9387755102040817,294,0.012345679012345678,162,0.926429831191736,0.9246275655539786
71656626,0.9620689655172414,290,0.012658227848101266,158,0.9494107376691402,0.9482348017227858
71656635,0.9591836734693877,294,0.01282051282051282,156,0.9463631606488749,0.9450905231489535
71656635,0.9591836734693877,294,0.03205128205128205,156,0.9271323914181057,0.9241643297066787
71656691,0.9539007092198581,282,0.02631578947368421,152,0.927584919746174,0.9248142418639249
71656697,0.9577464788732394,284,0.02631578947368421,152,0.9314306893995552,0.928877209778821
71657302,0.9236641221374046,262,0.0,172,0.9236641221374046,0.9233716475095786
71657303,0.9236641221374046,262,0.0,174,0.9236641221374046,0.9233716475095786
71659247,0.9707792207792207,308,0.00641025641025641,156,0.9643689643689644,0.9638561142343324
71659268,0.964968152866242,314,0.006329113924050633,158,0.9586390389421914,0.9580414265173705
71659286,0.9612903225806452,310,0.0,154,0.9612903225806452,0.9611650485436893
71659304,0.9605263157894737,304,0.0,148,0.9605263157894737,0.9603960396039605
71659308,0.9605263157894737,304,0.0,150,0.9605263157894737,0.9603960396039605
71661873,0.958041958041958,286,0.0,142,0.958041958041958,0.9578947368421052
71661873,0.958041958041958,286,0.0,142,0.958041958041958,0.9578947368421052
71662037,0.9755244755244755,286,0.0,130,0.9755244755244755,0.9754385964912281
71670706,0.9518072289156626,332,0.0,134,0.9518072289156626,0.9516616314199395
71670707,0.937125748502994,334,0.013157894736842105,152,0.9239678537661519,0.9220321661723553
71675712,0.9627329192546584,322,0.007352941176470588,136,0.9553799780781879,0.9546587653156768
71685304,0.9963503649635036,274,0.0,120,0.9963503649635036,0.9963369963369962
71685304,0.0,274,0.9833333333333333,120,0.9833333333333333,0.9831932773109243
71688913,0.9265734265734266,286,0.0,124,0.9265734265734266,0.9263157894736842
71690866,0.9055944055944056,286,0.0,130,0.9055944055944056,0.9052631578947369
71703618,0.9779874213836478,318,0.0472972972972973,148,0.9306901240863505,0.9282110700606996
71703876,0.9756944444444444,288,0.0,120,0.9756944444444444,0.975609756097561
71707801,0.981203007518797,266,0.0,114,0.981203007518797,0.9811320754716981
71733654,0.9,290,0.0,126,0.9,0.8996539792387543
71736138,0.9781021897810219,274,0.014705882352941176,136,0.9633963074280808,0.9625599686617392
71744759,0.9854014598540146,274,0.017857142857142856,112,0.9675443169968717,0.966805574722634
71744759,0.0,274,0.9285714285714286,112,0.9285714285714286,0.9279279279279279
71753782,0.9873417721518988,316,0.0,114,0.9873417721518988,0.9873015873015873
71753851,0.9888888888888889,270,0.017543859649122806,114,0.9713450292397661,0.9707563193577837
71769325,0.9895833333333334,288,0.0,130,0.9895833333333334,0.9895470383275262
71777362,0.9006849315068494,292,0.0,162,0.9006849315068494,0.9003436426116839
71777964,0.9115853658536586,328,0.0,152,0.9115853658536586,0.9113149847094801
71778050,0.9342105263157895,304,0.0,152,0.9342105263157895,0.933993399339934
71783813,0.9806451612903225,310,0.0189873417721519,158,0.9616578195181706,0.9607362836688703
71783813,0.9806451612903225,310,0.0189873417721519,158,0.9616578195181706,0.9607362836688703
71783915,0.9768211920529801,302,0.006329113924050633,158,0.9704920781289295,0.9700800162261539
71784056,0.9701492537313433,268,0.007042253521126761,142,0.9631070002102166,0.9625227111251115
71786682,0.9241379310344827,290,0.0,148,0.9241379310344827,0.9238754325259515
71788938,0.9502923976608187,342,0.012195121951219513,164,0.9380972757095992,0.9366603061325122
71788959,0.9201183431952663,338,0.0,168,0.9201183431952663,0.9198813056379822
71819587,0.9437869822485208,338,0.0,118,0.9437869822485208,0.9436201780415431
71852613,0.9817518248175182,274,0.0,106,0.9817518248175182,0.9816849816849818
71852613,0.014598540145985401,274,0.9811320754716981,106,0.9665335353257127,0.9657461687652517
71853503,0.9808917197452229,314,0.0,122,0.9808917197452229,0.9808306709265175
71856250,0.9135338345864662,266,0.0,138,0.9135338345864662,0.9132075471698113
71858821,0.9892086330935251,278,0.0,112,0.9892086330935251,0.9891696750902527
71863037,0.9809160305343512,262,0.0,116,0.9809160305343512,0.9808429118773947
71864265,0.9893617021276596,282,0.0,130,0.9893617021276596,0.9893238434163701
71864265,0.0,282,0.9923076923076923,130,0.9923076923076923,0.9922480620155039
71867480,0.9689922480620154,258,0.0,140,0.9689922480620154,0.9688715953307393
71869434,0.9296875,256,0.0,148,0.9296875,0.9294117647058823
71871546,0.9305555555555556,288,0.0,150,0.9305555555555556,0.9303135888501741
71872772,0.9866666666666667,300,0.0,106,0.9866666666666667,0.9866220735785954
71872773,0.9801324503311258,302,0.015873015873015872,126,0.9642594344581099,0.9634325672604553
71883331,0.9402985074626866,268,0.028846153846153848,104,0.9114523536165328,0.9074939135903081
71883333,0.9333333333333333,270,0.006493506493506494,154,0.9268398268398269,0.9256800476002963
71884611,0.9539007092198581,282,0.005952380952380952,168,0.9479483282674772,0.9471975009772697
71888577,0.961038961038961,308,0.0,160,0.961038961038961,0.9609120521172638
71891620,0.9236641221374046,262,0.0234375,128,0.9002266221374046,0.8961642397232797
71892466,0.9714285714285714,280,0.029850746268656716,134,0.9415778251599147,0.9395388566693719
71894582,0.9689655172413794,290,0.06818181818181818,132,0.9007836990595612,0.8959206536810382
71894619,0.9020979020979021,286,0.0,146,0.9020979020979021,0.9017543859649123
71899050,0.9573643410852714,258,0.0,116,0.9573643410852714,0.9571984435797665
71899050,0.03488372093023256,258,1.0,116,0.9651162790697675,0.9649805447470818
71904142,0.013793103448275862,290,0.9905660377358491,106,0.9767729342875732,0.9763734895146514
71923345,0.9328358208955224,268,0.009259259259259259,108,0.9235765616362631,0.9219880185631678
71926306,0.958904109589041,292,0.0,126,0.958904109589041,0.9587628865979381
71926306,0.0,292,1.0,126,1.0,1.0
71928866,1.0,282,0.0,120,1.0,1.0
71928866,0.0,282,0.9666666666666667,120,0.9666666666666667,0.9663865546218487
71973582,0.9651162790697675,258,0.0,118,0.9651162790697675,0.9649805447470818
71978582,0.9551282051282052,312,0.0,116,0.9551282051282052,0.954983922829582
71983375,0.9294478527607362,326,0.007692307692307693,130,0.9217555450684285,0.9203886474047559
71985539,0.927536231884058,276,0.0,130,0.927536231884058,0.9272727272727272
71985551,0.9592592592592593,270,0.0,128,0.9592592592592593,0.9591078066914498
71986696,0.9689922480620154,258,0.0,130,0.9689922480620154,0.9688715953307393
72000784,0.964516129032258,310,0.007352941176470588,136,0.9571631878557875,0.9564695422895335
72035945,0.926056338028169,284,0.0,132,0.926056338028169,0.9257950530035336
72036045,0.9559748427672956,318,0.0,130,0.9559748427672956,0.9558359621451105
72091810,0.9808917197452229,314,0.0,128,0.9808917197452229,0.9808306709265175
72112272,0.9592592592592593,270,0.0,98,0.9592592592592593,0.9591078066914498
72112272,0.025925925925925925,270,1.0,98,0.9740740740740741,0.9739776951672863
72114733,0.9617834394904459,314,0.039473684210526314,152,0.9223097552799195,0.9189042283847021
72115609,0.9728682170542635,258,0.058823529411764705,136,0.9140446876424988,0.9103047446916501
72115628,0.96484375,256,0.046153846153846156,130,0.9186899038461538,0.9149416845731656
72115630,0.9566929133858267,254,0.047619047619047616,126,0.9090738657667792,0.9043913846812995
72115630,0.9566929133858267,254,0.0,126,0.9566929133858267,0.9565217391304348
72115635,0.9651162790697675,258,0.06153846153846154,130,0.903577817531306,0.8986673311482113
72115664,0.9645669291338582,254,0.058823529411764705,136,0.9057433997220935,0.9009947353103592
72115664,0.9645669291338582,254,0.014705882352941176,136,0.9498610467809171,0.9485651035154412
72115666,0.9645669291338582,254,0.057971014492753624,138,0.9065959146411046,0.901920228832497
72122196,0.96,300,0.0,106,0.96,0.959866220735786
72125518,0.9733333333333334,300,0.0,120,0.9733333333333334,0.9732441471571907
72125518,0.0,300,1.0,120,1.0,1.0
72125953,0.9511278195488722,266,0.0,146,0.9511278195488722,0.950943396226415
72129135,0.9970059880239521,334,0.015384615384615385,130,0.9816213726393368,0.9814005136436366
72129204,0.9545454545454546,308,0.0,126,0.9545454545454546,0.9543973941368079
72133532,0.9928057553956835,278,0.0,100,0.9928057553956835,0.9927797833935018
72133532,0.0035971223021582736,278,0.96,100,0.9564028776978417,0.9556962313767848
72142780,0.9607843137254902,306,0.03125,160,0.9295343137254902,0.9267529359561051
72146568,0.9409937888198758,322,0.0,122,0.9409937888198758,0.9408099688473521
72160919,0.9745222929936306,314,0.0,120,0.9745222929936306,0.9744408945686901
72167225,1.0,262,0.0,96,1.0,1.0
72167225,0.0,262,0.9375,96,0.9375,0.9368421052631579
72179532,1.0,272,0.017857142857142856,112,0.9821428571428571,0.9819819819819819
72179532,0.0,272,0.9821428571428571,112,0.9821428571428571,0.9819819819819819
72189032,0.9479166666666666,288,0.0,130,0.9479166666666666,0.9477351916376306
72202751,0.9822695035460993,282,0.0,108,0.9822695035460993,0.9822064056939502
72223512,0.9932885906040269,298,0.0,118,0.9932885906040269,0.9932659932659933
72223512,0.0,298,0.9915254237288136,118,0.9915254237288136,0.9914529914529915
72224315,0.91875,320,0.0,148,0.91875,0.9184952978056425
72224346,0.9245283018867925,318,0.013333333333333334,150,0.9111949685534592,0.9088491091493613
72224393,0.930635838150289,346,0.02857142857142857,140,0.9020644095788605,0.897691179903325
72224393,0.930635838150289,346,0.0,140,0.930635838150289,0.9304347826086957
72228254,0.974025974025974,308,0.0,142,0.974025974025974,0.9739413680781759
72228300,0.9880952380952381,336,0.0,134,0.9880952380952381,0.9880597014925373
72228300,0.011904761904761904,336,0.9477611940298507,134,0.9358564321250888,0.9341795900445082
72228327,0.9822485207100592,338,0.0,140,0.9822485207100592,0.9821958456973294
72228327,0.0,338,0.9714285714285714,140,0.9714285714285714,0.9712230215827338
72231519,0.9611111111111111,360,0.007352941176470588,136,0.9537581699346406,0.9530208688299143
72232104,0.9701986754966887,302,0.0,130,0.9701986754966887,0.9700996677740864
72232927,0.976027397260274,292,0.0,134,0.976027397260274,0.9759450171821307
72232927,0.976027397260274,292,0.007462686567164179,134,0.9685647106931098,0.9680665806653714
72239749,0.9131944444444444,288,0.013157894736842105,152,0.9000365497076023,0.8973565722627752
72240016,0.95578231292517,294,0.014492753623188406,138,0.9412895593019817,0.9397459958562129
72240020,0.95578231292517,294,0.014285714285714285,140,0.9414965986394558,0.9399744733783656
72240806,0.9817518248175182,274,0.04225352112676056,142,0.9394983036907576,0.9375840061928046
72240806,0.9817518248175182,274,0.007042253521126761,142,0.9747095712963915,0.9743344474720022
72240812,0.916058394160584,274,0.00684931506849315,146,0.9092090790920908,0.9076997105444575
72241320,0.9328859060402684,298,0.0,156,0.9328859060402684,0.9326599326599326
72241553,0.9738805970149254,268,0.0,128,0.9738805970149254,0.9737827715355806
72241559,0.9736842105263158,266,0.05555555555555555,144,0.9181286549707602,0.9147106143332557
72241682,0.9337748344370861,302,0.014084507042253521,142,0.9196903273948326,0.9174988054385955
72241682,0.9337748344370861,302,0.02112676056338028,142,0.9126480738737058,0.9094737420861946
72242480,0.9676258992805755,278,0.05384615384615385,130,0.9137797454344216,0.9097527071380208
72242672,1.0,258,0.02586206896551724,116,0.9741379310344828,0.9739130434782609
72242672,0.0,258,0.9396551724137931,116,0.9396551724137931,0.9391304347826087
72244250,0.9848484848484849,264,0.0,112,0.9848484848484849,0.9847908745247148
72244361,0.9153846153846154,260,0.0,136,0.9153846153846154,0.915057915057915
72244544,0.9356060606060606,264,0.019736842105263157,152,0.9158692185007974,0.9129454492629757
72244788,0.9635036496350365,274,0.03225806451612903,124,0.9312455851189075,0.9284871005105988
72245046,0.9321428571428572,280,0.029411764705882353,136,0.9027310924369748,0.8982738231669442
72245097,0.9930555555555556,288,0.0,104,0.9930555555555556,0.9930313588850175
72245097,0.006944444444444444,288,1.0,104,0.9930555555555556,0.9930313588850175
72245207,0.9742647058823529,272,0.0,120,0.9742647058823529,0.974169741697417
72245650,0.9727891156462585,294,0.0,108,0.9727891156462585,0.9726962457337883
72245650,0.006802721088435374,294,1.0,108,0.9931972789115646,0.9931740614334471
72249171,0.9571428571428572,280,0.04861111111111111,144,0.908531746031746,0.9038686628939083
72249214,0.9554140127388535,314,0.007352941176470588,136,0.948061071562383,0.9472054073210365
72249333,0.9699248120300752,266,0.018518518518518517,162,0.9514062935115567,0.9500596161804419
72250249,0.9872611464968153,314,0.0,126,0.9872611464968153,0.9872204472843451
72250374,0.9696132596685083,362,0.05333333333333334,150,0.916279926335175,0.9125928312130243
72251465,0.9941860465116279,344,0.0,136,0.9941860465116279,0.9941690962099125
72251465,0.0,344,0.9852941176470589,136,0.9852941176470589,0.9851851851851853
72251505,0.9251497005988024,334,0.011764705882352941,170,0.9133849947164495,0.911324794446484
72252806,0.9565217391304348,276,0.00684931506849315,146,0.9496724240619416,0.9488686931996239
72252806,0.9565217391304348,276,0.0136986301369863,146,0.9428231089934485,0.9413745240944196
72253208,0.9692307692307692,260,0.0,128,0.9692307692307692,0.9691119691119691
72253208,0.007692307692307693,260,0.9296875,128,0.9219951923076923,0.9203251950452984
72255597,0.9233128834355828,326,0.0,156,0.9233128834355828,0.9230769230769231
72257868,0.9691358024691358,324,0.0,130,0.9691358024691358,0.9690402476780187
72281665,0.9532374100719424,278,0.01639344262295082,122,0.9368439674489916,0.9349997681942359
72372933,0.9712230215827338,278,0.0,98,0.9712230215827338,0.9711191335740071
72411672,0.9123376623376623,308,0.0,112,0.9123376623376623,0.9120521172638436
72413381,0.9096774193548387,310,0.0,132,0.9096774193548387,0.9093851132686084
72413381,0.0,310,0.9393939393939394,132,0.9393939393939394,0.9389312977099237
72413667,0.9766666666666667,300,0.0,122,0.9766666666666667,0.9765886287625418
72413667,0.0,300,0.9262295081967213,122,0.9262295081967213,0.9256198347107438
72414658,0.9921259842519685,254,0.017543859649122806,114,0.9745821246028457,0.9741177823789141
72414658,0.007874015748031496,254,0.9824561403508771,114,0.9745821246028457,0.9741177823789141
72432234,0.9689922480620154,258,0.0,114,0.9689922480620154,0.9688715953307393
72432345,0.934375,320,0.0,134,0.934375,0.9341692789968652
72452782,0.9897260273972602,292,0.009615384615384616,104,0.9801106427818757,0.9797831484681527
72453291,0.9618055555555556,288,0.009433962264150943,106,0.9523715932914046,0.951423810066688
72455377,0.9735099337748344,302,0.018518518518518517,108,0.9549914152563159,0.9537439988155515
72476503,0.9877300613496932,326,0.0,108,0.9877300613496932,0.9876923076923076
72476503,0.003067484662576687,326,0.9814814814814815,108,0.9784139968189048,0.9781171908145806
72483772,0.9094202898550725,276,0.0,104,0.9094202898550725,0.9090909090909092
72486952,0.9788732394366197,284,0.0,114,0.9788732394366197,0.9787985865724382
72486952,0.9788732394366197,284,0.0,114,0.9788732394366197,0.9787985865724382
72486952,0.0,284,1.0,114,1.0,1.0
72486952,0.0,284,1.0,114,1.0,1.0
72498251,1.0,318,0.01818181818181818,110,0.9818181818181818,0.981651376146789
72498251,0.0,318,0.9818181818181818,110,0.9818181818181818,0.981651376146789
72506627,0.9963768115942029,276,0.017857142857142856,112,0.97851966873706,0.9782154228802383
72506627,0.0,276,0.9732142857142857,112,0.9732142857142857,0.9729729729729729
72515420,0.048701298701298704,308,0.9636363636363636,110,0.9149350649350649,0.9108924916946783
72515420,0.0,308,0.9636363636363636,110,0.9636363636363636,0.9633027522935781
72516600,0.9596273291925466,322,0.0,134,0.9596273291925466,0.9595015576323987
72516600,0.003105590062111801,322,0.9776119402985075,134,0.9745063502363958,0.9741885745895629
72531079,1.0,304,0.01639344262295082,122,0.9836065573770492,0.9834710743801653
72531079,0.0,304,0.9836065573770492,122,0.9836065573770492,0.9834710743801653
72535342,1.0,288,0.0,124,1.0,1.0
72535342,0.0,288,0.9435483870967742,124,0.9435483870967742,0.943089430894309
72535476,0.9651162790697675,344,0.054878048780487805,164,0.9102382302892796,0.9059700710298888
72536393,0.954225352112676,284,0.0,132,0.954225352112676,0.9540636042402826
72537448,0.9585798816568047,338,0.013888888888888888,144,0.9446909927679159,0.9433160096168506
72537448,0.9585798816568047,338,0.0,144,0.9585798816568047,0.9584569732937684
72537674,0.959731543624161,298,0.0,132,0.959731543624161,0.9595959595959596
72537685,0.9225806451612903,310,0.0,136,0.9225806451612903,0.9223300970873788
72544031,0.9831081081081081,296,0.0,106,0.9831081081081081,0.983050847457627
72544793,0.9703703703703703,270,0.0,104,0.9703703703703703,0.9702602230483272
72551102,0.9890510948905109,274,0.0,108,0.9890510948905109,0.9890109890109889
72551585,0.9831081081081081,296,0.04310344827586207,116,0.940004659832246,0.9381099631148061
72552020,0.9367088607594937,316,0.0,126,0.9367088607594937,0.9365079365079365
72563916,0.9790209790209791,286,0.0,112,0.9790209790209791,0.9789473684210527
72588905,0.9184397163120568,282,0.0,106,0.9184397163120568,0.9181494661921709
72599049,0.9448818897637795,254,0.00847457627118644,118,0.9364073134925931,0.9351778093363021
72611663,0.9343065693430657,274,0.0,140,0.9343065693430657,0.9340659340659341
72611663,0.9343065693430657,274,0.007142857142857143,140,0.9271637122002085,0.9259289668255456
72611663,0.0072992700729927005,274,0.9785714285714285,140,0.9712721584984358,0.9707768440878759
72611663,0.0,274,0.9785714285714285,140,0.9785714285714285,0.9784172661870503
72612555,0.95,340,0.01948051948051948,154,0.9305194805194805,0.9282913475987679
72612556,0.95,340,0.01948051948051948,154,0.9305194805194805,0.9282913475987679
72613371,0.904320987654321,324,0.0,140,0.904320987654321,0.9040247678018576
72613722,0.9675324675324676,308,0.0,110,0.9675324675324676,0.9674267100977199
72617053,0.9911242603550295,338,0.0,116,0.9911242603550295,0.9910979228486647
72617053,0.005917159763313609,338,0.9913793103448276,116,0.985462150581514,0.9852670262227552
72626143,0.9528301886792453,318,0.0,106,0.9528301886792453,0.9526813880126184
72645999,0.9111111111111111,270,0.006578947368421052,152,0.9045321637426901,0.9029838789526269
72646076,0.9029850746268657,268,0.0,166,0.9029850746268657,0.9026217228464419
72646708,0.9635036496350365,274,0.013888888888888888,144,0.9496147607461477,0.9483658071692624
72646708,0.9635036496350365,274,0.013888888888888888,144,0.9496147607461477,0.9483658071692624
72646828,0.9620689655172414,290,0.023809523809523808,126,0.9382594417077176,0.936124555385987
72647473,0.9475524475524476,286,0.006666666666666667,150,0.9408857808857809,0.9399546050351407
72653254,0.960431654676259,278,0.0,128,0.960431654676259,0.9602888086642599
72656982,0.9029850746268657,268,0.0,136,0.9029850746268657,0.9026217228464419
72661381,0.9797297297297297,296,0.0,110,0.9797297297297297,0.9796610169491526
72661534,0.9694656488549618,262,0.0,164,0.9694656488549618,0.9693486590038314
72664907,0.9763779527559056,254,0.012987012987012988,154,0.9633909397688926,0.9625962960380589
72665266,0.930921052631579,304,0.0,160,0.930921052631579,0.9306930693069306
72666130,0.9832214765100671,298,0.0,102,0.9832214765100671,0.9831649831649831
72671680,0.9846153846153847,260,0.035211267605633804,142,0.9494041170097509,0.9480069127779343
72674078,0.9624060150375939,266,0.02666666666666667,150,0.9357393483709273,0.9334072646733581
72674340,0.91015625,256,0.0,126,0.91015625,0.9098039215686274
72681533,0.967741935483871,310,0.0,118,0.967741935483871,0.9676375404530745
72682170,0.9744525547445255,274,0.009433962264150943,106,0.9650185924803746,0.9643501780296587
72684329,0.9166666666666666,288,0.00819672131147541,122,0.9084699453551912,0.9067394921053455
72687939,0.9883720930232558,258,0.0,104,0.9883720930232558,0.9883268482490272
72688972,0.9387755102040817,294,0.0,118,0.9387755102040817,0.938566552901024
72690867,0.948051948051948,308,0.0,126,0.948051948051948,0.9478827361563518
72696310,0.9934640522875817,306,0.0,106,0.9934640522875817,0.9934426229508198
72705627,0.9901315789473685,304,0.017543859649122806,114,0.9725877192982457,0.9720516625160457
72705627,0.9901315789473685,304,0.0,114,0.9901315789473685,0.9900990099009902
72705627,0.0,304,0.9824561403508771,114,0.9824561403508771,0.9823008849557521
72705627,0.006578947368421052,304,0.9824561403508771,114,0.9758771929824561,0.9754680444076201
72749046,0.9343065693430657,274,0.014285714285714285,140,0.9200208550573514,0.9177939577809706
72749046,0.9343065693430657,274,0.0,140,0.9343065693430657,0.9340659340659341
72749048,0.9452554744525548,274,0.0,146,0.9452554744525548,0.9450549450549451
72749329,0.9703947368421053,304,0.0,130,0.9703947368421053,0.9702970297029703
72749736,0.9224806201550387,258,0.0,138,0.9224806201550387,0.9221789883268482
72750013,0.9566666666666667,300,0.027777777777777776,144,0.9288888888888889,0.9261360424527101
72750014,0.95,300,0.0,140,0.95,0.9498327759197324
72750083,0.934931506849315,292,0.0,142,0.934931506849315,0.9347079037800686
72750158,0.9347826086956522,276,0.0,136,0.9347826086956522,0.9345454545454546
72751624,0.9393939393939394,330,0.0,132,0.9393939393939394,0.939209726443769
72751747,0.9142857142857143,280,0.013513513513513514,148,0.9007722007722008,0.8980500942740113
72752124,0.9580645161290322,310,0.006578947368421052,152,0.9514855687606112,0.9507520700864394
72752124,0.9580645161290322,310,0.0,152,0.9580645161290322,0.9579288025889967
72753348,0.9448051948051948,308,0.006578947368421052,152,0.9382262474367737,0.9372735567990352
72753348,0.9448051948051948,308,0.0,152,0.9448051948051948,0.9446254071661238
72753352,0.9673202614379085,306,0.02631578947368421,114,0.9410044719642243,0.9389371505161138
72753424,0.9492753623188406,276,0.03125,128,0.9180253623188406,0.9144171419441435
72753583,0.9481481481481482,270,0.0,150,0.9481481481481482,0.9479553903345725
72754554,0.9161676646706587,334,0.0,152,0.9161676646706587,0.9159159159159159
72754554,0.9161676646706587,334,0.0,152,0.9161676646706587,0.9159159159159159
72754676,0.9333333333333333,330,0.0,140,0.9333333333333333,0.9331306990881459
72754817,0.9382716049382716,324,0.0,160,0.9382716049382716,0.9380804953560371
72755055,0.9367816091954023,348,0.007142857142857143,140,0.9296387520525452,0.9284982727749359
72755100,0.9585987261146497,314,0.006024096385542169,166,0.9525746297291076,0.9519049644567243
72762328,0.925,320,0.006493506493506494,154,0.9185064935064936,0.9172511202026105
72762857,0.9805194805194806,308,0.0,122,0.9805194805194806,0.980456026058632
72763167,0.9328859060402684,298,0.0,126,0.9328859060402684,0.9326599326599326
72765101,0.9670658682634731,334,0.0,122,0.9670658682634731,0.9669669669669669
72767420,1.0,256,0.0,102,1.0,1.0
72767420,0.0,256,0.9215686274509803,102,0.9215686274509803,0.9207920792079207
72772124,0.9155844155844156,308,0.0,140,0.9155844155844156,0.9153094462540716
72772136,0.9415584415584416,308,0.0,144,0.9415584415584416,0.9413680781758959
72772775,0.9623287671232876,292,0.0,100,0.9623287671232876,0.9621993127147767
72772847,0.9198717948717948,312,0.0,154,0.9198717948717948,0.9196141479099678
72773156,0.9124087591240876,274,0.0,130,0.9124087591240876,0.9120879120879122
72773847,0.9155405405405406,296,0.0,166,0.9155405405405406,0.9152542372881357
72774565,0.9538043478260869,368,0.0,160,0.9538043478260869,0.9536784741144414
72774697,0.9542857142857143,350,0.0,168,0.9542857142857143,0.9541547277936963
72774830,0.9463276836158192,354,0.0,170,0.9463276836158192,0.9461756373937678
72774884,0.930635838150289,346,0.0,168,0.930635838150289,0.9304347826086957
72774885,0.9252873563218391,348,0.0,172,0.9252873563218391,0.9250720461095101
72774894,0.9124293785310734,354,0.0,174,0.9124293785310734,0.9121813031161473
72781199,0.9683544303797469,316,0.0,118,0.9683544303797469,0.9682539682539683
72783360,0.9813432835820896,268,0.017241379310344827,116,0.9641019042717447,0.9632351963237528
72784159,0.9831081081081081,296,0.0,104,0.9831081081081081,0.983050847457627
72784252,0.9731543624161074,298,0.0,116,0.9731543624161074,0.9730639730639731
72784725,0.9738805970149254,268,0.0,122,0.9738805970149254,0.9737827715355806
72786120,0.9703947368421053,304,0.0,108,0.9703947368421053,0.9702970297029703
72786276,0.9545454545454546,286,0.0125,160,0.9420454545454546,0.9406667384533167
72787562,0.9194630872483222,298,0.00641025641025641,156,0.9130528308380658,0.9117037556817289
72788056,0.9347826086956522,276,0.019230769230769232,104,0.9155518394648829,0.912609398135421
72788852,0.9239130434782609,276,0.007936507936507936,126,0.915976535541753,0.9144230111498735
72788857,0.9100719424460432,278,0.0,126,0.9100719424460432,0.9097472924187726
72788890,0.9,260,0.0,120,0.9,0.8996138996138996
72809023,0.9871794871794872,312,0.0,96,0.9871794871794872,0.9871382636655949
72809023,0.00641025641025641,312,1.0,96,0.9935897435897436,0.9935691318327975
72810469,0.9852941176470589,272,0.06363636363636363,110,0.9216577540106953,0.9191400618181105
72811862,0.9863945578231292,294,0.0,116,0.9863945578231292,0.9863481228668942
72812677,0.9933333333333333,300,0.0,122,0.9933333333333333,0.9933110367892976
72812677,0.006666666666666667,300,0.9836065573770492,122,0.9769398907103825,0.976562317727258
72813365,0.917910447761194,268,0.0,148,0.917910447761194,0.9176029962546817
72813408,0.9122137404580153,262,0.0,154,0.9122137404580153,0.9118773946360152
72814334,0.9701492537313433,268,0.0,118,0.9701492537313433,0.9700374531835206
72822226,0.0,396,0.956140350877193,114,0.956140350877193,0.9557522123893806
72822950,0.9925373134328358,268,0.0,120,0.9925373134328358,0.9925093632958801
72831925,0.006944444444444444,288,0.9152542372881356,118,0.9083097928436912,0.9063789556487004
72842175,0.9734848484848485,264,0.07246376811594203,138,0.9010210803689065,0.896543974996906
72845056,0.9172185430463576,302,0.0,136,0.9172185430463576,0.9169435215946844
72846827,1.0,282,0.009433962264150943,106,0.9905660377358491,0.9904761904761905
72846827,0.0,282,0.9433962264150944,106,0.9433962264150944,0.9428571428571428
72847107,0.9630872483221476,298,0.0,154,0.9630872483221476,0.962962962962963
72847180,0.9758620689655172,290,0.00641025641025641,156,0.9694518125552608,0.9690160302761857
72847576,0.9217687074829932,294,0.00625,160,0.9155187074829932,0.9142307012705061
72847576,0.9217687074829932,294,0.0,160,0.9217687074829932,0.9215017064846416
72855929,0.9890510948905109,274,0.0,104,0.9890510948905109,0.9890109890109889
72866828,1.0,284,0.0,112,1.0,1.0
72866828,0.0,284,0.9821428571428571,112,0.9821428571428571,0.9819819819819819
72873427,0.9939024390243902,328,0.016129032258064516,124,0.9777734067663257,0.9774258784975679
72873427,0.0,328,0.9838709677419355,124,0.9838709677419355,0.983739837398374
72880397,0.9607142857142857,280,0.0,132,0.9607142857142857,0.960573476702509
72882943,0.9763513513513513,296,0.0,98,0.9763513513513513,0.976271186440678
72887758,0.9930555555555556,288,0.0,100,0.9930555555555556,0.9930313588850175
72889818,0.9797297297297297,296,0.0,112,0.9797297297297297,0.9796610169491526
72890185,0.94921875,256,0.0,102,0.94921875,0.9490196078431373
72899910,0.9479166666666666,288,0.03164556962025317,158,0.9162710970464134,0.912587172693498
72900195,0.9007633587786259,262,0.0,134,0.9007633587786259,0.900383141762452
72900610,0.9496124031007752,258,0.030303030303030304,132,0.9193093727977449,0.9158206450211683
72900918,0.9210526315789473,266,0.0,166,0.9210526315789473,0.920754716981132
72901116,0.92578125,256,0.02,150,0.90578125,0.9023809375120486
72905866,0.9267515923566879,314,0.0,136,0.9267515923566879,0.9265175718849841
72906087,0.9810126582278481,316,0.07692307692307693,130,0.9040895813047711,0.9005057989441766
72906087,0.9810126582278481,316,0.0,130,0.9810126582278481,0.980952380952381
72906157,0.9720496894409938,322,0.0,150,0.9720496894409938,0.9719626168224298
72907664,0.967948717948718,312,0.06428571428571428,140,0.9036630036630037,0.8989742252659322
72915916,0.9448275862068966,290,0.012987012987012988,154,0.9318405732198836,0.930126682414338
72915948,0.9810606060606061,264,0.02564102564102564,156,0.9554195804195804,0.9542069114336381
72915979,0.9601449275362319,276,0.02666666666666667,150,0.9334782608695653,0.93102256900706
72916083,0.9654088050314465,318,0.0273972602739726,146,0.938011544757474,0.93581235853951
72916085,0.959375,320,0.02666666666666667,150,0.9327083333333334,0.9302296662667795
72916121,0.9528301886792453,318,0.045454545454545456,154,0.9073756432246999,0.9026410662789917
72916121,0.9528301886792453,318,0.0,154,0.9528301886792453,0.9526813880126184
72923365,0.948905109489051,274,0.038461538461538464,156,0.9104435710275126,0.9060749221692895
72924045,0.9668874172185431,302,0.04,150,0.9268874172185431,0.9238542763243656
72924779,0.9354838709677419,372,0.0,134,0.9354838709677419,0.935309973045822
72942098,0.9864864864864865,296,0.0,130,0.9864864864864865,0.9864406779661017
72944260,0.9928057553956835,278,0.038461538461538464,104,0.9543442169341451,0.9533881212707056
72944453,0.9572368421052632,304,0.0,124,0.9572368421052632,0.957095709570957
72950501,0.9633333333333334,300,0.014925373134328358,134,0.948407960199005,0.9470738521629123
72951460,0.9903225806451613,310,0.0,114,0.9903225806451613,0.9902912621359224
72956753,0.9409722222222222,288,0.0,112,0.9409722222222222,0.9407665505226481
72961850,0.9859154929577465,284,0.0,112,0.9859154929577465,0.9858657243816255
72961850,0.007042253521126761,284,0.9375,112,0.9304577464788732,0.9289849776834355
72969068,0.9746376811594203,276,0.0,140,0.9746376811594203,0.9745454545454545
72969132,0.9621212121212122,264,0.031746031746031744,126,0.9303751803751804,0.9275641959108687
72979775,0.9767441860465116,258,0.0,102,0.9767441860465116,0.9766536964980544
72987780,0.9738562091503268,306,0.07258064516129033,124,0.9012755639890364,0.8967995214120978
72987788,0.9868421052631579,304,0.045454545454545456,132,0.9413875598086124,0.9397960565615208
72998801,0.9735099337748344,302,0.028985507246376812,138,0.9445244265284576,0.9426835490856542
72999035,0.9565217391304348,276,0.023076923076923078,130,0.9334448160535117,0.9310939461715625
73001719,0.9064516129032258,310,0.0,136,0.9064516129032258,0.9061488673139159
73001868,0.9924812030075187,266,0.0,110,0.9924812030075187,0.9924528301886791
73013171,1.0,294,0.02,100,0.98,0.9797979797979798
73013171,0.0,294,0.98,100,0.98,0.9797979797979798
73013584,0.9166666666666666,312,0.0,134,0.9166666666666666,0.9163987138263665
73020937,0.9869281045751634,306,0.0,106,0.9869281045751634,0.9868852459016394
73020937,0.006535947712418301,306,1.0,106,0.9934640522875817,0.9934426229508198
73021498,0.9970760233918129,342,0.0,134,0.9970760233918129,0.9970674486803519
73021498,0.0,342,0.9029850746268657,134,0.9029850746268657,0.9022556390977443
73022987,0.95578231292517,294,0.0,98,0.95578231292517,0.9556313993174061
73025695,0.9395973154362416,298,0.00684931506849315,146,0.9327480003677484,0.9316663607864553
73029150,0.9489795918367347,294,0.0,146,0.9489795918367347,0.9488054607508533
73029393,0.9703703703703703,270,0.0,148,0.9703703703703703,0.9702602230483272
73039857,0.9647435897435898,312,0.0,128,0.9647435897435898,0.9646302250803858
73040008,0.9895104895104895,286,0.015625,128,0.9738854895104895,0.9733961045830523
73040008,0.0,286,0.9375,128,0.9375,0.937007874015748
73049593,0.9707602339181286,342,0.0,126,0.9707602339181286,0.970674486803519
73051144,0.925531914893617,282,0.0,108,0.925531914893617,0.9252669039145908
73051144,0.03900709219858156,282,0.9907407407407407,108,0.9517336485421591,0.9507817698590451
73052726,0.967741935483871,310,0.012987012987012988,154,0.954754922496858,0.953724389664922
73066267,0.95,280,0.04794520547945205,146,0.9020547945205479,0.8967507442718234
73066267,0.95,280,0.0136986301369863,146,0.9363013698630136,0.9346525673675958
73066333,0.9577464788732394,284,0.04411764705882353,136,0.9136288318144159,0.909419331115556
73066496,0.9903846153846154,312,0.0,116,0.9903846153846154,0.9903536977491961
73066496,0.003205128205128205,312,0.9655172413793104,116,0.9623121131741822,0.9617796682092988
73068046,0.9586206896551724,290,0.05,140,0.9086206896551724,0.9039767536283335
73068444,0.9967532467532467,308,0.0,120,0.9967532467532467,0.996742671009772
73068444,0.003246753246753247,308,0.9916666666666667,120,0.9884199134199134,0.988284885312312
73072282,0.9816176470588235,272,0.0,132,0.9816176470588235,0.9815498154981549
73072282,0.9816176470588235,272,0.0,132,0.9816176470588235,0.9815498154981549
73077794,0.9746376811594203,276,0.0,118,0.9746376811594203,0.9745454545454545
73083910,0.9102564102564102,312,0.0,152,0.9102564102564102,0.9099678456591639
73095689,0.9738805970149254,268,0.06666666666666667,120,0.9072139303482587,0.9030658990560368
73096433,0.9448818897637795,254,0.0,126,0.9448818897637795,0.9446640316205533
73096487,0.9485294117647058,272,0.0,138,0.9485294117647058,0.9483394833948339
73096490,0.9558823529411765,272,0.050724637681159424,138,0.9051577152600171,0.9001465725600689
73096534,0.9645390070921985,282,0.06428571428571428,140,0.9002532928064843,0.8951041878981381
73096534,0.9645390070921985,282,0.0,140,0.9645390070921985,0.9644128113879002
73096631,0.9738805970149254,268,0.05384615384615385,130,0.9200344431687715,0.9166989690269886
73096751,0.9703703703703703,270,0.0,126,0.9703703703703703,0.9702602230483272
73096873,0.9668874172185431,302,0.05405405405405406,148,0.912833363164489,0.9087719753599115
73097214,0.9937106918238994,318,0.015873015873015872,126,0.9778376759508836,0.9774901233204396
73097214,0.0,318,0.9285714285714286,126,0.9285714285714286,0.928
73097371,0.9472049689440993,322,0.04054054054054054,148,0.9066644284035588,0.9019423750438302
73098028,0.9769736842105263,304,0.0273972602739726,146,0.9495764239365537,0.9480450273553866
73098681,0.9615384615384616,260,0.0,106,0.9615384615384616,0.9613899613899614
73098734,0.9618055555555556,288,0.0,142,0.9618055555555556,0.9616724738675959
73099283,0.9724409448818898,254,0.0375,160,0.9349409448818898,0.9325232613740553
73099498,0.9748201438848921,278,0.045454545454545456,154,0.9293655984303467,0.9266826431829619
73100729,0.9430379746835443,316,0.03787878787878788,132,0.9051591868047565,0.900370962838405
73100758,0.9455128205128205,312,0.028985507246376812,138,0.9165273132664437,0.9129759836586531
73100759,0.9455128205128205,312,0.028985507246376812,138,0.9165273132664437,0.9129759836586531
73101296,0.9738562091503268,306,0.05194805194805195,154,0.9219081572022748,0.9187614846652913
73102243,0.9924242424242424,264,0.0,98,0.9924242424242424,0.9923954372623573
73102243,0.007575757575757576,264,0.9693877551020408,98,0.9618119975262832,0.9610007689610983
73104321,0.9966666666666667,300,0.0,120,0.9966666666666667,0.9966555183946488
73104321,0.0,300,0.9833333333333333,120,0.9833333333333333,0.9831932773109243
73106128,0.996268656716418,268,0.0,104,0.996268656716418,0.9962546816479401
73106128,0.996268656716418,268,0.0,104,0.996268656716418,0.9962546816479401
73106128,0.0,268,0.9807692307692307,104,0.9807692307692307,0.9805825242718447
73106128,0.0037313432835820895,268,0.9807692307692307,104,0.9770378874856487,0.9766927553052999
73109410,0.958904109589041,292,0.0,128,0.958904109589041,0.9587628865979381
73112466,0.9483870967741935,310,0.006756756756756757,148,0.9416303400174367,0.9407168306497359
73116437,0.9630681818181818,352,0.0,146,0.9630681818181818,0.9629629629629628
73126569,1.0,296,0.0,98,1.0,1.0
73126569,0.0,296,1.0,98,1.0,1.0
73126576,0.9459459459459459,296,0.0,98,0.9459459459459459,0.9457627118644067
73126576,0.05405405405405406,296,0.9897959183673469,98,0.9357418643132929,0.9343438627303252
73126705,0.9910179640718563,334,0.0,118,0.9910179640718563,0.990990990990991
73127885,0.9143835616438356,292,0.0,108,0.9143835616438356,0.9140893470790378
73127885,0.0,292,0.9814814814814815,108,0.9814814814814815,0.9813084112149534
73129672,1.0,302,0.0,114,1.0,1.0
73129672,0.0,302,1.0,114,1.0,1.0
73132130,1.0,284,0.0,108,1.0,1.0
73132130,0.0,284,1.0,108,1.0,1.0
73134968,0.9934640522875817,306,0.0,122,0.9934640522875817,0.9934426229508198
73135528,0.96875,288,0.007575757575757576,132,0.9611742424242424,0.9605316205092839
73136210,0.9652777777777778,288,0.0,112,0.9652777777777778,0.9651567944250871
73138458,0.9566666666666667,300,0.0,146,0.9566666666666667,0.9565217391304347
73150710,0.9225352112676056,284,0.0,126,0.9225352112676056,0.9222614840989399
73167231,0.0,272,1.0,108,1.0,1.0
73168841,0.007874015748031496,254,0.9479166666666666,96,0.9400426509186351,0.9386379817579616
73171759,0.9962406015037594,266,0.0,104,0.9962406015037594,0.9962264150943396
73171759,0.0037593984962406013,266,0.9615384615384616,104,0.9577790630422209,0.9571004486591508
73175462,0.9066666666666666,300,0.0,130,0.9066666666666666,0.9063545150501672
73179768,0.9407407407407408,270,0.0,116,0.9407407407407408,0.9405204460966543
73180712,0.9935064935064936,308,0.0,116,0.9935064935064936,0.9934853420195441
73180712,0.0,308,0.9741379310344828,116,0.9741379310344828,0.9739130434782609
73182879,0.9874213836477987,318,0.017241379310344827,116,0.9701800043374539,0.9695542844926556
73182879,0.0,318,0.9396551724137931,116,0.9396551724137931,0.9391304347826087
73183623,0.9791666666666666,288,0.0,104,0.9791666666666666,0.9790940766550523
73183623,0.0,288,0.9230769230769231,104,0.9230769230769231,0.9223300970873787
73222023,0.9772727272727273,264,0.0,102,0.9772727272727273,0.9771863117870723
73225043,0.9894366197183099,284,0.030612244897959183,98,0.9588243748203507,0.9578207290602597
73241220,0.9620689655172414,290,0.009615384615384616,104,0.9524535809018568,0.9514952266274701
73254920,1.0,290,0.04032258064516129,124,0.9596774193548387,0.9593495934959351
73254920,0.0,290,0.9596774193548387,124,0.9596774193548387,0.9593495934959351
73255539,0.0,316,0.9017857142857143,112,0.9017857142857143,0.9009009009009009
73256769,0.9486301369863014,292,0.0,144,0.9486301369863014,0.9484536082474228
73269784,0.9415584415584416,308,0.006666666666666667,150,0.9348917748917749,0.9338741417750409
73270042,1.0,352,0.008771929824561403,114,0.9912280701754386,0.9911504424778761
73271298,0.9785276073619632,326,0.0,126,0.9785276073619632,0.9784615384615385
73271298,0.02147239263803681,326,1.0,126,0.9785276073619632,0.9784615384615385
73274002,0.9850746268656716,268,0.07142857142857142,140,0.9136460554371002,0.910937640124784
73280055,0.9866666666666667,300,0.0,152,0.9866666666666667,0.9866220735785954
73281929,0.9552238805970149,268,0.007352941176470588,136,0.9478709394205443,0.9469870402364972
73283785,0.9295774647887324,284,0.02142857142857143,140,0.9081488933601609,0.9047213442235325
73285730,0.91796875,256,0.0,106,0.91796875,0.9176470588235295
73285786,0.917910447761194,268,0.0,148,0.917910447761194,0.9176029962546817
73285820,0.9321428571428572,280,0.0,154,0.9321428571428572,0.931899641577061
73287290,0.9618320610687023,262,0.0,112,0.9618320610687023,0.9616858237547893
73288303,0.9891304347826086,276,0.0472972972972973,148,0.9418331374853114,0.9404394826236234
73288303,0.9891304347826086,276,0.0,148,0.9891304347826086,0.989090909090909
73289980,0.9078947368421053,304,0.0,156,0.9078947368421053,0.9075907590759076
73292148,0.9892857142857143,280,0.0,124,0.9892857142857143,0.9892473118279571
73292192,1.0,308,0.0,118,1.0,1.0
73292192,0.0,308,0.9661016949152542,118,0.9661016949152542,0.9658119658119658
73295351,0.9751552795031055,322,0.04216867469879518,166,0.9329866048043104,0.9305534620047471
73297443,0.9655172413793104,290,0.0,110,0.9655172413793104,0.9653979238754327
73303877,0.9461538461538461,260,0.04054054054054054,148,0.9056133056133056,0.900761401202016
73306978,1.0,300,0.00819672131147541,122,0.9918032786885246,0.9917355371900827
73306978,0.0,300,0.9672131147540983,122,0.9672131147540983,0.9669421487603306
73307551,0.9548872180451128,266,0.0,130,0.9548872180451128,0.9547169811320754
73307601,0.9420289855072463,276,0.02666666666666667,150,0.9153623188405797,0.9118750599313211
73333546,0.9300699300699301,286,0.022388059701492536,134,0.9076818703684376,0.9041302046154177
73334405,0.9862068965517241,290,0.026785714285714284,112,0.9594211822660098,0.9583892193518507
73334413,0.9429530201342282,298,0.032467532467532464,154,0.9104854876666958,0.9063734396101217
73334515,0.9788732394366197,284,0.039473684210526314,152,0.9393995552260934,0.9373901367483397
73334515,0.9788732394366197,284,0.0,152,0.9788732394366197,0.9787985865724382
73346197,0.9695945945945946,296,0.0,112,0.9695945945945946,0.969491525423729
73346197,0.9695945945945946,296,0.0,112,0.9695945945945946,0.969491525423729
73356133,0.9779411764705882,272,0.030864197530864196,162,0.947076978939724,0.9454374616962953
73357009,0.935251798561151,278,0.0,126,0.935251798561151,0.9350180505415162
73364953,0.9851851851851852,270,0.0,108,0.9851851851851852,0.9851301115241635
73365765,0.9647435897435898,312,0.0,154,0.9647435897435898,0.9646302250803858
73365766,0.9647435897435898,312,0.0,154,0.9647435897435898,0.9646302250803858
73366705,0.9331210191082803,314,0.012048192771084338,166,0.9210728263371959,0.9191698270977652
73366724,0.9512195121951219,328,0.0,166,0.9512195121951219,0.9510703363914373
73366775,0.9573170731707317,328,0.012195121951219513,164,0.9451219512195121,0.9438718725899692
73367134,0.990625,320,0.0,120,0.990625,0.9905956112852665
73367155,0.9298780487804879,328,0.00641025641025641,156,0.9234677923702315,0.9223094950190883
73367251,0.935374149659864,294,0.0,142,0.935374149659864,0.9351535836177475
73367370,0.9697986577181208,298,0.017543859649122806,114,0.9522547980689979,0.9509328320854551
73367421,0.9407894736842105,304,0.0,154,0.9407894736842105,0.9405940594059405
73367933,0.95625,320,0.0,164,0.95625,0.9561128526645769
73368146,0.9705882352941176,272,0.0,112,0.9705882352941176,0.9704797047970479
73370839,0.9468085106382979,282,0.007142857142857143,140,0.9396656534954407,0.9386615582449788
73370876,0.9407407407407408,270,0.007352941176470588,136,0.9333877995642702,0.93223745962697
73370881,0.9264705882352942,272,0.00819672131147541,122,0.9182738669238187,0.9167235877917247
73370886,0.9398496240601504,266,0.0078125,128,0.9320371240601504,0.9308041468331514
73371800,0.9346153846153846,260,0.0,148,0.9346153846153846,0.9343629343629343
73371810,0.9045801526717557,262,0.0,154,0.9045801526717557,0.9042145593869733
73371824,0.9230769230769231,260,0.0,154,0.9230769230769231,0.9227799227799229
73371896,0.9330985915492958,284,0.02631578947368421,152,0.9067828020756116,0.9028465640869358
73372042,0.9145569620253164,316,0.0,152,0.9145569620253164,0.9142857142857143
73378590,0.9849624060150376,266,0.012658227848101266,158,0.9723041781669364,0.9717843261255622
73378591,0.9849624060150376,266,0.012345679012345678,162,0.972616727002692,0.972110288992623
73378602,0.9774436090225563,266,0.01875,160,0.9586936090225563,0.9576411906409772
73378602,0.9774436090225563,266,0.0,160,0.9774436090225563,0.9773584905660377
73378931,0.9161073825503355,298,0.0,152,0.9161073825503355,0.9158249158249158
73378988,0.9370860927152318,302,0.0,152,0.9370860927152318,0.9368770764119602
73379314,0.9431137724550899,334,0.0,122,0.9431137724550899,0.942942942942943
73379610,0.9148936170212766,282,0.0,154,0.9148936170212766,0.9145907473309608
73379736,0.9064748201438849,278,0.0,144,0.9064748201438849,0.9061371841155236
73380748,0.9090909090909091,264,0.006944444444444444,144,0.9021464646464646,0.9004843856698365
73382271,0.9854014598540146,274,0.0,118,0.9854014598540146,0.9853479853479854
73382273,0.9595588235294118,272,0.0,156,0.9595588235294118,0.9594095940959411
73388428,0.9835526315789473,304,0.051470588235294115,136,0.9320820433436532,0.9299475386071476
73388701,0.9703947368421053,304,0.0,148,0.9703947368421053,0.9702970297029703
73388701,0.9703947368421053,304,0.0,148,0.9703947368421053,0.9702970297029703
73388734,0.9673202614379085,306,0.0,164,0.9673202614379085,0.9672131147540984
73388764,0.9379084967320261,306,0.0,154,0.9379084967320261,0.9377049180327869
73388798,0.94375,320,0.0,144,0.94375,0.9435736677115987
73392179,0.9741935483870968,310,0.0,154,0.9741935483870968,0.9741100323624596
73392604,0.9660493827160493,324,0.0,150,0.9660493827160493,0.9659442724458204
73394324,0.9662162162162162,296,0.058823529411764705,136,0.9073926868044515,0.9028640621077441
73395738,1.0,324,0.0,130,1.0,1.0
73395738,0.0,324,1.0,130,1.0,1.0
73400470,0.9816176470588235,272,0.06481481481481481,108,0.9168028322440087,0.9137373837065766
73400470,0.011029411764705883,272,0.9351851851851852,108,0.9241557734204794,0.9220727289095855
73401063,0.9423076923076923,260,0.014285714285714285,140,0.9280219780219781,0.9260418002573215
73401333,0.9592592592592593,270,0.0410958904109589,146,0.9181633688483004,0.9143744059680671
73403661,0.9626865671641791,268,0.051470588235294115,136,0.911215978928885,0.9068487789160168
73404363,0.9710144927536232,276,0.0,130,0.9710144927536232,0.9709090909090909
73405157,0.9573170731707317,328,0.02666666666666667,150,0.930650406504065,0.9280588746386637
73405179,0.9662576687116564,326,0.04285714285714286,140,0.9234005258545136,0.9200904609616528
73405226,0.9637681159420289,276,0.0410958904109589,146,0.92267222553107,0.9192730634439056
73405249,0.9203821656050956,314,0.019230769230769232,156,0.9011513963743263,0.8977060501276982
73408301,0.9936305732484076,314,0.0,134,0.9936305732484076,0.9936102236421727
73408394,0.9715189873417721,316,0.0,138,0.9715189873417721,0.9714285714285714
73408394,0.02531645569620253,316,1.0,138,0.9746835443037974,0.9746031746031746
73410672,0.9895104895104895,286,0.0,118,0.9895104895104895,0.9894736842105263
73410672,0.0034965034965034965,286,0.9576271186440678,118,0.9541306151475643,0.9534582082859013
73414256,0.9490445859872612,314,0.0,124,0.9490445859872612,0.9488817891373802
73415450,0.9925925925925926,270,0.0,104,0.9925925925925926,0.9925650557620818
73415450,0.007407407407407408,270,1.0,104,0.9925925925925926,0.9925650557620818
73415861,0.9433333333333334,300,0.03424657534246575,146,0.9090867579908676,0.904776316991511
73415952,0.9594594594594594,296,0.0,124,0.9594594594594594,0.959322033898305
73415952,0.9594594594594594,296,0.0,124,0.9594594594594594,0.959322033898305
73423505,0.9848484848484849,330,0.0,120,0.9848484848484849,0.9848024316109422
73447108,1.0,298,0.0,124,1.0,1.0
73451482,0.9155405405405406,296,0.0,120,0.9155405405405406,0.9152542372881357
73451977,0.9888888888888889,360,0.0,140,0.9888888888888889,0.988857938718663
73455094,0.9585798816568047,338,0.0,126,0.9585798816568047,0.9584569732937684
73457096,0.9874213836477987,318,0.0,136,0.9874213836477987,0.9873817034700315
73468445,0.9291044776119403,268,0.025,160,0.9041044776119402,0.9001328426340972
73469668,0.993103448275862,290,0.016129032258064516,124,0.9769744160177976,0.9765957193694468
73469668,0.0,290,0.9274193548387096,124,0.9274193548387096,0.9268292682926829
73471446,0.9683544303797469,316,0.06493506493506493,154,0.9034193654446819,0.898783677949035
73471446,0.9683544303797469,316,0.0,154,0.9683544303797469,0.9682539682539683
73471469,0.9703947368421053,304,0.06944444444444445,144,0.9009502923976609,0.8962530664591333
73471472,0.9769736842105263,304,0.0763888888888889,144,0.9005847953216375,0.8964527401557875
73478474,0.9586466165413534,266,0.03571428571428571,140,0.9229323308270677,0.9195587757784841
73479391,0.9967105263157895,304,0.0,114,0.9967105263157895,0.9966996699669968
73481039,1.0,292,0.0,108,1.0,1.0
73481039,0.0,292,0.9444444444444444,108,0.9444444444444444,0.9439252336448598
73489480,0.971875,320,0.0,118,0.971875,0.9717868338557994
73521956,0.9636363636363636,330,0.036231884057971016,138,0.9274044795783926,0.9243883213778337
73528818,0.9210526315789473,266,0.0,124,0.9210526315789473,0.920754716981132
73528818,0.07518796992481203,266,0.9758064516129032,124,0.9006184816880912,0.8964925544997926
73539705,0.9883720930232558,344,0.0,140,0.9883720930232558,0.988338192419825
73539705,0.0029069767441860465,344,0.95,140,0.9470930232558139,0.9464327893315908
73539825,0.9775280898876404,356,0.0,136,0.9775280898876404,0.9774647887323943
73546760,0.9722222222222222,288,0.018518518518518517,108,0.9537037037037037,0.95239952681512
73546982,0.9631901840490797,326,0.007142857142857143,140,0.9560473269062226,0.9553543803761404
73547004,0.9281437125748503,334,0.025,160,0.9031437125748503,0.8991751851658212
73561849,0.9887005649717514,354,0.013513513513513514,148,0.9751870514582379,0.974756349064798
73569051,0.9898648648648649,296,0.0,122,0.9898648648648649,0.9898305084745763
73576363,0.984251968503937,254,0.009433962264150943,106,0.9748180062397861,0.9743668647819071
73583360,0.9802631578947368,304,0.0,104,0.9802631578947368,0.9801980198019803
73584023,0.9875776397515528,322,0.0,110,0.9875776397515528,0.9875389408099688
73589486,0.9664179104477612,268,0.0,96,0.9664179104477612,0.9662921348314606
73589818,1.0,254,0.0,108,1.0,1.0
73589818,0.0,254,0.9722222222222222,108,0.9722222222222222,0.9719626168224299
73596872,0.9897260273972602,292,0.0,126,0.9897260273972602,0.9896907216494845
73597208,0.9140625,256,0.0,158,0.9140625,0.9137254901960784
73600815,0.9462025316455697,316,0.036585365853658534,164,0.9096171657919111,0.9052841375383396
73601186,0.9598540145985401,274,0.008928571428571428,112,0.9509254431699687,0.9499769964774758
73601186,0.9598540145985401,274,0.0,112,0.9598540145985401,0.9597069597069597
73605480,0.996551724137931,290,0.0,116,0.996551724137931,0.9965397923875432
73605480,0.0034482758620689655,290,1.0,116,0.996551724137931,0.9965397923875432
73607794,0.9820143884892086,278,0.0,102,0.9820143884892086,0.9819494584837546
73607794,0.007194244604316547,278,0.9607843137254902,102,0.9535900691211737,0.9526081521682497
73607844,0.9121621621621622,296,0.0,136,0.9121621621621622,0.9118644067796611
73607844,0.9121621621621622,296,0.0,136,0.9121621621621622,0.9118644067796611
73608300,0.9709677419354839,310,0.0,116,0.9709677419354839,0.9708737864077669
73609766,1.0,268,0.018867924528301886,106,0.9811320754716981,0.9809523809523809
73609766,0.0,268,0.9716981132075472,106,0.9716981132075472,0.9714285714285714
73644916,0.9692307692307692,260,0.0,98,0.9692307692307692,0.9691119691119691
73646245,0.9418604651162791,258,0.0,118,0.9418604651162791,0.9416342412451362
73651926,0.9875,320,0.0,116,0.9875,0.987460815047022
73651926,0.00625,320,0.9137931034482759,116,0.9075431034482759,0.9056914746008056
73666191,0.9785714285714285,280,0.0,106,0.9785714285714285,0.978494623655914
73670803,0.94921875,256,0.047619047619047616,126,0.9015997023809523,0.8961803937663718
73670825,0.9263565891472868,258,0.0,120,0.9263565891472868,0.9260700389105059
73673012,0.9775641025641025,312,0.0,128,0.9775641025641025,0.9774919614147909
73673114,0.9460431654676259,278,0.006944444444444444,144,0.9390987210231815,0.938102532295616
73673231,0.9240506329113924,316,0.0,148,0.9240506329113924,0.9238095238095239
73673320,0.9638157894736842,304,0.05223880597014925,134,0.9115769835035349,0.9072797378429112
73689458,0.9570552147239264,326,0.0,132,0.9570552147239264,0.956923076923077
73703316,0.9375,336,0.012987012987012988,154,0.924512987012987,0.9226131376763995
73704412,0.9756944444444444,288,0.0,124,0.9756944444444444,0.975609756097561
73720216,0.9847328244274809,262,0.0,114,0.9847328244274809,0.9846743295019157
73720216,0.015267175572519083,262,1.0,114,0.9847328244274809,0.9846743295019157
73730362,0.9832214765100671,298,0.0,98,0.9832214765100671,0.9831649831649831
73733078,0.967948717948718,312,0.0,108,0.967948717948718,0.967845659163987
73734542,0.9535714285714286,280,0.0,116,0.9535714285714286,0.953405017921147
73736851,0.953125,256,0.02702702702702703,148,0.926097972972973,0.9231897943351965
73736851,0.953125,256,0.0,148,0.953125,0.9529411764705883
73746873,0.972027972027972,286,0.0,112,0.972027972027972,0.9719298245614035
73746873,0.972027972027972,286,0.017857142857142856,112,0.9541708291708291,0.9529075751960062
73747269,0.9748201438848921,278,0.0136986301369863,146,0.9611215137479059,0.960243139168865
73747750,0.9932885906040269,298,0.0,112,0.9932885906040269,0.9932659932659933
73748893,0.9852941176470589,272,0.0,98,0.9852941176470589,0.9852398523985241
73749278,0.9693877551020408,294,0.008333333333333333,120,0.9610544217687075,0.9603669394708025
73754100,0.9857142857142858,280,0.0,112,0.9857142857142858,0.9856630824372761
73758893,0.9683098591549296,284,0.017857142857142856,112,0.9504527162977867,0.9490422828321581
73758893,0.0,284,0.9375,112,0.9375,0.9369369369369369
73761843,0.9391025641025641,312,0.0,112,0.9391025641025641,0.9389067524115754
73764495,1.0,308,0.0,118,1.0,1.0
73764495,0.0,308,0.9830508474576272,118,0.9830508474576272,0.982905982905983
73764886,1.0,314,0.016666666666666666,120,0.9833333333333333,0.9831932773109243
73764886,0.0,314,0.975,120,0.975,0.9747899159663865
73767728,0.94140625,256,0.038461538461538464,130,0.9029447115384616,0.8979055876162263
73767775,0.9402985074626866,268,0.03731343283582089,134,0.9029850746268657,0.898022283972074
73768019,0.972027972027972,286,0.012048192771084338,166,0.9599797792568876,0.959131823595122
73768467,0.9419354838709677,310,0.03205128205128205,156,0.9098842018196857,0.9057644614751075
73768482,0.9444444444444444,306,0.03125,160,0.9131944444444444,0.9093399975630101
73768829,0.924812030075188,266,0.015151515151515152,132,0.9096605149236728,0.9069751432720242
73768830,0.924812030075188,266,0.014925373134328358,134,0.9098866569408596,0.9072388946664685
73769296,0.9634831460674157,356,0.0,154,0.9634831460674157,0.9633802816901408
73769296,0.9634831460674157,356,0.0,154,0.9634831460674157,0.9633802816901408
73769334,0.918918918918919,370,0.006024096385542169,166,0.9128948225333768,0.9116583309072
73769572,0.9314285714285714,350,0.0,142,0.9314285714285714,0.9312320916905444
73787853,0.9580152671755725,262,0.010416666666666666,96,0.9475986005089059,0.9464478441530408
73798898,0.9745222929936306,314,0.0,124,0.9745222929936306,0.9744408945686901
73799423,0.9850299401197605,334,0.0,128,0.9850299401197605,0.984984984984985
73809180,1.0,312,0.03125,128,0.96875,0.9685039370078741
73809180,0.0,312,0.96875,128,0.96875,0.9685039370078741
73810703,1.0,320,0.0,142,1.0,1.0
73810703,0.0,320,0.9859154929577465,142,0.9859154929577465,0.9858156028368794
73810907,0.9598765432098766,324,0.005813953488372093,172,0.9540625897215045,0.9534359365234866
73811473,0.9452054794520548,292,0.0,160,0.9452054794520548,0.9450171821305842
73827458,0.9925373134328358,268,0.0,114,0.9925373134328358,0.9925093632958801
73847925,0.9344827586206896,290,0.0,114,0.9344827586206896,0.9342560553633218
73848014,0.9305555555555556,288,0.0,162,0.9305555555555556,0.9303135888501741
73848192,0.9013605442176871,294,0.0,166,0.9013605442176871,0.9010238907849829
73849388,0.935251798561151,278,0.00641025641025641,156,0.9288415421508947,0.9277328272722828
73858002,0.9849624060150376,266,0.0,96,0.9849624060150376,0.9849056603773585
73867266,0.9935064935064936,308,0.0,124,0.9935064935064936,0.9934853420195441
73874321,0.9828571428571429,350,0.0,132,0.9828571428571429,0.9828080229226361
73874729,0.9894366197183099,284,0.0,112,0.9894366197183099,0.989399293286219
73875144,0.946927374301676,358,0.0,162,0.946927374301676,0.9467787114845938
73875921,0.9965986394557823,294,0.009433962264150943,106,0.9871646771916314,0.98699863485666
73875921,0.9965986394557823,294,0.0,106,0.9965986394557823,0.9965870307167235
73878117,0.9924242424242424,264,0.0784313725490196,102,0.9139928698752229,0.9119928543671079
73879414,0.9276729559748428,318,0.00625,160,0.9214229559748428,0.9202479185511117
73881773,0.9808917197452229,314,0.0,114,0.9808917197452229,0.9808306709265175
73884296,0.927007299270073,274,0.013157894736842105,152,0.9138494045332308,0.9115680186326149
73885186,0.9554140127388535,314,0.011627906976744186,172,0.9437861057621093,0.9425351825306223
73885186,0.9554140127388535,314,0.0,172,0.9554140127388535,0.9552715654952075
73886187,0.9727891156462585,294,0.019736842105263157,152,0.9530522735409953,0.951750394337083
73886201,0.9933774834437086,302,0.0,122,0.9933774834437086,0.9933554817275747
73887921,0.993103448275862,290,0.0,124,0.993103448275862,0.9930795847750865
73887921,0.006896551724137931,290,0.9838709677419355,124,0.9769744160177976,0.9765957193694468
73887968,0.9340277777777778,288,0.0,150,0.9340277777777778,0.9337979094076655
73888435,0.967741935483871,310,0.006329113924050633,158,0.9614128215598203,0.9608579795685784
73889241,0.9527027027027027,296,0.013333333333333334,150,0.9393693693693694,0.9378535467685991
73889268,0.9393939393939394,264,0.006578947368421052,152,0.9328149920255184,0.9317399963787797
73889268,0.9393939393939394,264,0.0,152,0.9393939393939394,0.9391634980988594
73889268,0.9393939393939394,264,0.0,152,0.9393939393939394,0.9391634980988594
73889313,0.9595588235294118,272,0.019230769230769232,156,0.9403280542986425,0.9384939715124955
73889586,0.9362416107382551,298,0.0189873417721519,158,0.9172542689661032,0.9144918924985277
73889680,0.9395973154362416,298,0.013157894736842105,152,0.9264394206993994,0.9245540270357219
73889737,0.9432624113475178,282,0.01875,160,0.9245124113475177,0.9220592277853246
73889737,0.9432624113475178,282,0.0125,160,0.9307624113475178,0.9290585348093625
73890626,0.9178082191780822,292,0.013888888888888888,144,0.9039193302891934,0.9012502245239127
73891807,0.9261744966442953,298,0.02564102564102564,156,0.9005334710032696,0.8963305812180923
73891855,0.9548192771084337,332,0.0,158,0.9548192771084337,0.9546827794561933
73891917,0.9171779141104295,326,0.0,160,0.9171779141104295,0.916923076923077
73891923,0.9166666666666666,324,0.0,160,0.9166666666666666,0.9164086687306501
73892140,0.9575163398692811,306,0.005952380952380952,168,0.9515639589169002,0.9508811676375543
73892140,0.9575163398692811,306,0.0,168,0.9575163398692811,0.957377049180328
73892188,0.9896551724137931,290,0.0,124,0.9896551724137931,0.9896193771626298
73894376,0.9807692307692307,312,0.06923076923076923,130,0.9115384615384615,0.9082707585709214
73895440,0.9627329192546584,322,0.006666666666666667,150,0.9560662525879917,0.9554063080167667
73896885,0.9558823529411765,340,0.05555555555555555,162,0.9003267973856209,0.8949539444793798
73896981,0.9668874172185431,302,0.0,132,0.9668874172185431,0.9667774086378738
73898030,0.9448818897637795,254,0.0,146,0.9448818897637795,0.9446640316205533
73899026,0.9678571428571429,280,0.0,158,0.9678571428571429,0.967741935483871
73899027,0.9678571428571429,280,0.0,158,0.9678571428571429,0.967741935483871
73899167,0.9586466165413534,266,0.0,138,0.9586466165413534,0.9584905660377359
73899301,0.9781021897810219,274,0.04929577464788732,142,0.9288064151331346,0.9262111815162328
73899349,0.9659863945578231,294,0.0125,160,0.9534863945578231,0.9524379593443537
73899626,0.9640522875816994,306,0.015151515151515152,132,0.9489007724301842,0.9475731865188741
73899642,0.9630872483221476,298,0.013888888888888888,144,0.9491983594332588,0.9479473505371093
73899642,0.9630872483221476,298,0.0,144,0.9630872483221476,0.962962962962963
73900373,0.967741935483871,310,0.0,126,0.967741935483871,0.9676375404530745
73900373,0.967741935483871,310,0.0,126,0.967741935483871,0.9676375404530745
73901665,0.9934640522875817,306,0.0,118,0.9934640522875817,0.9934426229508198
73901665,0.0,306,0.9491525423728814,118,0.9491525423728814,0.9487179487179487
73901937,0.9794520547945206,292,0.0,150,0.9794520547945206,0.9793814432989691
73901947,0.9794520547945206,292,0.0,158,0.9794520547945206,0.9793814432989691
73902523,0.9625850340136054,294,0.037037037037037035,162,0.9255479969765683,0.9224137540445025
73902523,0.9625850340136054,294,0.0,162,0.9625850340136054,0.962457337883959
73904692,0.9940476190476191,336,0.0,126,0.9940476190476191,0.9940298507462686
73904692,0.002976190476190476,336,0.9285714285714286,126,0.9255952380952381,0.9245876951331499
73904896,0.9878048780487805,328,0.0,150,0.9878048780487805,0.9877675840978593
73904896,0.006097560975609756,328,0.98,150,0.9739024390243902,0.9735045377416944
73906658,0.98046875,256,0.006756756756756757,148,0.9737119932432432,0.9733241516215181
73907758,0.9897959183673469,294,0.041666666666666664,144,0.9481292517006803,0.9469491021291087
73911357,0.9929078014184397,282,0.0,118,0.9929078014184397,0.9928825622775801
73911357,0.0,282,1.0,118,1.0,1.0
73913487,0.9891304347826086,276,0.0,102,0.9891304347826086,0.989090909090909
73914526,0.9520958083832335,334,0.00625,160,0.9458458083832335,0.945061396562049
73915360,0.9664179104477612,268,0.0,144,0.9664179104477612,0.9662921348314606
73916870,0.9576923076923077,260,0.013157894736842105,152,0.9445344129554656,0.9431659984256999
73917014,0.9233576642335767,274,0.00684931506849315,146,0.9165083491650835,0.9151260116769843
73917283,0.9965277777777778,288,0.0,124,0.9965277777777778,0.9965156794425087
73917820,0.9335664335664335,286,0.0,142,0.9335664335664335,0.9333333333333333
73918145,0.9738805970149254,268,0.0,118,0.9738805970149254,0.9737827715355806
73918145,0.0,268,1.0,118,1.0,1.0
73920263,0.9963768115942029,276,0.0,118,0.9963768115942029,0.9963636363636363
73920263,0.0,276,1.0,118,1.0,1.0
73920269,0.9568345323741008,278,0.013513513513513514,148,0.9433210188605873,0.9419019400086835
73920703,0.9536423841059603,302,0.0,130,0.9536423841059603,0.9534883720930233
73920712,0.9466666666666667,300,0.0,130,0.9466666666666667,0.9464882943143812
73920877,0.9649122807017544,342,0.03164556962025317,158,0.9332667110815012,0.9307364623007609
73920889,0.9526627218934911,338,0.018292682926829267,164,0.9343700389666618,0.9323807471577747
73921544,0.9482758620689655,290,0.007042253521126761,142,0.9412336085478388,0.9402728381284727
73922185,0.9367469879518072,332,0.0,164,0.9367469879518072,0.9365558912386707
73924771,0.9326241134751773,282,0.0,106,0.9326241134751773,0.9323843416370107
73925184,0.9897260273972602,292,0.0,110,0.9897260273972602,0.9896907216494845
73925184,0.0,292,0.9454545454545454,110,0.9454545454545454,0.944954128440367
73925949,0.97,300,0.0,116,0.97,0.9698996655518394
73926403,0.9455128205128205,312,0.006493506493506494,154,0.939019314019314,0.9380910724418385
73926403,0.9455128205128205,312,0.006493506493506494,154,0.939019314019314,0.9380910724418385
73926411,0.9419354838709677,310,0.00625,160,0.9356854838709677,0.9347295052736888
73931915,0.9299363057324841,314,0.0,148,0.9299363057324841,0.9297124600638977
73935810,0.9281437125748503,334,0.0,146,0.9281437125748503,0.9279279279279278
73935992,0.9942857142857143,350,0.015151515151515152,132,0.9791341991341992,0.9788281309884578
73942251,0.9101796407185628,334,0.00625,160,0.9039296407185629,0.9024938596951996
73945368,0.9779874213836478,318,0.0,132,0.9779874213836478,0.9779179810725552
73945654,0.9507042253521126,284,0.0,158,0.9507042253521126,0.950530035335689
73947758,0.9358974358974359,312,0.0,156,0.9358974358974359,0.9356913183279743
73947764,1.0,304,0.0,118,1.0,1.0
73947764,0.0,304,0.9067796610169492,118,0.9067796610169492,0.9059829059829061
73950267,0.9040697674418605,344,0.0,162,0.9040697674418605,0.9037900874635569
73950494,0.9143835616438356,292,0.0,166,0.9143835616438356,0.9140893470790378
73950494,0.9143835616438356,292,0.0,166,0.9143835616438356,0.9140893470790378
73950505,0.9087837837837838,296,0.0,172,0.9087837837837838,0.9084745762711864
73951544,0.9018987341772152,316,0.0,146,0.9018987341772152,0.9015873015873015
73951636,0.907051282051282,312,0.0,160,0.907051282051282,0.9067524115755626
73951768,0.9,310,0.0,130,0.9,0.8996763754045307
73951768,0.9,310,0.0,130,0.9,0.8996763754045307
73951864,0.9256756756756757,296,0.0,148,0.9256756756756757,0.9254237288135593
73951885,0.9178082191780822,292,0.0,154,0.9178082191780822,0.9175257731958762
73952072,0.9849624060150376,266,0.0,114,0.9849624060150376,0.9849056603773585
73953116,0.9242424242424242,330,0.006097560975609756,164,0.9181448632668144,0.9169499024104674
73953138,0.9308176100628931,318,0.012658227848101266,158,0.9181593822147919,0.9161038998007228
73953164,0.9685314685314685,286,0.0,122,0.9685314685314685,0.968421052631579
73953168,0.910958904109589,292,0.0,140,0.910958904109589,0.9106529209621993
73957162,0.9270833333333334,288,0.0,138,0.9270833333333334,0.926829268292683
73966248,0.99,300,0.0,108,0.99,0.9899665551839465
73966248,0.006666666666666667,300,1.0,108,0.9933333333333333,0.9933110367892976
73966732,1.0,334,0.0,132,1.0,1.0
73970835,0.9961240310077519,258,0.0,98,0.9961240310077519,0.9961089494163424
73985274,0.9826388888888888,288,0.0,108,0.9826388888888888,0.9825783972125435
73985274,0.006944444444444444,288,0.9074074074074074,108,0.900462962962963,0.8982813606636704
73992721,0.9545454545454546,308,0.006329113924050633,158,0.9482163406214039,0.9474501375821492
73992723,0.9545454545454546,308,0.006329113924050633,158,0.9482163406214039,0.9474501375821492
73992740,0.9836601307189542,306,0.0,128,0.9836601307189542,0.9836065573770492
73993647,0.9931506849315068,292,0.0,108,0.9931506849315068,0.993127147766323
73994369,0.9166666666666666,264,0.0,118,0.9166666666666666,0.9163498098859315
73994608,0.9889705882352942,272,0.0,116,0.9889705882352942,0.988929889298893
73994616,0.9388489208633094,278,0.0,152,0.9388489208633094,0.9386281588447654
73994616,0.9388489208633094,278,0.0,152,0.9388489208633094,0.9386281588447654
73996646,0.906896551724138,290,0.0,158,0.906896551724138,0.9065743944636678
73996668,0.903448275862069,290,0.0,156,0.903448275862069,0.9031141868512111
73996808,0.9246575342465754,292,0.006493506493506494,154,0.9181640277530689,0.9168802585251337
73999103,0.9492753623188406,276,0.0136986301369863,146,0.9355767321818542,0.9339027532338483
73999757,0.9149659863945578,294,0.007352941176470588,136,0.9076130452180873,0.9060126112689973
73999760,0.9212328767123288,292,0.007042253521126761,142,0.914190623191202,0.9127559572446007
73999783,0.9143835616438356,292,0.0,142,0.9143835616438356,0.9140893470790378
74007596,0.9324324324324325,296,0.023809523809523808,168,0.9086229086229086,0.905029910037466
74008561,0.9901960784313726,306,0.017543859649122806,114,0.9726522187822497,0.9721188660701893
74008673,0.9475138121546961,362,0.0,162,0.9475138121546961,0.9473684210526315
74008829,0.9968354430379747,316,0.0,124,0.9968354430379747,0.9968253968253968
74009409,0.9351851851851852,324,0.018292682926829267,164,0.916892502258356,0.9142033565565637
74009902,0.9912790697674418,344,0.0,132,0.9912790697674418,0.9912536443148688
74009902,0.0029069767441860465,344,0.9545454545454546,132,0.9516384778012685,0.9510174584942208
74010143,0.9481481481481482,270,0.015873015873015872,126,0.9322751322751324,0.930302438330353
74010179,0.960431654676259,278,0.0,112,0.960431654676259,0.9602888086642599
74012782,0.9760479041916168,334,0.015873015873015872,126,0.960174888318601,0.959211997754431
74023895,0.9602649006622517,302,0.012658227848101266,158,0.9476066728141505,0.9463842384743464
74024693,0.94375,320,0.018292682926829267,164,0.9254573170731707,0.9231057555165658
74024862,0.9371069182389937,318,0.006329113924050633,158,0.9307778043149431,0.9297397904310307
74025136,0.9825174825174825,286,0.008333333333333333,120,0.9741841491841492,0.973759749211565
74026753,0.9805194805194806,308,0.0,138,0.9805194805194806,0.980456026058632
74027084,0.9775641025641025,312,0.0,120,0.9775641025641025,0.9774919614147909
74029538,0.9341085271317829,258,0.0,130,0.9341085271317829,0.933852140077821
74030689,0.9436619718309859,284,0.0,112,0.9436619718309859,0.9434628975265018
74030693,0.9788732394366197,284,0.0,106,0.9788732394366197,0.9787985865724382
74036989,0.9172932330827067,266,0.0,148,0.9172932330827067,0.9169811320754716
74037120,0.9046052631578947,304,0.0,148,0.9046052631578947,0.9042904290429041
74037120,0.9046052631578947,304,0.0,148,0.9046052631578947,0.9042904290429041
74037509,0.9102564102564102,312,0.0,140,0.9102564102564102,0.9099678456591639
74045136,0.9407894736842105,304,0.0,162,0.9407894736842105,0.9405940594059405
74045144,0.9523809523809523,294,0.04430379746835443,158,0.9080771549125979,0.9034119832516532
74046189,0.9548611111111112,288,0.0,148,0.9548611111111112,0.9547038327526132
74046194,0.9755244755244755,286,0.0,144,0.9755244755244755,0.9754385964912281
74046218,0.9618320610687023,262,0.0,148,0.9618320610687023,0.9616858237547893
74047187,0.9733333333333334,300,0.007042253521126761,142,0.9662910798122066,0.9657745341846954
74047187,0.9733333333333334,300,0.007042253521126761,142,0.9662910798122066,0.9657745341846954
74047212,0.9539007092198581,282,0.0,152,0.9539007092198581,0.9537366548042705
74047212,0.9539007092198581,282,0.0,152,0.9539007092198581,0.9537366548042705
74047220,0.9539007092198581,282,0.0,156,0.9539007092198581,0.9537366548042705
74048683,1.0,326,0.0,142,1.0,1.0
74048683,0.0,326,0.9788732394366197,142,0.9788732394366197,0.9787234042553192
74054363,0.9659090909090909,264,0.06451612903225806,124,0.9013929618768328,0.8963355554435469
74065583,0.916058394160584,274,0.0,120,0.916058394160584,0.9157509157509157
74066631,0.9763779527559056,254,0.06666666666666667,120,0.9097112860892389,0.905899894363735
74074041,0.9856115107913669,278,0.0,122,0.9856115107913669,0.9855595667870036
74074670,0.943609022556391,266,0.0,128,0.943609022556391,0.9433962264150945
74075449,0.9598540145985401,274,0.0,120,0.9598540145985401,0.9597069597069597
74078923,0.993421052631579,304,0.0,120,0.993421052631579,0.9933993399339934
74079774,0.9821428571428571,280,0.00819672131147541,122,0.9739461358313817,0.9735199975875378
74081864,0.987012987012987,308,0.0,112,0.987012987012987,0.9869706840390879
74081865,0.9806451612903225,310,0.0,112,0.9806451612903225,0.9805825242718447
74091537,0.9753086419753086,324,0.0,116,0.9753086419753086,0.9752321981424148
74091609,0.9872611464968153,314,0.015151515151515152,132,0.9721096313453002,0.9715653119977467
74091609,0.9872611464968153,314,0.0,132,0.9872611464968153,0.9872204472843451
74092024,0.9806629834254144,362,0.0,156,0.9806629834254144,0.9806094182825486
74100025,0.9856115107913669,278,0.08181818181818182,110,0.9037933289731851,0.900627873348366
74100195,0.9370629370629371,286,0.0,144,0.9370629370629371,0.9368421052631579
74101567,0.9421768707482994,294,0.02459016393442623,122,0.9175867068138731,0.9143343576995501
74102433,0.91,300,0.0,150,0.91,0.9096989966555185
74102525,0.922360248447205,322,0.0,154,0.922360248447205,0.9221183800623053
74105267,0.9794520547945206,292,0.0,140,0.9794520547945206,0.9793814432989691
74105376,0.9125874125874126,286,0.0,156,0.9125874125874126,0.9122807017543859
74105507,0.9053254437869822,338,0.0,162,0.9053254437869822,0.9050445103857567
74106106,0.9968944099378882,322,0.015384615384615385,130,0.9815097945532729,0.9812847955235341
74106106,0.0,322,0.9846153846153847,130,0.9846153846153847,0.9844961240310077
74106239,0.9603658536585366,328,0.02857142857142857,140,0.931794425087108,0.9291967158814762
74106544,0.927007299270073,274,0.0,144,0.927007299270073,0.9267399267399267
74106756,0.9094202898550725,276,0.0,134,0.9094202898550725,0.9090909090909092
74107491,0.9512987012987013,308,0.00625,160,0.9450487012987013,0.9442394372359914
74107690,0.9448275862068966,290,0.025974025974025976,154,0.9188535602328706,0.9156212800358473
74107840,0.9808917197452229,314,0.0,98,0.9808917197452229,0.9808306709265175
74107840,0.01592356687898089,314,1.0,98,0.9840764331210191,0.9840255591054312
74107857,1.0,316,0.00980392156862745,102,0.9901960784313726,0.9900990099009901
74107857,0.0,316,0.9705882352941176,102,0.9705882352941176,0.9702970297029703
74108051,0.9779411764705882,272,0.046052631578947366,152,0.9318885448916409,0.9294644721175997
74108091,0.9769736842105263,304,0.0379746835443038,158,0.9389990006662225,0.936927149162872
74108371,0.9290780141843972,282,0.018518518518518517,108,0.9105594956658787,0.9074975136668143
74117675,0.00558659217877095,358,0.9181818181818182,110,0.9125952260030472,0.9109104717495632
74117725,0.9817518248175182,274,0.0,156,0.9817518248175182,0.9816849816849818
74117874,0.9647887323943662,284,0.007692307692307693,130,0.9570964247020586,0.956367879742724
74121360,0.9539007092198581,282,0.0,142,0.9539007092198581,0.9537366548042705
74121429,0.9551724137931035,290,0.0,158,0.9551724137931035,0.9550173010380623
74121642,0.9496124031007752,258,0.0,146,0.9496124031007752,0.9494163424124513
74121643,0.9496124031007752,258,0.0,146,0.9496124031007752,0.9494163424124513
74129239,1.0,350,0.0,136,1.0,1.0
74129239,0.0,350,0.9117647058823529,136,0.9117647058823529,0.9111111111111111
74129332,0.9898648648648649,296,0.0,132,0.9898648648648649,0.9898305084745763
74129332,0.0033783783783783786,296,0.9848484848484849,132,0.9814701064701065,0.9812400678965754
74130333,0.9421768707482994,294,0.025,160,0.9171768707482993,0.9139260883191653
74130333,0.9421768707482994,294,0.0,160,0.9421768707482994,0.9419795221843004
74131671,0.9637681159420289,276,0.023809523809523808,126,0.9399585921325051,0.9379041273859888
74131671,0.9637681159420289,276,0.015873015873015872,126,0.947895100069013,0.9464808012251957
74131973,0.9602649006622517,302,0.02666666666666667,150,0.9335982339955851,0.9311621892646037
74133740,0.9441340782122905,358,0.0,162,0.9441340782122905,0.9439775910364145
74133941,0.9072847682119205,302,0.0,162,0.9072847682119205,0.9069767441860465
74133941,0.9072847682119205,302,0.0,162,0.9072847682119205,0.9069767441860465
74140076,0.9683908045977011,348,0.005681818181818182,176,0.9627089864158829,0.9622248077036011
74141200,0.9548022598870056,354,0.03333333333333333,150,0.9214689265536723,0.9180994047943848
74141237,0.9354838709677419,310,0.0,154,0.9354838709677419,0.9352750809061487
74141266,0.9290540540540541,296,0.0,158,0.9290540540540541,0.9288135593220339
74141293,0.9321428571428572,280,0.0,152,0.9321428571428572,0.931899641577061
74142030,0.946875,320,0.00625,160,0.940625,0.9397523827092253
74142032,0.95,320,0.006172839506172839,162,0.9438271604938271,0.9430122728297169
74144011,0.9573170731707317,328,0.007042253521126761,142,0.9502748196496049,0.9494904633115908
74145921,0.9532374100719424,278,0.009433962264150943,106,0.9438034478077915,0.94265740178542
74145936,0.9772727272727273,264,0.0,102,0.9772727272727273,0.9771863117870723
74148423,0.9466666666666667,300,0.018518518518518517,162,0.9281481481481482,0.9258741166498464
74148481,1.0,266,0.0,118,1.0,1.0
74148481,0.0,266,1.0,118,1.0,1.0
74149982,0.9566929133858267,254,0.01948051948051948,154,0.9372123939053073,0.9352207511314289
74150732,0.9969325153374233,326,0.08695652173913043,138,0.909975993598293,0.9087960106874916
74151436,0.975,320,0.0,134,0.975,0.9749216300940439
74151603,0.9612903225806452,310,0.0,160,0.9612903225806452,0.9611650485436893
74152668,0.9496402877697842,278,0.00684931506849315,146,0.942790972701291,0.9418689036881477
74152724,0.9542682926829268,328,0.0,158,0.9542682926829268,0.9541284403669724
74152889,0.9312977099236641,262,0.0,162,0.9312977099236641,0.9310344827586207
74154240,0.930921052631579,304,0.017241379310344827,116,0.9136796733212341,0.9109113123987637
74159035,0.9259259259259259,270,0.00641025641025641,156,0.9195156695156695,0.9182453378182073
74160596,0.9065934065934066,364,0.0,158,0.9065934065934066,0.9063360881542699
74160697,0.919889502762431,362,0.0,158,0.919889502762431,0.9196675900277008
74161406,0.9593023255813954,344,0.014285714285714285,140,0.9450166112956812,0.9436278826056331
74161411,0.9649122807017544,342,0.0,136,0.9649122807017544,0.9648093841642229
74162123,0.96875,352,0.0,142,0.96875,0.9686609686609687
74172745,0.9253731343283582,268,0.0,150,0.9253731343283582,0.9250936329588015
74173295,0.9136690647482014,278,0.0,152,0.9136690647482014,0.9133574007220217
74174792,0.9173228346456693,254,0.0,140,0.9173228346456693,0.9169960474308301
74175914,0.9437869822485208,338,0.0,156,0.9437869822485208,0.9436201780415431
74175993,0.9520958083832335,334,0.0379746835443038,158,0.9141211248389297,0.9100944732805755
74176091,0.9216867469879518,332,0.0,158,0.9216867469879518,0.9214501510574019
74176092,0.9161676646706587,334,0.0,160,0.9161676646706587,0.9159159159159159
74176553,0.9335443037974683,316,0.0,162,0.9335443037974683,0.9333333333333333
74177850,0.9013605442176871,294,0.0,154,0.9013605442176871,0.9010238907849829
74179340,0.9161290322580645,310,0.01282051282051282,156,0.9033085194375517,0.9007982858273003
74181261,0.9548872180451128,266,0.0,136,0.9548872180451128,0.9547169811320754
74185862,0.9904458598726115,314,0.027777777777777776,108,0.9626680820948337,0.9618441637330226
74188492,0.9451612903225807,310,0.0,116,0.9451612903225807,0.9449838187702265
74189660,0.9301470588235294,272,0.0,152,0.9301470588235294,0.929889298892989
74190498,0.9090909090909091,264,0.0,152,0.9090909090909091,0.9087452471482889
74190498,0.9090909090909091,264,0.0,152,0.9090909090909091,0.9087452471482889
74190577,0.9166666666666666,276,0.0,170,0.9166666666666666,0.9163636363636363
74190654,0.9642857142857143,280,0.0,128,0.9642857142857143,0.9641577060931901
74190686,0.9477611940298507,268,0.006756756756756757,148,0.9410044372730939,0.9400536489379706
74190782,0.934931506849315,292,0.0,166,0.934931506849315,0.9347079037800686
74190906,0.9329268292682927,328,0.0,152,0.9329268292682927,0.9327217125382263
74190908,0.9503105590062112,322,0.0,106,0.9503105590062112,0.9501557632398753
74191146,0.9629629629629629,270,0.0,122,0.9629629629629629,0.9628252788104088
74191349,0.920863309352518,278,0.006756756756756757,148,0.9141065525957612,0.9127010348261263
74191350,0.920863309352518,278,0.00684931506849315,146,0.9140139942840249,0.9125924566601356
74191426,0.9313725490196079,306,0.0,156,0.9313725490196079,0.9311475409836066
74191480,0.9382716049382716,324,0.0125,160,0.9257716049382716,0.9239538768059529
74191508,0.9041916167664671,334,0.0,166,0.9041916167664671,0.903903903903904
74191522,0.9024390243902439,328,0.0,162,0.9024390243902439,0.9021406727828746
74191749,0.9006849315068494,292,0.0,166,0.9006849315068494,0.9003436426116839
74191749,0.9006849315068494,292,0.0,166,0.9006849315068494,0.9003436426116839
74192021,0.9846153846153847,260,0.0,110,0.9846153846153847,0.9845559845559846
74192021,0.9846153846153847,260,0.0,110,0.9846153846153847,0.9845559845559846
74192047,0.9253731343283582,268,0.0,138,0.9253731343283582,0.9250936329588015
74193268,0.9535714285714286,280,0.041666666666666664,144,0.911904761904762,0.9075738649055768
74193771,0.9253246753246753,308,0.0,154,0.9253246753246753,0.9250814332247558
74193867,0.9382716049382716,324,0.0,166,0.9382716049382716,0.9380804953560371
74197001,0.9689655172413794,290,0.039473684210526314,152,0.929491833030853,0.9266670984944124
74201317,0.9634146341463414,328,0.0,134,0.9634146341463414,0.963302752293578
74201507,0.9361702127659575,282,0.0,108,0.9361702127659575,0.9359430604982207
74201638,0.9256756756756757,296,0.019230769230769232,156,0.9064449064449064,0.9032049616300589
74203159,0.9512987012987013,308,0.0,160,0.9512987012987013,0.9511400651465799
74204547,0.9299363057324841,314,0.0,164,0.9299363057324841,0.9297124600638977
74204547,0.9299363057324841,314,0.0,164,0.9299363057324841,0.9297124600638977
74205237,0.9727272727272728,330,0.0,130,0.9727272727272728,0.9726443768996961
74209341,0.9575163398692811,306,0.0,136,0.9575163398692811,0.957377049180328
74210091,0.9861111111111112,288,0.0,122,0.9861111111111112,0.986062717770035
74211802,0.9026845637583892,298,0.0,164,0.9026845637583892,0.9023569023569024
74214741,0.9642857142857143,308,0.0,116,0.9642857142857143,0.964169381107492
74214830,0.9455782312925171,294,0.0,112,0.9455782312925171,0.9453924914675768
74214880,0.9640522875816994,306,0.015151515151515152,132,0.9489007724301842,0.9475731865188741
74217147,0.9411764705882353,272,0.03225806451612903,124,0.9089184060721063,0.9046372168503388
74217793,0.989010989010989,364,0.0,146,0.989010989010989,0.9889807162534435
74219018,0.9316546762589928,278,0.024096385542168676,166,0.9075582907168241,0.90386761313247
74219045,0.9347826086956522,276,0.006172839506172839,162,0.9286097691894794,0.9275257921402883
74219125,0.9528985507246377,276,0.015625,128,0.9372735507246377,0.9355010663907799
74219221,0.9018987341772152,316,0.0,166,0.9018987341772152,0.9015873015873015
74219221,0.9018987341772152,316,0.0,166,0.9018987341772152,0.9015873015873015
74219852,0.9281609195402298,348,0.0,174,0.9281609195402298,0.9279538904899135
74222634,0.9324324324324325,296,0.007142857142857143,140,0.9252895752895753,0.9240396775492614
74224058,0.9239766081871345,342,0.0,166,0.9239766081871345,0.9237536656891495
74224058,0.9239766081871345,342,0.0,166,0.9239766081871345,0.9237536656891495
74227176,0.9072847682119205,302,0.006024096385542169,166,0.9012606718263784,0.8997950889198933
74233090,0.9478527607361963,326,0.0,156,0.9478527607361963,0.9476923076923076
74236522,0.9243421052631579,304,0.0,150,0.9243421052631579,0.9240924092409241
74236536,0.9333333333333333,300,0.0,152,0.9333333333333333,0.9331103678929766
74241279,0.9726027397260274,292,0.04938271604938271,162,0.9232200236766447,0.9201082300256452
74241287,0.9793103448275862,290,0.05,160,0.9293103448275861,0.9268499481978819
74241541,0.9251700680272109,294,0.013513513513513514,148,0.9116565545136974,0.9092807422203771
74243030,0.9776119402985075,268,0.0660377358490566,106,0.9115742044494509,0.9078949234934394
74243030,0.9776119402985075,268,0.05660377358490566,106,0.9210081667136019,0.9178411930527131
74243254,0.9316546762589928,278,0.006666666666666667,150,0.9249880095923261,0.9237813663806442
74243357,0.9379084967320261,306,0.0375,160,0.9004084967320262,0.8953138130782221
74243360,0.9635761589403974,302,0.0375,160,0.9260761589403974,0.9229824619624067
74244370,0.9533333333333334,300,0.03125,160,0.9220833333333334,0.9188091701217213
74244371,0.9039735099337748,302,0.0,152,0.9039735099337748,0.9036544850498339
74244641,0.9202453987730062,326,0.0,158,0.9202453987730062,0.9199999999999999
74244668,0.9242424242424242,330,0.0,164,0.9242424242424242,0.9240121580547112
74244825,0.91,300,0.007042253521126761,142,0.9029577464788733,0.9013341460111066
74247525,0.9416058394160584,274,0.0,166,0.9416058394160584,0.9413919413919413
74249160,0.9379084967320261,306,0.007246376811594203,138,0.9306621199204319,0.9295017790331628
74249160,0.9379084967320261,306,0.0,138,0.9379084967320261,0.9377049180327869
74254580,0.951048951048951,286,0.006493506493506494,154,0.9445554445554446,0.9437027110172741
74258254,0.9666666666666667,270,0.0,150,0.9666666666666667,0.9665427509293679
74258254,0.9666666666666667,270,0.0,150,0.9666666666666667,0.9665427509293679
74259637,0.9573170731707317,328,0.037037037037037035,162,0.9202800361336947,0.9167539567546474
74266150,1.0,308,0.0,130,1.0,1.0
74266150,0.0,308,0.9461538461538461,130,0.9461538461538461,0.9457364341085271
74271896,0.9931506849315068,292,0.0,104,0.9931506849315068,0.993127147766323
74271896,0.00684931506849315,292,0.9807692307692307,104,0.9739199157007375,0.9734445875995446
74275394,0.9964285714285714,280,0.018518518518518517,108,0.977910052910053,0.9775910753604211
74275394,0.0,280,0.9537037037037037,108,0.9537037037037037,0.9532710280373832
74282848,1.0,276,0.0,104,1.0,1.0
74282848,0.0,276,0.9711538461538461,104,0.9711538461538461,0.970873786407767
74282932,0.9886363636363636,264,0.0,100,0.9886363636363636,0.9885931558935361
74312555,0.9885496183206107,262,0.0,108,0.9885496183206107,0.9885057471264369
74312555,0.9885496183206107,262,0.018518518518518517,108,0.9700310998020922,0.969387471044515
74312555,0.007633587786259542,262,0.9259259259259259,108,0.9182923381396664,0.9164340821622847
74312555,0.0,262,0.9259259259259259,108,0.9259259259259259,0.9252336448598132
74317704,0.9265734265734266,286,0.0,114,0.9265734265734266,0.9263157894736842
74317704,0.05244755244755245,286,0.956140350877193,114,0.9036927984296406,0.89851487367551
74317706,0.9401408450704225,284,0.03508771929824561,114,0.9050531257721769,0.9003236699717724
74317706,0.0,284,0.9210526315789473,114,0.9210526315789473,0.9203539823008849
74320376,0.9726027397260274,292,0.0,108,0.9726027397260274,0.9725085910652921
74321632,1.0,274,0.0,96,1.0,1.0
74321632,0.0,274,1.0,96,1.0,1.0
74322105,0.0,286,0.9464285714285714,112,0.9464285714285714,0.9459459459459458
74324290,0.9691358024691358,324,0.00847457627118644,118,0.9606612261979494,0.9599673249419274
74324290,0.015432098765432098,324,0.9322033898305084,118,0.9167712910650764,0.9140445039745205
74324297,0.9842767295597484,318,0.017241379310344827,116,0.9670353502494036,0.9662907387305276
74324297,0.0,318,0.9224137931034483,116,0.9224137931034483,0.9217391304347825
74324683,0.9733727810650887,338,0.015625,128,0.9577477810650887,0.9567098286953744
74325110,0.9722222222222222,288,0.07017543859649122,114,0.902046783625731,0.8974236675012047
74325483,0.9596273291925466,322,0.0,134,0.9596273291925466,0.9595015576323987
74325483,0.9596273291925466,322,0.014925373134328358,134,0.9447019560582182,0.9432538736852613
74325483,0.031055900621118012,322,0.9477611940298507,134,0.9167052934087327,0.9129655440112929
74325483,0.0,322,0.9477611940298507,134,0.9477611940298507,0.9473684210526315
74325491,0.9666666666666667,330,0.0,134,0.9666666666666667,0.9665653495440729
74326249,0.9874213836477987,318,0.0,128,0.9874213836477987,0.9873817034700315
74328454,1.0,330,0.0,136,1.0,1.0
74328454,0.0,330,0.9926470588235294,136,0.9926470588235294,0.9925925925925926
74329333,0.9606299212598425,254,0.0,114,0.9606299212598425,0.9604743083003953
74330064,0.9455782312925171,294,0.014492753623188406,138,0.9310854776693287,0.9292106108209577
74330064,0.04421768707482993,294,0.9855072463768116,138,0.9412895593019817,0.9397459958562129
74336391,0.9963503649635036,274,0.0,116,0.9963503649635036,0.9963369963369962
74336391,0.0036496350364963502,274,0.9827586206896551,116,0.9791089856531587,0.9788190855092952
74346406,0.9871794871794872,312,0.0,126,0.9871794871794872,0.9871382636655949
74346406,0.00641025641025641,312,0.9841269841269841,126,0.9777167277167277,0.9773645377533313
74347247,0.96,300,0.046153846153846156,130,0.9138461538461538,0.9096567948303234
74348879,0.984472049689441,322,0.009615384615384616,104,0.9748566650740564,0.9744144950630458
74350552,0.9788732394366197,284,0.0,134,0.9788732394366197,0.9787985865724382
74355256,0.916058394160584,274,0.0,124,0.916058394160584,0.9157509157509157
74355523,0.9827586206896551,290,0.0,114,0.9827586206896551,0.9826989619377162
74356480,0.9874213836477987,318,0.0,106,0.9874213836477987,0.9873817034700315
74356480,0.9874213836477987,318,0.0,106,0.9874213836477987,0.9873817034700315
74356480,0.0,318,1.0,106,1.0,1.0
74356480,0.012578616352201259,318,1.0,106,0.9874213836477987,0.9873817034700315
74363187,0.97265625,256,0.041666666666666664,144,0.9309895833333334,0.9283055441450156
74363190,0.97265625,256,0.038461538461538464,156,0.9341947115384616,0.9317298487575907
74363524,0.9576923076923077,260,0.05384615384615385,130,0.9038461538461539,0.8987058206749301
74366344,0.9319526627218935,338,0.0,128,0.9319526627218935,0.9317507418397626
74367933,0.943609022556391,266,0.0,122,0.943609022556391,0.9433962264150945
74369291,0.9080882352941176,272,0.0,140,0.9080882352941176,0.9077490774907749
74369338,0.9219858156028369,282,0.0,142,0.9219858156028369,0.9217081850533808
74371104,0.9723926380368099,326,0.0,150,0.9723926380368099,0.9723076923076923
74371198,0.9701986754966887,302,0.05303030303030303,132,0.9171683724663857,0.9134975789988956
74371322,0.9876543209876543,324,0.06666666666666667,120,0.9209876543209876,0.9187368641996448
74372234,0.9921259842519685,254,0.0,96,0.9921259842519685,0.992094861660079
74375967,0.9908536585365854,328,0.0,132,0.9908536585365854,0.9908256880733944
74375967,0.009146341463414634,328,0.9621212121212122,132,0.9529748706577975,0.9519616942171587
74379941,0.9872611464968153,314,0.0,130,0.9872611464968153,0.9872204472843451
74379941,0.006369426751592357,314,0.9153846153846154,130,0.909015188633023,0.9072565978172547
74380244,0.9527027027027027,296,0.0,126,0.9527027027027027,0.952542372881356
74380244,0.0033783783783783786,296,0.9603174603174603,126,0.956939081939082,0.9563406162464985
74380342,0.9967320261437909,306,0.0,122,0.9967320261437909,0.9967213114754099
74380342,0.0032679738562091504,306,1.0,122,0.9967320261437909,0.9967213114754099
74380498,0.9878048780487805,328,0.0,108,0.9878048780487805,0.9877675840978593
74380498,0.012195121951219513,328,0.9351851851851852,108,0.9229900632339657,0.9207593724445436
74380587,0.0,314,0.9107142857142857,112,0.9107142857142857,0.9099099099099099
74381126,0.9545454545454546,330,0.0,136,0.9545454545454546,0.9544072948328268
74389195,0.9625,320,0.0,116,0.9625,0.962382445141066
74389338,0.9642857142857143,308,0.0,122,0.9642857142857143,0.964169381107492
74390591,0.9202898550724637,276,0.01282051282051282,156,0.907469342251951,0.9050470196711587
74392273,0.9083969465648855,262,0.0,158,0.9083969465648855,0.9080459770114943
74394142,0.9007633587786259,262,0.0,142,0.9007633587786259,0.900383141762452
74394475,0.9015748031496063,254,0.0,152,0.9015748031496063,0.9011857707509882
74398414,0.9786585365853658,328,0.0,138,0.9786585365853658,0.9785932721712538
74401023,0.958041958041958,286,0.0,112,0.958041958041958,0.9578947368421052
74401035,0.9637681159420289,276,0.017543859649122806,114,0.9462242562929062,0.9446596688132735
74405611,0.974025974025974,308,0.0,134,0.974025974025974,0.9739413680781759
74410363,0.9121621621621622,296,0.0,118,0.9121621621621622,0.9118644067796611
74410363,0.9121621621621622,296,0.0,118,0.9121621621621622,0.9118644067796611
74410666,0.9251968503937008,254,0.0,120,0.9251968503937008,0.9249011857707511
74411927,0.949685534591195,318,0.0,128,0.949685534591195,0.9495268138801262
74411927,0.0220125786163522,318,0.96875,128,0.9467374213836478,0.9450405844379863
74416444,0.9624060150375939,266,0.0,130,0.9624060150375939,0.9622641509433961
74427955,0.9097744360902256,266,0.0,136,0.9097744360902256,0.909433962264151
74430030,1.0,322,0.0,134,1.0,1.0
74430030,0.0,322,0.9925373134328358,134,0.9925373134328358,0.9924812030075187
74430096,0.9594594594594594,296,0.00684931506849315,146,0.9526101443909663,0.9518675668469441
74431421,0.96484375,256,0.02,150,0.94484375,0.9431599974132728
74431476,0.9662162162162162,296,0.007462686567164179,134,0.958753529649052,0.9580761500192442
74431479,0.9533333333333334,300,0.006756756756756757,148,0.9465765765765766,0.945741082283663
74431517,0.9685314685314685,286,0.0,116,0.9685314685314685,0.968421052631579
74433838,0.9585987261146497,314,0.0,114,0.9585987261146497,0.9584664536741214
74439034,0.008064516129032258,372,0.9122807017543859,114,0.9042161856253537,0.9019977829403973
74454077,0.9362416107382551,298,0.0,134,0.9362416107382551,0.936026936026936
74455487,0.0,300,0.9553571428571429,112,0.9553571428571429,0.954954954954955
74455487,0.0,300,0.9553571428571429,112,0.9553571428571429,0.954954954954955
74455675,0.9862068965517241,290,0.0,114,0.9862068965517241,0.986159169550173
74455675,0.0,290,0.9824561403508771,114,0.9824561403508771,0.9823008849557521
74457221,0.9666666666666667,300,0.0,124,0.9666666666666667,0.9665551839464883
74457609,1.0,282,0.0,112,1.0,1.0
74457609,0.0,282,0.9910714285714286,112,0.9910714285714286,0.990990990990991
74460802,0.9313725490196079,306,0.0,162,0.9313725490196079,0.9311475409836066
74460947,0.9654088050314465,318,0.0,148,0.9654088050314465,0.9652996845425866
74463580,0.9370860927152318,302,0.012658227848101266,158,0.9244278648671306,0.922540368633557
74463591,0.9188311688311688,308,0.012195121951219513,164,0.9066360468799493,0.904311929443584
74465076,0.967948717948718,312,0.00625,160,0.961698717948718,0.9611539570834484
74466107,0.954248366013072,306,0.0,152,0.954248366013072,0.9540983606557378
74466583,0.981203007518797,266,0.0,124,0.981203007518797,0.9811320754716981
74466828,0.9864864864864865,296,0.007142857142857143,140,0.9793436293436294,0.9790523973998383
74467316,0.9691358024691358,324,0.04861111111111111,144,0.9205246913580246,0.9170832871836735
74467549,0.9563758389261745,298,0.0,120,0.9563758389261745,0.9562289562289563
74468165,0.967391304347826,276,0.013513513513513514,148,0.9538777908343126,0.9527821587935874
74472244,0.9798657718120806,298,0.015625,128,0.9642407718120806,0.9634176232560351
74473223,0.953416149068323,322,0.017857142857142856,168,0.93555900621118,0.9336385681327716
74473310,0.9634146341463414,328,0.006097560975609756,164,0.9573170731707317,0.9567197561114593
74474253,0.9440298507462687,268,0.01875,160,0.9252798507462686,0.9228475558058737
74475160,0.974025974025974,308,0.0125,160,0.9615259740259741,0.9607107280578059
74475169,0.9736842105263158,304,0.012345679012345678,162,0.9613385315139702,0.9605225639896772
74475184,0.9602649006622517,302,0.0,132,0.9602649006622517,0.9601328903654485
74476741,0.967391304347826,276,0.0273972602739726,146,0.9399940440738535,0.937893724212274
74476754,0.9626865671641791,268,0.027777777777777776,144,0.9349087893864013,0.932495266491488
74479058,0.9117647058823529,306,0.006578947368421052,152,0.9051857585139319,0.903687474625863
74479336,0.9390243902439024,328,0.0,122,0.9390243902439024,0.9388379204892965
74479688,0.9150326797385621,306,0.006578947368421052,152,0.908453732370141,0.9070092759000973
74480107,0.9395973154362416,298,0.02702702702702703,148,0.9125702884092146,0.9089129376880842
74480853,0.9462025316455697,316,0.0,132,0.9462025316455697,0.9460317460317461
74480919,0.9487179487179487,312,0.012987012987012988,154,0.9357309357309357,0.9341444757263339
74480919,0.9487179487179487,312,0.0,154,0.9487179487179487,0.9485530546623794
74480932,0.953416149068323,322,0.03333333333333333,150,0.9200828157349896,0.9166035505187612
74480933,0.9625,320,0.033783783783783786,148,0.9287162162162163,0.9258293758905389
74481088,0.9727891156462585,294,0.0,158,0.9727891156462585,0.9726962457337883
74481185,0.9583333333333334,288,0.005952380952380952,168,0.9523809523809524,0.951701984484707
74483454,0.013227513227513227,378,0.9166666666666666,96,0.9034391534391534,0.9003138355290854
74484907,0.9069767441860465,258,0.0,156,0.9069767441860465,0.9066147859922178
74489553,0.04871794871794872,390,0.9553571428571429,112,0.9066391941391941,0.9017575928979237
74493959,0.9186746987951807,332,0.013513513513513514,148,0.9051611852816672,0.902619823326246
74494246,0.9654088050314465,318,0.01694915254237288,118,0.9484596524890737,0.9470276216443746
74494371,0.928082191780822,292,0.012658227848101266,158,0.9154239639327207,0.9132700265214881
74496279,0.9787234042553191,282,0.02631578947368421,114,0.9524076147816349,0.950973584844809
74496464,0.9473684210526315,304,0.0,120,0.9473684210526315,0.9471947194719471
74499018,0.9624277456647399,346,0.0,156,0.9624277456647399,0.9623188405797101
74499024,0.9563953488372093,344,0.006578947368421052,152,0.9498164014687883,0.9490695300134785
74499680,0.96875,256,0.013157894736842105,152,0.9555921052631579,0.9545564037143616
74501049,0.9598540145985401,274,0.0,166,0.9598540145985401,0.9597069597069597
74502537,0.9586466165413534,266,0.0,148,0.9586466165413534,0.9584905660377359
74502821,0.9296875,256,0.0,148,0.9296875,0.9294117647058823
74502923,0.9689655172413794,290,0.0,156,0.9689655172413794,0.9688581314878894
74503141,0.9727891156462585,294,0.006756756756756757,148,0.9660323588895017,0.965524059201422
74503149,0.9662162162162162,296,0.006097560975609756,164,0.9601186552406065,0.9595529273892316
74504383,0.9145569620253164,316,0.0,160,0.9145569620253164,0.9142857142857143
74504384,0.9145569620253164,316,0.0,162,0.9145569620253164,0.9142857142857143
74504385,0.9240506329113924,316,0.0,160,0.9240506329113924,0.9238095238095239
74504470,0.9548611111111112,288,0.0,164,0.9548611111111112,0.9547038327526132
74504470,0.9548611111111112,288,0.0,164,0.9548611111111112,0.9547038327526132
74504703,0.9536423841059603,302,0.0,152,0.9536423841059603,0.9534883720930233
74504729,0.9285714285714286,308,0.006493506493506494,154,0.9220779220779222,0.9208714582685416
74504793,0.9203821656050956,314,0.0,142,0.9203821656050956,0.9201277955271566
74505332,0.958904109589041,292,0.006172839506172839,162,0.9527312700828682,0.9520421479659912
74505565,0.9507575757575758,264,0.013513513513513514,148,0.9372440622440623,0.9356287878757101
74506685,0.9676258992805755,278,0.0,134,0.9676258992805755,0.9675090252707581
74506710,0.960431654676259,278,0.0,146,0.960431654676259,0.9602888086642599
74506780,0.9850746268656716,268,0.07857142857142857,140,0.9065031982942431,0.9035301602864139
74506788,0.9923664122137404,262,0.07971014492753623,138,0.9126562672862042,0.9108232684089347
74506806,0.9844961240310077,258,0.07432432432432433,148,0.9101717997066834,0.9072949810667117
74506823,0.984375,256,0.0763888888888889,144,0.9079861111111112,0.9049970067792408
74507197,0.9518518518518518,270,0.043478260869565216,138,0.9083735909822866,0.9036866604131576
74507202,0.9448529411764706,272,0.04285714285714286,140,0.9019957983193277,0.8967560275962139
74507788,0.9763779527559056,254,0.041666666666666664,144,0.9347112860892389,0.9323514831319598
74507797,0.984251968503937,254,0.057971014492753624,138,0.9262809540111834,0.9239631830832319
74507803,0.984251968503937,254,0.0,142,0.984251968503937,0.9841897233201582
74507866,0.9734848484848485,264,0.0,132,0.9734848484848485,0.973384030418251
74507880,0.9728682170542635,258,0.04918032786885246,122,0.923687889185411,0.9204988231476583
74508450,0.9461538461538461,260,0.0,160,0.9461538461538461,0.9459459459459458
74508659,0.9615384615384616,286,0.0,154,0.9615384615384616,0.9614035087719297
74509149,0.9697986577181208,298,0.0125,160,0.9572986577181208,0.9563602518927503
74509293,0.9583333333333334,264,0.0,148,0.9583333333333334,0.9581749049429659
74509354,0.9935064935064936,308,0.0,120,0.9935064935064936,0.9934853420195441
74509354,0.9935064935064936,308,0.0,120,0.9935064935064936,0.9934853420195441
74509354,0.003246753246753247,308,0.975,120,0.9717532467532467,0.9713693394511639
74509354,0.003246753246753247,308,0.975,120,0.9717532467532467,0.9713693394511639
74510234,0.9815950920245399,326,0.04838709677419355,124,0.9332079952503464,0.930970429383218
74510234,0.012269938650306749,326,0.9274193548387096,124,0.9151494161884028,0.9127342505215329
74510882,0.9712230215827338,278,0.0136986301369863,146,0.9575243914457474,0.9565341096319924
74511055,0.9738805970149254,268,0.0,146,0.9738805970149254,0.9737827715355806
74511604,0.9806451612903225,310,0.012658227848101266,158,0.9679869334422213,0.9673515652755551
74511754,0.9695945945945946,296,0.006329113924050633,158,0.963265480670544,0.9627354822016598
74517293,0.9898648648648649,296,0.0,106,0.9898648648648649,0.9898305084745763
74517293,0.0033783783783783786,296,0.9905660377358491,106,0.9871876593574707,0.9870222107438016
74530622,0.9421768707482994,294,0.0,146,0.9421768707482994,0.9419795221843004
74534412,0.9674556213017751,338,0.0,134,0.9674556213017751,0.9673590504451037
74538564,0.9736842105263158,304,0.013513513513513514,148,0.9601706970128023,0.9592775996885478
74539033,0.9496402877697842,278,0.02,150,0.9296402877697841,0.9273037474273148
74544726,0.9417808219178082,292,0.0,128,0.9417808219178082,0.9415807560137458
74545418,0.9724137931034482,290,0.0,112,0.9724137931034482,0.972318339100346
74545432,0.9722222222222222,288,0.0,114,0.9722222222222222,0.9721254355400697
74551048,0.9351851851851852,324,0.02564102564102564,156,0.9095441595441596,0.905850285396215
74551048,0.9351851851851852,324,0.00641025641025641,156,0.9287749287749288,0.9276986399611292
74552256,0.9553571428571429,336,0.01639344262295082,122,0.9389637002341921,0.9372251966523623
74552666,0.9155405405405406,296,0.0,150,0.9155405405405406,0.9152542372881357
74552749,0.9748201438848921,278,0.041666666666666664,144,0.9331534772182255,0.9306665495015953
74552787,0.9618320610687023,262,0.05405405405405406,148,0.9077780070146483,0.903134728692538
74554204,0.9612676056338029,284,0.03205128205128205,156,0.9292163235825208,0.9263840593946692
74554305,0.9484848484848485,330,0.0,128,0.9484848484848485,0.9483282674772037
74554318,0.968944099378882,322,0.0,128,0.968944099378882,0.9688473520249221
74554412,0.9565217391304348,276,0.0,124,0.9565217391304348,0.9563636363636364
74555965,0.9315068493150684,292,0.02666666666666667,150,0.9048401826484018,0.9007688245673324
74555965,0.9315068493150684,292,0.0,150,0.9315068493150684,0.9312714776632303
74556525,0.9691358024691358,324,0.03125,160,0.9378858024691358,0.9356596215173396
74556774,0.9321428571428572,280,0.020833333333333332,144,0.9113095238095238,0.908086830017378
74557114,0.97265625,256,0.0,146,0.97265625,0.9725490196078431
74558724,0.9411764705882353,272,0.02027027027027027,148,0.920906200317965,0.9181600342100041
74559564,0.9680851063829787,282,0.0390625,128,0.9290226063829787,0.926100600816197
74559926,0.9637681159420289,276,0.0,100,0.9637681159420289,0.9636363636363636
74560805,0.9606299212598425,254,0.02112676056338028,142,0.9395031606964622,0.9375279074008837
74562689,0.950354609929078,282,0.03731343283582089,134,0.9130411770932572,0.9088735076099761
74562689,0.950354609929078,282,0.0,134,0.950354609929078,0.9501779359430605
74566061,0.9613095238095238,336,0.0,144,0.9613095238095238,0.9611940298507463
74566343,0.9625850340136054,294,0.0,130,0.9625850340136054,0.962457337883959
74567266,0.921875,256,0.0,128,0.921875,0.9215686274509804
74567955,0.9707792207792207,308,0.0,162,0.9707792207792207,0.9706840390879479
74570731,0.9130434782608695,276,0.006493506493506494,154,0.9065499717673631,0.9050575427682738
74570731,0.9130434782608695,276,0.0,154,0.9130434782608695,0.9127272727272726
74572294,0.9078947368421053,304,0.0,100,0.9078947368421053,0.9075907590759076
74574176,0.985632183908046,348,0.02857142857142857,140,0.9570607553366174,0.9559893787977363
74576197,0.9897260273972602,292,0.0,114,0.9897260273972602,0.9896907216494845
74576440,0.9725609756097561,328,0.0,124,0.9725609756097561,0.9724770642201834
74576581,0.9874213836477987,318,0.017543859649122806,114,0.9698775239986759,0.9692387928132055
74576792,0.9743589743589743,312,0.0,128,0.9743589743589743,0.9742765273311897
74581466,0.9903846153846154,312,0.0,128,0.9903846153846154,0.9903536977491961
74581645,0.9280575539568345,278,0.0,152,0.9280575539568345,0.927797833935018
74581656,0.9285714285714286,280,0.0,154,0.9285714285714286,0.9283154121863799
74582427,0.9213483146067416,356,0.0,152,0.9213483146067416,0.9211267605633803
74582468,0.9129213483146067,356,0.0,128,0.9129213483146067,0.9126760563380282
74582685,0.9405405405405406,370,0.006024096385542169,166,0.9345164441549985,0.9335997597293616
74584113,0.9488636363636364,352,0.018292682926829267,164,0.9305709534368071,0.9284374566060242
74584365,0.9416666666666667,360,0.011627906976744186,172,0.9300387596899224,0.9284477069124832
74584739,0.9545454545454546,330,0.013157894736842105,152,0.9413875598086124,0.939961762637963
74584739,0.9545454545454546,330,0.006578947368421052,152,0.9479665071770336,0.947184137801508
74584833,0.9375,272,0.0,154,0.9375,0.9372693726937269
74584833,0.9375,272,0.006493506493506494,154,0.9310064935064936,0.9299182277537063
74585852,0.9513888888888888,288,0.0,162,0.9513888888888888,0.9512195121951219
74585893,0.9423076923076923,260,0.006172839506172839,162,0.9361348528015194,0.935158422487363
74585893,0.9423076923076923,260,0.0,162,0.9423076923076923,0.9420849420849421
74585975,0.9514925373134329,268,0.006756756756756757,148,0.9447357805566761,0.9438495895811074
74585975,0.9514925373134329,268,0.013513513513513514,148,0.9379790237999194,0.9363892572636827
74586206,0.9166666666666666,276,0.006666666666666667,150,0.9099999999999999,0.9085365853658536
74587783,0.922360248447205,322,0.006756756756756757,148,0.9156034916904482,0.9142623274887532
74587985,0.9382352941176471,340,0.0,162,0.9382352941176471,0.9380530973451328
74588548,0.9044585987261147,314,0.0,160,0.9044585987261147,0.9041533546325878
74591700,0.9775641025641025,312,0.02564102564102564,156,0.9519230769230769,0.9505307916449388
74592972,0.9810126582278481,316,0.0,172,0.9810126582278481,0.980952380952381
74593172,0.9732142857142857,336,0.0,146,0.9732142857142857,0.9731343283582089
74593208,0.9853801169590644,342,0.0,138,0.9853801169590644,0.9853372434017595
74594417,0.9607142857142857,280,0.0,158,0.9607142857142857,0.960573476702509
74594697,1.0,260,0.0,138,1.0,1.0
74596375,0.9539473684210527,304,0.02631578947368421,152,0.9276315789473685,0.9248757276254274
74596817,0.965034965034965,286,0.02142857142857143,140,0.9436063936063935,0.9418253752459381
74596835,0.9625850340136054,294,0.018072289156626505,166,0.9445127448569789,0.9429186718123896
74597519,0.9859154929577465,284,0.0,114,0.9859154929577465,0.9858657243816255
74598409,0.968503937007874,254,0.0,144,0.968503937007874,0.9683794466403162
74598409,0.968503937007874,254,0.0,144,0.968503937007874,0.9683794466403162
74598631,0.9744525547445255,274,0.0,100,0.9744525547445255,0.9743589743589743
74598835,1.0,258,0.0,116,1.0,1.0
74598936,0.9625850340136054,294,0.0,120,0.9625850340136054,0.962457337883959
74599261,0.971875,320,0.0,132,0.971875,0.9717868338557994
74599345,0.9475524475524476,286,0.0,154,0.9475524475524476,0.9473684210526316
74599414,0.9402985074626866,268,0.0,144,0.9402985074626866,0.9400749063670412
74599688,0.959731543624161,298,0.01875,160,0.940981543624161,0.9392130578603849
74599761,0.9668874172185431,302,0.020833333333333332,144,0.9460540838852097,0.944413567474313
74599798,0.9932432432432432,296,0.00819672131147541,122,0.9850465219317678,0.9848444771375103
74599798,0.0,296,0.9672131147540983,122,0.9672131147540983,0.9669421487603306
74599837,0.9821428571428571,280,0.07042253521126761,142,0.9117203219315895,0.9086355602675338
74599865,0.9689655172413794,290,0.0,148,0.9689655172413794,0.9688581314878894
74599892,0.9856115107913669,278,0.07857142857142857,140,0.9070400822199383,0.9041555519058901
74599947,0.9755244755244755,286,0.0,138,0.9755244755244755,0.9754385964912281
74600095,0.9748201438848921,278,0.0,150,0.9748201438848921,0.9747292418772564
74600306,0.9567901234567902,324,0.0,158,0.9567901234567902,0.9566563467492261
74600529,0.9685534591194969,318,0.0,150,0.9685534591194969,0.9684542586750788
74602953,0.9731543624161074,298,0.0,168,0.9731543624161074,0.9730639730639731
74604950,0.9572368421052632,304,0.0,168,0.9572368421052632,0.957095709570957
74605160,0.9633333333333334,300,0.052941176470588235,170,0.9103921568627451,0.9060725842178015
74605160,0.9633333333333334,300,0.0,170,0.9633333333333334,0.9632107023411373
74605160,0.9633333333333334,300,0.0,170,0.9633333333333334,0.9632107023411373
74605491,0.9777070063694268,314,0.0,172,0.9777070063694268,0.9776357827476039
74605492,0.9777070063694268,314,0.0,168,0.9777070063694268,0.9776357827476039
74605603,0.961038961038961,308,0.006024096385542169,166,0.9550148646534189,0.954380057988084
74605603,0.961038961038961,308,0.0,166,0.961038961038961,0.9609120521172638
74605614,0.9640522875816994,306,0.005813953488372093,172,0.9582383340933273,0.9576667351134702
74606057,0.9898648648648649,296,0.0,152,0.9898648648648649,0.9898305084745763
74606284,0.9408284023668639,338,0.0,160,0.9408284023668639,0.940652818991098
74606314,0.9525316455696202,316,0.0,150,0.9525316455696202,0.9523809523809523
74606326,0.9433333333333334,300,0.0,166,0.9433333333333334,0.9431438127090301
74606326,0.9433333333333334,300,0.0,166,0.9433333333333334,0.9431438127090301
74606856,0.951048951048951,286,0.0,144,0.951048951048951,0.9508771929824561
74606867,0.9535714285714286,280,0.0,146,0.9535714285714286,0.953405017921147
74606872,0.9574468085106383,282,0.05303030303030303,132,0.9044165054803354,0.8993444266471061
74607632,0.9647435897435898,312,0.00625,160,0.9584935897435898,0.9578983003942214
74608255,0.9746835443037974,316,0.014084507042253521,142,0.9605990372615439,0.9597024924413017
74608349,0.9915730337078652,356,0.0,134,0.9915730337078652,0.991549295774648
74608349,0.0056179775280898875,356,0.9850746268656716,134,0.9794566493375817,0.9791600683265452
74609264,0.9797297297297297,296,0.0,116,0.9797297297297297,0.9796610169491526
74609264,0.010135135135135136,296,1.0,116,0.9898648648648649,0.9898305084745763
74609291,0.9285714285714286,308,0.0,150,0.9285714285714286,0.9283387622149838
74610223,0.9623287671232876,292,0.056338028169014086,142,0.9059907389542735,0.9012147900787103
74610764,0.9571428571428572,280,0.00684931506849315,146,0.950293542074364,0.9495028624412741
74611438,0.9514925373134329,268,0.0,140,0.9514925373134329,0.9513108614232211
74611780,0.9360902255639098,266,0.0,140,0.9360902255639098,0.9358490566037735
74612055,0.9535714285714286,280,0.0,152,0.9535714285714286,0.953405017921147
74612127,0.9184397163120568,282,0.0,162,0.9184397163120568,0.9181494661921709
74612132,0.9214285714285714,280,0.006172839506172839,162,0.9152557319223985,0.9139619361048154
74612267,0.9539473684210527,304,0.0,140,0.9539473684210527,0.9537953795379538
74612341,1.0,294,0.06779661016949153,118,0.9322033898305084,0.9316239316239315
74612475,0.9539877300613497,326,0.0,172,0.9539877300613497,0.9538461538461539
74612792,0.9745222929936306,314,0.0,146,0.9745222929936306,0.9744408945686901
74616199,0.9720496894409938,322,0.0,144,0.9720496894409938,0.9719626168224298
74616199,0.012422360248447204,322,0.9375,144,0.9250776397515528,0.9230440127471947
74617164,0.9343065693430657,274,0.01282051282051282,156,0.9214860565225529,0.9194726970787662
74617259,0.9178082191780822,292,0.0,150,0.9178082191780822,0.9175257731958762
74618733,0.9342105263157895,304,0.006329113924050633,158,0.9278814123917388,0.9267878366028854
74618794,0.9346153846153846,260,0.0,162,0.9346153846153846,0.9343629343629343
74619461,0.950920245398773,326,0.024691358024691357,162,0.9262288873740816,0.9234958181607684
74619670,0.92,300,0.0,166,0.92,0.9197324414715718
74619727,0.9257142857142857,350,0.00641025641025641,156,0.9193040293040293,0.9180938664293167
74619746,0.9096385542168675,332,0.006493506493506494,154,0.903145047723361,0.901651817066729
74623040,0.922360248447205,322,0.005813953488372093,172,0.9165462949588329,0.9153643888668583
74623166,0.9205298013245033,302,0.0,156,0.9205298013245033,0.920265780730897
74623225,0.9411764705882353,306,0.0,154,0.9411764705882353,0.9409836065573771
74623897,0.9810606060606061,264,0.034722222222222224,144,0.9463383838383839,0.9447030935231577
74624152,0.9452054794520548,292,0.01764705882352941,170,0.9275584206285253,0.9253266807427899
74624153,0.9452054794520548,292,0.01764705882352941,170,0.9275584206285253,0.9253266807427899
74624221,0.9246575342465754,292,0.012658227848101266,158,0.9119993063984742,0.9097468244485266
74625203,0.9707792207792207,308,0.0,136,0.9707792207792207,0.9706840390879479
74625341,0.9731543624161074,298,0.03676470588235294,136,0.9363896565337545,0.934046574961642
74625341,0.9731543624161074,298,0.0,136,0.9731543624161074,0.9730639730639731
74626359,0.9759036144578314,332,0.01948051948051948,154,0.9564230949773119,0.9552805832415584
74626359,0.9759036144578314,332,0.0,154,0.9759036144578314,0.9758308157099699
74628729,0.0,280,0.9528301886792453,106,0.9528301886792453,0.9523809523809524
74631250,0.9779411764705882,272,0.014492753623188406,138,0.9634484228473998,0.9626187563746886
74631338,0.9931972789115646,294,0.0,104,0.9931972789115646,0.9931740614334471
74631338,0.003401360544217687,294,0.9807692307692307,104,0.977367870225013,0.9770378994199707
74633744,0.9867549668874173,302,0.0,118,0.9867549668874173,0.9867109634551496
74633744,0.0,302,0.9745762711864406,118,0.9745762711864406,0.9743589743589742
74640033,0.9456521739130435,276,0.0,110,0.9456521739130435,0.9454545454545454
74640033,0.0,276,0.9363636363636364,110,0.9363636363636364,0.9357798165137615
74641116,0.9756944444444444,288,0.0,102,0.9756944444444444,0.975609756097561
74641116,0.024305555555555556,288,1.0,102,0.9756944444444444,0.975609756097561
74641140,0.9965986394557823,294,0.0,102,0.9965986394557823,0.9965870307167235
74641140,0.003401360544217687,294,1.0,102,0.9965986394557823,0.9965870307167235
74644997,0.9699248120300752,266,0.0,122,0.9699248120300752,0.9698113207547171
74651967,1.0,314,0.0,108,1.0,1.0
74651967,0.0,314,0.9722222222222222,108,0.9722222222222222,0.9719626168224299
74651972,1.0,314,0.08333333333333333,108,0.9166666666666666,0.9158878504672897
74652077,0.9630872483221476,298,0.0,130,0.9630872483221476,0.962962962962963
74652192,0.9788732394366197,284,0.0,118,0.9788732394366197,0.9787985865724382
74652192,0.014084507042253521,284,1.0,118,0.9859154929577465,0.9858657243816255
74655677,0.9472049689440993,322,0.03125,160,0.9159549689440993,0.9122905293209803
74655904,0.9285714285714286,308,0.0,152,0.9285714285714286,0.9283387622149838
74659613,0.9505813953488372,344,0.04878048780487805,164,0.9018009075439591,0.8965401682805558
74659829,0.964968152866242,314,0.033783783783783786,148,0.9311843690824583,0.9284698014933638
74663484,0.9042553191489362,282,0.0,168,0.9042553191489362,0.903914590747331
74675822,0.975177304964539,282,0.0,124,0.975177304964539,0.9750889679715303
74675863,0.9586206896551724,290,0.02631578947368421,152,0.9323049001814883,0.9298036502998698
74676447,0.9171779141104295,326,0.013157894736842105,152,0.9040200193735873,0.901492915570878
74676447,0.9171779141104295,326,0.0,152,0.9171779141104295,0.916923076923077
74676676,0.9424460431654677,278,0.0,116,0.9424460431654677,0.9422382671480144
74676688,0.9825174825174825,286,0.0,130,0.9825174825174825,0.9824561403508772
74678267,0.9736842105263158,304,0.009615384615384616,104,0.9640688259109312,0.9633794963966492
74679252,0.9710144927536232,276,0.016129032258064516,124,0.9548854604955587,0.9537093028237025
74679484,0.9444444444444444,306,0.0,130,0.9444444444444444,0.9442622950819672
74679868,0.9430379746835443,316,0.0,122,0.9430379746835443,0.9428571428571428
74679911,0.9090909090909091,286,0.0,166,0.9090909090909091,0.9087719298245613
74679911,0.9090909090909091,286,0.0,166,0.9090909090909091,0.9087719298245613
74683221,1.0,318,0.0,110,1.0,1.0
74683221,0.0,318,0.990909090909091,110,0.990909090909091,0.9908256880733946
74687199,0.9155405405405406,296,0.00641025641025641,156,0.9091302841302842,0.9077156349177545
74687201,0.9217687074829932,294,0.006756756756756757,148,0.9150119507262364,0.9136374923152535
74688852,0.9333333333333333,330,0.0,162,0.9333333333333333,0.9331306990881459
74688877,0.9150943396226415,318,0.0,144,0.9150943396226415,0.914826498422713
74689040,0.9017341040462428,346,0.0,170,0.9017341040462428,0.9014492753623188
74689106,0.9104938271604939,324,0.0,168,0.9104938271604939,0.9102167182662538
74689106,0.9104938271604939,324,0.0,168,0.9104938271604939,0.9102167182662538
74690345,0.9375,352,0.006578947368421052,152,0.930921052631579,0.9298737939514639
74690564,0.9391025641025641,312,0.006024096385542169,166,0.933078467717022,0.9321095571870442
74690564,0.9391025641025641,312,0.0,166,0.9391025641025641,0.9389067524115754
74693432,0.97265625,256,0.0,128,0.97265625,0.9725490196078431
74693649,0.9522292993630573,314,0.0,124,0.9522292993630573,0.952076677316294
74694486,0.972027972027972,286,0.06428571428571428,140,0.9077422577422577,0.9035805058049304
74694486,0.972027972027972,286,0.014285714285714285,140,0.9577422577422577,0.9567385065097315
74697194,0.9967532467532467,308,0.0,122,0.9967532467532467,0.996742671009772
74699501,0.9486301369863014,292,0.0078125,128,0.9408176369863014,0.9397730048877825
74703520,0.9256756756756757,296,0.0,160,0.9256756756756757,0.9254237288135593
74704689,0.93125,320,0.017857142857142856,168,0.9133928571428571,0.910610271972045
74704735,0.9206896551724137,290,0.01948051948051948,154,0.9012091356918943,0.8977122212403478
74705017,0.9548192771084337,332,0.028169014084507043,142,0.9266502630239267,0.9237626341960012
74705017,0.9548192771084337,332,0.0,142,0.9548192771084337,0.9546827794561933
74705400,0.9612403100775194,258,0.04794520547945205,146,0.9132951045980674,0.9090921035015929
74707409,0.9772727272727273,308,0.0,106,0.9772727272727273,0.9771986970684039
74707429,0.974025974025974,308,0.028169014084507043,142,0.945856959941467,0.9441039545782907
74707905,0.9777070063694268,314,0.007936507936507936,126,0.9697704984329188,0.9692800622229902
74708514,0.9401197604790419,334,0.032467532467532464,154,0.9076522280115095,0.9033697877075182
74708541,0.953125,320,0.0,138,0.953125,0.9529780564263323
74710123,0.9903846153846154,312,0.0,118,0.9903846153846154,0.9903536977491961
74714223,0.9479768786127167,346,0.0,156,0.9479768786127167,0.9478260869565216
74714985,0.9666666666666667,360,0.04054054054054054,148,0.9261261261261261,0.9230497739866868
74714985,0.9666666666666667,360,0.013513513513513514,148,0.9531531531531532,0.9520639712480667
74717893,0.9753086419753086,324,0.0,120,0.9753086419753086,0.9752321981424148
74727465,0.9965986394557823,294,0.0,132,0.9965986394557823,0.9965870307167235
74730216,0.9125874125874126,286,0.0,134,0.9125874125874126,0.9122807017543859
74735455,0.9603658536585366,328,0.046052631578947366,152,0.9143132220795892,0.9102334822695312
74735469,0.9503105590062112,322,0.03896103896103896,154,0.9113495200451722,0.9070658699501554
74735787,0.9401197604790419,334,0.0,156,0.9401197604790419,0.93993993993994
74735916,0.9583333333333334,312,0.0,142,0.9583333333333334,0.9581993569131834
74736836,0.9147286821705426,258,0.006097560975609756,164,0.9086311211949328,0.9072179038873099
74737480,0.9645669291338582,254,0.007936507936507936,126,0.9566304211973503,0.9558613862868015
74743603,0.9612403100775194,258,0.0,142,0.9612403100775194,0.9610894941634242
74744586,0.9080882352941176,272,0.006578947368421052,152,0.9015092879256966,0.8999124206986137
74747537,0.9808917197452229,314,0.0,130,0.9808917197452229,0.9808306709265175
74756537,0.9703947368421053,304,0.006944444444444444,144,0.9634502923976609,0.9628908807361752
74758184,0.9761904761904762,378,0.023809523809523808,168,0.9523809523809523,0.9510378939966196
74760521,0.9585798816568047,338,0.0,154,0.9585798816568047,0.9584569732937684
74764769,0.9763313609467456,338,0.0,152,0.9763313609467456,0.9762611275964391
74767267,0.993006993006993,286,0.03225806451612903,124,0.960748928490864,0.9600085840900899
74784948,0.9745222929936306,314,0.0410958904109589,146,0.9334264025826717,0.9309617357534085
74785256,0.9705882352941176,306,0.03896103896103896,154,0.9316271963330787,0.928978734341301
74785337,0.95,300,0.02857142857142857,140,0.9214285714285714,0.9181923503290278
74789959,0.9628378378378378,296,0.0,116,0.9628378378378378,0.9627118644067797
74789959,0.9628378378378378,296,0.0,116,0.9628378378378378,0.9627118644067797
74790843,0.9940119760479041,334,0.0,106,0.9940119760479041,0.993993993993994
74790922,0.9968354430379747,316,0.0,98,0.9968354430379747,0.9968253968253968
74790963,0.9666666666666667,300,0.017543859649122806,114,0.9491228070175439,0.9476807420241287
74791465,0.9651898734177216,316,0.0379746835443038,158,0.9272151898734178,0.9242139484077823
74794322,0.9676258992805755,278,0.02564102564102564,156,0.9419848736395499,0.9400369298481881
74795661,0.9850746268656716,268,0.0,126,0.9850746268656716,0.9850187265917603
74795661,0.9850746268656716,268,0.0,126,0.9850746268656716,0.9850187265917603
74795661,0.011194029850746268,268,1.0,126,0.9888059701492538,0.9887640449438202
74795661,0.0037313432835820895,268,1.0,126,0.996268656716418,0.9962546816479401
74801162,0.9,280,0.0,152,0.9,0.8996415770609318
74807149,0.9615384615384616,312,0.0,160,0.9615384615384616,0.9614147909967845
74807394,0.9927007299270073,274,0.03676470588235294,136,0.9559360240446544,0.9550976075862446
74808179,0.9654088050314465,318,0.0,130,0.9654088050314465,0.9652996845425866
74808212,0.9509803921568627,306,0.0,144,0.9509803921568627,0.9508196721311475
74809552,0.9551282051282052,312,0.0,164,0.9551282051282052,0.954983922829582
74809552,0.9551282051282052,312,0.024390243902439025,164,0.9307379612257661,0.928250033552889
74830588,0.9589552238805971,268,0.008928571428571428,112,0.9500266524520257,0.9490553760634024
74830853,0.9758620689655172,290,0.0,116,0.9758620689655172,0.9757785467128027
74830853,0.02413793103448276,290,0.9741379310344828,116,0.95,0.9484371426959533
74834018,0.9697986577181208,298,0.0,120,0.9697986577181208,0.9696969696969697
74834314,1.0,286,0.0,106,1.0,1.0
74836172,0.9538461538461539,260,0.02054794520547945,146,0.9332982086406745,0.9310751517492654
74837939,0.9967320261437909,306,0.0,118,0.9967320261437909,0.9967213114754099
74838518,0.9844961240310077,258,0.008928571428571428,112,0.9755675526024363,0.9751482222847165
74842150,0.9856115107913669,278,0.024193548387096774,124,0.9614179624042701,0.9604695416017905
74842412,0.9328358208955224,268,0.013157894736842105,152,0.9196779261586803,0.9175658545413785
74843299,0.9131736526946108,334,0.012658227848101266,158,0.9005154248465096,0.8979706967199156
74843345,0.9129032258064517,310,0.006172839506172839,162,0.9067303863002788,0.9053309680840417
74843645,0.9365671641791045,268,0.0,172,0.9365671641791045,0.9363295880149812
74843648,0.9296296296296296,270,0.0,168,0.9296296296296296,0.9293680297397768
74843648,0.9296296296296296,270,0.0,168,0.9296296296296296,0.9293680297397768
74843658,0.9274809160305344,262,0.006097560975609756,164,0.9213833550549246,0.9201800886172438
74843659,0.9204545454545454,264,0.0,164,0.9204545454545454,0.9201520912547528
74843659,0.9204545454545454,264,0.012195121951219513,164,0.9082594235033259,0.9059363683639894
74843669,0.9198473282442748,262,0.0,162,0.9198473282442748,0.9195402298850575
74844644,0.937037037037037,270,0.03636363636363636,110,0.9006734006734006,0.8955200303667877
74885194,0.9716312056737588,282,0.0,126,0.9716312056737588,0.9715302491103202
74885194,0.01773049645390071,282,1.0,126,0.9822695035460993,0.9822064056939502
74888554,0.9895104895104895,286,0.08064516129032258,124,0.9088653282201669,0.9064746320760162
74888554,0.9895104895104895,286,0.016129032258064516,124,0.973381457252425,0.9728733039737014
74888921,0.9601226993865031,326,0.0,136,0.9601226993865031,0.96
74902158,0.9227941176470589,272,0.0,148,0.9227941176470589,0.922509225092251
74902158,0.9227941176470589,272,0.006756756756756757,148,0.9160373608903021,0.9146587760368097
74902427,0.9093959731543624,298,0.0,152,0.9093959731543624,0.9090909090909092
74902884,0.9392857142857143,280,0.0,150,0.9392857142857143,0.9390681003584229
74902939,0.9444444444444444,288,0.006666666666666667,150,0.9377777777777777,0.9367954701082697
74902968,0.9379310344827586,290,0.012987012987012988,154,0.9249440214957456,0.9230268166554522
74907360,0.952054794520548,292,0.0,158,0.952054794520548,0.9518900343642611
74907418,0.9496644295302014,298,0.025974025974025976,154,0.9236904035561754,0.9207306854365678
74908504,0.9765625,256,0.0136986301369863,146,0.9628638698630136,0.9620323088157001
74914546,0.9055944055944056,286,0.0,146,0.9055944055944056,0.9052631578947369
74916730,0.9855072463768116,276,0.0,110,0.9855072463768116,0.9854545454545455
74916730,0.014492753623188406,276,0.990909090909091,110,0.9764163372859026,0.9760151085930124
74920304,0.918918918918919,296,0.0,152,0.918918918918919,0.9186440677966102
74920304,0.918918918918919,296,0.013157894736842105,152,0.9057610241820768,0.9032594219737654
74921563,0.9537037037037037,324,0.0,160,0.9537037037037037,0.9535603715170279
74933230,1.0,378,0.012658227848101266,158,0.9873417721518988,0.9872611464968154
74933230,0.0,378,0.9873417721518988,158,0.9873417721518988,0.9872611464968154
74935010,0.9084507042253521,284,0.0,124,0.9084507042253521,0.9081272084805653
74936465,0.9878787878787879,330,0.0078125,128,0.9800662878787879,0.9797775369030846
74947044,0.9021739130434783,276,0.0,144,0.9021739130434783,0.9018181818181819
74947901,0.9130434782608695,322,0.0,162,0.9130434782608695,0.9127725856697818
74948383,0.9475524475524476,286,0.0,152,0.9475524475524476,0.9473684210526316
74948450,0.950354609929078,282,0.0,150,0.950354609929078,0.9501779359430605
74948535,0.9405594405594405,286,0.0,162,0.9405594405594405,0.9403508771929824
74948711,0.944078947368421,304,0.0,152,0.944078947368421,0.943894389438944
74948890,0.9753521126760564,284,0.0390625,128,0.9362896126760564,0.9339623783463297
74949448,0.9774436090225563,266,0.0,122,0.9774436090225563,0.9773584905660377
74949680,0.9420289855072463,276,0.0,146,0.9420289855072463,0.9418181818181818
74949763,0.9417808219178082,292,0.0,172,0.9417808219178082,0.9415807560137458
74949793,0.9424242424242424,330,0.0,166,0.9424242424242424,0.9422492401215805
74949816,0.9938271604938271,324,0.01694915254237288,118,0.9768780079514543,0.9765036168672572
74950300,0.9490445859872612,314,0.0,164,0.9490445859872612,0.9488817891373802
74958474,0.9936305732484076,314,0.0,120,0.9936305732484076,0.9936102236421727
74958474,0.0031847133757961785,314,0.975,120,0.9718152866242038,0.9714349042369241
74958912,0.9228395061728395,324,0.0,152,0.9228395061728395,0.9226006191950464
74977420,0.9431818181818182,264,0.0,144,0.9431818181818182,0.9429657794676808
74977420,0.9431818181818182,264,0.0,144,0.9431818181818182,0.9429657794676808
74978274,0.9837662337662337,308,0.0,140,0.9837662337662337,0.9837133550488599
74987895,0.9662576687116564,326,0.032467532467532464,154,0.933790136244124,0.931277664524538
74999142,0.9653846153846154,260,0.0,100,0.9653846153846154,0.9652509652509652
75007320,0.9847328244274809,262,0.0,102,0.9847328244274809,0.9846743295019157
75007320,0.007633587786259542,262,0.9705882352941176,102,0.9629546475078581,0.9621823182487006
75007416,0.9797297297297297,296,0.0,126,0.9797297297297297,0.9796610169491526
75007555,0.018796992481203006,266,0.9285714285714286,98,0.9097744360902256,0.9062713984758703
75014101,0.954248366013072,306,0.0,126,0.954248366013072,0.9540983606557378
75014549,0.9583333333333334,312,0.0,140,0.9583333333333334,0.9581993569131834
75015093,0.9813432835820896,268,0.0,114,0.9813432835820896,0.9812734082397003
75017057,0.922077922077922,308,0.0,120,0.922077922077922,0.9218241042345277
75017193,0.9545454545454546,286,0.0,104,0.9545454545454546,0.9543859649122808
75023537,0.958041958041958,286,0.04225352112676056,142,0.9157884369151974,0.9117907511485541
75024209,0.9541984732824428,262,0.04861111111111111,144,0.9055873621713316,0.9006168414736979
75030624,0.9726027397260274,292,0.007462686567164179,134,0.9651400531588632,0.9645787967596812
75033159,0.9966442953020134,298,0.0,116,0.9966442953020134,0.9966329966329965
75033159,0.003355704697986577,298,0.9482758620689655,116,0.9449201573709789,0.9441100235780016
75033309,0.9941860465116279,344,0.0,124,0.9941860465116279,0.9941690962099125
75033309,0.0029069767441860465,344,0.9838709677419355,124,0.9809639909977494,0.9807301064790422
75041097,0.9709677419354839,310,0.0,126,0.9709677419354839,0.9708737864077669
75057204,0.9645669291338582,254,0.0,100,0.9645669291338582,0.9644268774703556
75057424,0.9924812030075187,266,0.02459016393442623,122,0.9678910390730925,0.9672875958679144
75057508,0.971830985915493,284,0.0,112,0.971830985915493,0.9717314487632509
75058636,0.9680232558139535,344,0.0,126,0.9680232558139535,0.967930029154519
75066380,0.9872611464968153,314,0.0,112,0.9872611464968153,0.9872204472843451
75066380,0.0,314,0.9642857142857143,112,0.9642857142857143,0.963963963963964
75074290,0.9608433734939759,332,0.0,136,0.9608433734939759,0.9607250755287009
75074748,0.9820359281437125,334,0.0,126,0.9820359281437125,0.9819819819819819
75085637,1.0,278,0.0,126,1.0,1.0
75085637,0.0,278,0.9126984126984127,126,0.9126984126984127,0.9119999999999999
75094134,0.9765625,256,0.0,122,0.9765625,0.9764705882352941
75094134,0.0,256,0.9344262295081968,122,0.9344262295081968,0.9338842975206612
75094716,0.9923076923076923,260,0.0,116,0.9923076923076923,0.9922779922779923
75094716,0.0,260,1.0,116,1.0,1.0
75104772,0.9771241830065359,306,0.008620689655172414,116,0.9685034933513635,0.9679569019100897
75105016,0.9870967741935484,310,0.0,114,0.9870967741935484,0.9870550161812297
75108631,0.9928057553956835,278,0.0,126,0.9928057553956835,0.9927797833935018
75110471,0.906896551724138,290,0.006172839506172839,162,0.9007237122179651,0.8992095504016765
75110471,0.906896551724138,290,0.006172839506172839,162,0.9007237122179651,0.8992095504016765
75114812,0.9821428571428571,280,0.0,112,0.9821428571428571,0.9820788530465949
75118863,0.9776119402985075,268,0.0,98,0.9776119402985075,0.9775280898876406
75128918,0.9937888198757764,322,0.017857142857142856,112,0.9759316770186335,0.9755283382887299
75129638,0.916058394160584,274,0.0,152,0.916058394160584,0.9157509157509157
75131008,0.9669117647058824,272,0.04411764705882353,136,0.9227941176470589,0.9194187970381049
75131128,0.9683098591549296,284,0.0,122,0.9683098591549296,0.9681978798586574
75131128,0.9683098591549296,284,0.00819672131147541,122,0.9601131378434542,0.959411094497595
75131648,0.9962962962962963,270,0.0,96,0.9962962962962963,0.996282527881041
75135649,0.9236111111111112,288,0.0,162,0.9236111111111112,0.9233449477351917
75140530,0.9444444444444444,324,0.0,134,0.9444444444444444,0.9442724458204333
75153205,0.9533333333333334,300,0.034482758620689655,116,0.9188505747126438,0.9151680704150543
75195448,0.00980392156862745,306,0.9112903225806451,124,0.9014864010120177,0.8989874498379921
75196978,1.0,264,0.0,116,1.0,1.0
75208064,0.9965277777777778,288,0.0,114,0.9965277777777778,0.9965156794425087
75208993,0.9021739130434783,276,0.0,132,0.9021739130434783,0.9018181818181819
75208993,0.9021739130434783,276,0.0,132,0.9021739130434783,0.9018181818181819
75210510,0.9122137404580153,262,0.0,144,0.9122137404580153,0.9118773946360152
75211225,0.9695121951219512,328,0.006493506493506494,154,0.9630186886284448,0.9624853140124305
75211613,0.965625,320,0.05384615384615385,130,0.9117788461538461,0.9075468341749429
75211670,0.9969325153374233,326,0.022058823529411766,136,0.9748736918080115,0.9745648396615364
75211670,0.0,326,0.9485294117647058,136,0.9485294117647058,0.9481481481481481
75211723,0.9868421052631579,304,0.0,118,0.9868421052631579,0.9867986798679867
75212978,0.9525316455696202,316,0.006172839506172839,162,0.9463588060634474,0.9455813185906428
75214831,0.9375,256,0.0,138,0.9375,0.9372549019607843
75214831,0.9375,256,0.0,138,0.9375,0.9372549019607843
75215323,0.9370629370629371,286,0.006493506493506494,154,0.9305694305694306,0.9294853339286493
75215510,0.9166666666666666,276,0.00641025641025641,156,0.9102564102564102,0.9088393903868698
75217771,0.944078947368421,304,0.0,154,0.944078947368421,0.943894389438944
75217825,0.9723926380368099,326,0.0,136,0.9723926380368099,0.9723076923076923
75218352,0.9716981132075472,318,0.023529411764705882,170,0.9481687014428413,0.946604166550526
75219426,0.9539007092198581,282,0.013333333333333334,150,0.9405673758865248,0.9390797544116583
75219514,0.9503311258278145,302,0.0,150,0.9503311258278145,0.9501661129568106
75219514,0.9503311258278145,302,0.0,150,0.9503311258278145,0.9501661129568106
75219566,0.987012987012987,308,0.07857142857142857,140,0.9084415584415584,0.9057873998955125
75219638,0.9525547445255474,274,0.019230769230769232,156,0.9333239752947782,0.9311955696176262
75219647,0.9460431654676259,278,0.012658227848101266,158,0.9333849376195247,0.9317386330258584
75219788,0.9703947368421053,304,0.04054054054054054,148,0.9298541963015647,0.9270744119101234
75220363,0.9591836734693877,294,0.030303030303030304,132,0.9288806431663574,0.9260291853281798
75226798,0.9732824427480916,262,0.0,114,0.9732824427480916,0.9731800766283525
75227031,0.948905109489051,274,0.0,126,0.948905109489051,0.9487179487179487
75228872,0.9933333333333333,300,0.0,132,0.9933333333333333,0.9933110367892976
75233037,0.9723926380368099,326,0.0,130,0.9723926380368099,0.9723076923076923
75233037,0.9723926380368099,326,0.007692307692307693,130,0.9647003303445022,0.9641288934526429
75233433,0.9798657718120806,298,0.0,130,0.9798657718120806,0.9797979797979798
75233449,0.9693877551020408,294,0.031746031746031744,126,0.937641723356009,0.9353325994753169
75236922,1.0,316,0.016129032258064516,124,0.9838709677419355,0.983739837398374
75236922,0.0,316,0.9838709677419355,124,0.9838709677419355,0.983739837398374
75242532,0.007518796992481203,266,0.9553571428571429,112,0.9478383458646618,0.9467327203251046
75242532,0.0,266,0.9553571428571429,112,0.9553571428571429,0.954954954954955
75250252,0.9964028776978417,278,0.017543859649122806,114,0.9788590180487189,0.9785637966216173
75251277,0.9,270,0.0,98,0.9,0.8996282527881041
75251542,0.9776119402985075,268,0.0,106,0.9776119402985075,0.9775280898876406
75251542,0.0,268,0.9528301886792453,106,0.9528301886792453,0.9523809523809524
75254210,0.9575163398692811,306,0.0,126,0.9575163398692811,0.957377049180328
75259529,0.9707602339181286,342,0.0,144,0.9707602339181286,0.970674486803519
75263074,0.954248366013072,306,0.0,110,0.954248366013072,0.9540983606557378
75263074,0.954248366013072,306,0.0,110,0.954248366013072,0.9540983606557378
75270900,0.918918918918919,296,0.0,124,0.918918918918919,0.9186440677966102
75270904,1.0,298,0.0,124,1.0,1.0
75270904,0.0,298,0.9758064516129032,124,0.9758064516129032,0.975609756097561
75271023,1.0,292,0.0859375,128,0.9140625,0.9133858267716536
75271023,0.0,292,0.9140625,128,0.9140625,0.9133858267716536
75282623,1.0,344,0.00847457627118644,118,0.9915254237288136,0.9914529914529915
75282623,0.0,344,0.9830508474576272,118,0.9830508474576272,0.982905982905983
75282699,0.9716981132075472,318,0.0,120,0.9716981132075472,0.971608832807571
75282699,0.0031446540880503146,318,0.9333333333333333,120,0.930188679245283,0.9291970899646184
75283951,0.9888059701492538,268,0.0,106,0.9888059701492538,0.9887640449438202
75283951,0.0,268,1.0,106,1.0,1.0
75303552,0.993103448275862,290,0.0,108,0.993103448275862,0.9930795847750865
75303552,0.0034482758620689655,290,1.0,108,0.996551724137931,0.9965397923875432
75304521,0.0,280,0.9285714285714286,112,0.9285714285714286,0.9279279279279279
75322352,0.9415584415584416,308,0.0,126,0.9415584415584416,0.9413680781758959
75324522,0.9554140127388535,314,0.00819672131147541,122,0.9472172914273781,0.9462724926233573
75338000,0.008670520231213872,346,0.9285714285714286,112,0.9199009083402148,0.9179881887227005
75340074,0.9787234042553191,282,0.0,114,0.9787234042553191,0.9786476868327403
75340074,0.0070921985815602835,282,0.9912280701754386,114,0.9841358715938783,0.9839078246602728
75340826,0.9935064935064936,308,0.0,106,0.9935064935064936,0.9934853420195441
75340826,0.003246753246753247,308,0.9433962264150944,106,0.9401494731683411,0.9392301178922685
75342007,0.9836601307189542,306,0.015873015873015872,126,0.9677871148459383,0.9670851849542498
75346957,0.9822485207100592,338,0.00684931506849315,146,0.975399205641566,0.9750549792846955
75347536,0.9692307692307692,260,0.0,112,0.9692307692307692,0.9691119691119691
75347577,0.9409722222222222,288,0.0,160,0.9409722222222222,0.9407665505226481
75347736,0.9615384615384616,286,0.05970149253731343,134,0.9018369690011482,0.8966590002555472
75348358,0.9548611111111112,288,0.025974025974025976,154,0.9288870851370852,0.9262092768477868
75348478,0.9768211920529801,302,0.011904761904761904,168,0.9649164301482183,0.9642140010397717
75348505,0.9671052631578947,304,0.02531645569620253,158,0.9417888074616921,0.939848317633046
75348510,0.9516129032258065,310,0.02531645569620253,158,0.9262964475296039,0.92352325584288
75348512,0.9548387096774194,310,0.02564102564102564,156,0.9291976840363937,0.9265646309524425
75348826,0.9655172413793104,348,0.0,176,0.9655172413793104,0.9654178674351586
75349049,0.978125,320,0.0,144,0.978125,0.9780564263322885
75349148,0.9473684210526315,304,0.0,166,0.9473684210526315,0.9471947194719471
75350230,0.9503105590062112,322,0.0,158,0.9503105590062112,0.9501557632398753
75350357,0.9542682926829268,328,0.0125,160,0.9417682926829268,0.9404025155553614
75354593,0.9300699300699301,286,0.0,122,0.9300699300699301,0.9298245614035089
75354593,0.0,286,0.9590163934426229,122,0.9590163934426229,0.9586776859504132
75359346,0.9093959731543624,298,0.0,154,0.9093959731543624,0.9090909090909092
75359728,0.932258064516129,310,0.0,138,0.932258064516129,0.9320388349514563
75376543,0.9897959183673469,294,0.0,120,0.9897959183673469,0.9897610921501706
75376543,0.0,294,0.9333333333333333,120,0.9333333333333333,0.9327731092436975
75386176,0.9196428571428571,336,0.00684931506849315,146,0.9127935420743639,0.911401371088881
75386339,0.9325153374233128,326,0.0,124,0.9325153374233128,0.9323076923076923
75387689,0.9389312977099237,262,0.0,112,0.9389312977099237,0.9386973180076629
75387734,0.9629629629629629,270,0.0,106,0.9629629629629629,0.9628252788104088
75387876,0.9029850746268657,268,0.0,114,0.9029850746268657,0.9026217228464419
75388027,0.9758620689655172,290,0.0,124,0.9758620689655172,0.9757785467128027
75388078,0.9722222222222222,324,0.0,118,0.9722222222222222,0.9721362229102166
75388123,0.9026845637583892,298,0.0,166,0.9026845637583892,0.9023569023569024
75393941,0.9194630872483222,298,0.007575757575757576,132,0.9118873296725646,0.9103327950702527
75395627,0.9895104895104895,286,0.0,100,0.9895104895104895,0.9894736842105263
75402423,0.9115384615384615,260,0.0,148,0.9115384615384615,0.9111969111969112
75402423,0.9115384615384615,260,0.0,148,0.9115384615384615,0.9111969111969112
75402459,0.9573643410852714,258,0.0,98,0.9573643410852714,0.9571984435797665
75403422,0.9074074074074074,324,0.005952380952380952,168,0.9014550264550265,0.9000266190347272
75408129,0.9097744360902256,266,0.007246376811594203,138,0.9025280592786313,0.9008215264263543
75409057,0.9395973154362416,298,0.0,122,0.9395973154362416,0.9393939393939393
75409057,0.9395973154362416,298,0.01639344262295082,122,0.9232038728132907,0.920877113495412
75409377,0.9149659863945578,294,0.0,138,0.9149659863945578,0.9146757679180888
75412385,0.9880952380952381,336,0.0,124,0.9880952380952381,0.9880597014925373
75412385,0.0,336,0.9032258064516129,124,0.9032258064516129,0.9024390243902439
75413371,0.9019607843137255,306,0.0,152,0.9019607843137255,0.9016393442622952
75416933,0.9965034965034965,286,0.018518518518518517,108,0.977984977984978,0.9776693298819186
75417446,0.9285714285714286,266,0.02112676056338028,142,0.9074446680080483,0.9040005677899001
75417451,0.9360902255639098,266,0.02112676056338028,142,0.9149634650005295,0.9118651575884945
75419407,0.9366666666666666,300,0.0,148,0.9366666666666666,0.9364548494983277
75423137,0.9507575757575758,264,0.0,160,0.9507575757575758,0.9505703422053233
75423183,0.9633333333333334,300,0.0,156,0.9633333333333334,0.9632107023411373
75423204,0.9633333333333334,300,0.0,144,0.9633333333333334,0.9632107023411373
75423263,0.9563758389261745,298,0.0,136,0.9563758389261745,0.9562289562289563
75423263,0.9563758389261745,298,0.0,136,0.9563758389261745,0.9562289562289563
75423286,0.925531914893617,282,0.0,138,0.925531914893617,0.9252669039145908
75423288,1.0,272,0.0,114,1.0,1.0
75423288,0.0,272,0.956140350877193,114,0.956140350877193,0.9557522123893806
75423308,0.9295302013422819,298,0.0,146,0.9295302013422819,0.9292929292929294
75423313,0.9304635761589404,302,0.0,138,0.9304635761589404,0.9302325581395348
75423328,0.9290540540540541,296,0.0,152,0.9290540540540541,0.9288135593220339
75423328,0.9290540540540541,296,0.0,152,0.9290540540540541,0.9288135593220339
75423334,0.9262820512820513,312,0.0,154,0.9262820512820513,0.9260450160771704
75423411,0.9290540540540541,296,0.0,154,0.9290540540540541,0.9288135593220339
75423450,0.9311594202898551,276,0.0,150,0.9311594202898551,0.930909090909091
75423467,0.9318181818181818,264,0.0,144,0.9318181818181818,0.9315589353612167
75423473,0.9318181818181818,264,0.0,140,0.9318181818181818,0.9315589353612167
75423627,0.91796875,256,0.014084507042253521,142,0.9038842429577465,0.9011448472653432
75423670,0.9347826086956522,276,0.0,154,0.9347826086956522,0.9345454545454546
75423680,0.948905109489051,274,0.013157894736842105,152,0.9357472147522089,0.9341232569541399
75423770,0.9514925373134329,268,0.0,144,0.9514925373134329,0.9513108614232211
75423770,0.9514925373134329,268,0.0,144,0.9514925373134329,0.9513108614232211
75429386,0.9818840579710145,276,0.0,98,0.9818840579710145,0.9818181818181819
75431106,0.986013986013986,286,0.0,100,0.986013986013986,0.9859649122807018
75442778,0.9716981132075472,318,0.0,122,0.9716981132075472,0.971608832807571
75453885,0.9607843137254902,306,0.0,136,0.9607843137254902,0.960655737704918
75461125,0.967741935483871,310,0.0,138,0.967741935483871,0.9676375404530745
75467054,0.9935064935064936,308,0.01639344262295082,122,0.9771130508835427,0.9767423400872598
75467054,0.0,308,0.9016393442622951,122,0.9016393442622951,0.9008264462809918
75473737,0.9393939393939394,264,0.02459016393442623,122,0.9148037754595132,0.9113809779286197
75473737,0.9393939393939394,264,0.0,122,0.9393939393939394,0.9391634980988594
75477514,0.9936305732484076,314,0.0423728813559322,118,0.9512576918924754,0.9503325925051165
75477514,0.006369426751592357,314,0.940677966101695,118,0.9343085393501026,0.9330217613094781
75478261,0.9079754601226994,326,0.0,120,0.9079754601226994,0.9076923076923077
75478263,1.0,320,0.037037037037037035,108,0.962962962962963,0.9626168224299065
75478263,0.0,320,0.9444444444444444,108,0.9444444444444444,0.9439252336448598
75483288,0.9964285714285714,280,0.0,132,0.9964285714285714,0.996415770609319
75483774,0.9256756756756757,296,0.02142857142857143,140,0.9042471042471042,0.9006496972584139
75486039,0.925531914893617,282,0.0,130,0.925531914893617,0.9252669039145908
75486476,0.9791666666666666,288,0.0,108,0.9791666666666666,0.9790940766550523
75489357,0.9965034965034965,286,0.0,106,0.9965034965034965,0.9964912280701754
75489357,0.0034965034965034965,286,0.9716981132075472,106,0.9682016097110436,0.9677206504919564
75491216,0.9802631578947368,304,0.0,114,0.9802631578947368,0.9801980198019803
75491216,0.006578947368421052,304,0.9473684210526315,114,0.9407894736842105,0.9396058734782793
75491217,0.9769736842105263,304,0.0,114,0.9769736842105263,0.9768976897689768
75491217,0.009868421052631578,304,0.9473684210526315,114,0.9375,0.9359578611063255
75491345,0.9640522875816994,306,0.0,126,0.9640522875816994,0.9639344262295082
75491387,0.9090909090909091,308,0.006097560975609756,164,0.9029933481152993,0.9015471813419554
75491416,0.9763513513513513,296,0.0,128,0.9763513513513513,0.976271186440678
75491416,0.006756756756756757,296,0.921875,128,0.9151182432432432,0.9134199002113887
75491911,0.9888059701492538,268,0.0,124,0.9888059701492538,0.9887640449438202
75491911,0.007462686567164179,268,0.9516129032258065,124,0.9441502166586423,0.9430030156882115
75492249,0.9880239520958084,334,0.0,130,0.9880239520958084,0.987987987987988
75492249,0.008982035928143712,334,0.9461538461538461,130,0.9371718102257024,0.9357560398779607
75493369,0.9128787878787878,264,0.0,160,0.9128787878787878,0.9125475285171102
75494338,0.916058394160584,274,0.0,152,0.916058394160584,0.9157509157509157
75495382,0.950381679389313,262,0.0,104,0.950381679389313,0.9501915708812261
75495382,0.03816793893129771,262,0.9711538461538461,104,0.9329859072225485,0.9303478614271975
75495807,0.9230769230769231,260,0.0,120,0.9230769230769231,0.9227799227799229
75496161,0.9119718309859155,284,0.0,156,0.9119718309859155,0.911660777385159
75499594,0.9064516129032258,310,0.0,152,0.9064516129032258,0.9061488673139159
75499594,0.9064516129032258,310,0.0,152,0.9064516129032258,0.9061488673139159
75500140,0.907185628742515,334,0.0,160,0.907185628742515,0.9069069069069069
75500159,0.9683908045977011,348,0.0,152,0.9683908045977011,0.968299711815562
75500164,0.9682080924855492,346,0.0,148,0.9682080924855492,0.9681159420289855
75500164,0.9682080924855492,346,0.0,148,0.9682080924855492,0.9681159420289855
75500242,0.9939759036144579,332,0.014925373134328358,134,0.9790505304801295,0.9787393753759234
75500433,0.9503311258278145,302,0.018292682926829267,164,0.9320384429009853,0.9299389252155223
75501324,0.9285714285714286,280,0.014285714285714285,140,0.9142857142857144,0.9118794482339266
75501324,0.9285714285714286,280,0.0,140,0.9285714285714286,0.9283154121863799
75501770,0.9724137931034482,290,0.05303030303030303,132,0.9193834900731452,0.9159506869627805
75502518,0.953416149068323,322,0.01639344262295082,122,0.9370227064453721,0.9352084458411103
75505186,0.9482758620689655,290,0.039473684210526314,152,0.9088021778584392,0.9042759871031153
75505314,0.9624060150375939,266,0.05921052631578947,152,0.9031954887218044,0.8982085421166145
75505576,0.9756944444444444,288,0.04477611940298507,134,0.9309183250414593,0.9283135840631102
75505579,0.9689655172413794,290,0.04477611940298507,134,0.9241893978383943,0.9209593475342726
75505587,0.9680851063829787,282,0.04285714285714286,140,0.9252279635258359,0.9220639588239303
75505587,0.9680851063829787,282,0.007142857142857143,140,0.9609422492401216,0.9603191033333596
75507209,0.9585987261146497,314,0.038461538461538464,156,0.9201371876531113,0.9165677233631918
75507960,0.9460431654676259,278,0.0136986301369863,146,0.9323445353306397,0.9305714844424103
75507960,0.9460431654676259,278,0.0,146,0.9460431654676259,0.9458483754512634
75507964,0.9532374100719424,278,0.028169014084507043,142,0.9250683959874354,0.9220586175960259
75509306,0.9707792207792207,308,0.06060606060606061,132,0.9101731601731602,0.9060682076251894
75509917,0.9769736842105263,304,0.05063291139240506,158,0.9263407728181212,0.9236052125525291
75517287,0.9379084967320261,306,0.0,162,0.9379084967320261,0.9377049180327869
75522363,0.9166666666666666,324,0.0,154,0.9166666666666666,0.9164086687306501
75526135,0.9460431654676259,278,0.0,142,0.9460431654676259,0.9458483754512634
75526135,0.9460431654676259,278,0.0,142,0.9460431654676259,0.9458483754512634
75526178,0.9532374100719424,278,0.0,154,0.9532374100719424,0.9530685920577616
75535912,0.9275862068965517,290,0.012345679012345678,162,0.915240527884206,0.9131199807442459
75537587,0.9545454545454546,286,0.006329113924050633,158,0.9482163406214039,0.9474386390475886
75537707,0.9054054054054054,296,0.0,182,0.9054054054054054,0.9050847457627118
75537767,0.9395973154362416,298,0.005813953488372093,172,0.9337833619478695,0.9328408727131011
75537845,0.9417808219178082,292,0.006024096385542169,166,0.9357567255322661,0.9348158598878105
75538008,0.9259259259259259,270,0.0189873417721519,158,0.906938584153774,0.9037236665127516
75540756,0.9058441558441559,308,0.0,154,0.9058441558441559,0.9055374592833877
75542184,0.903448275862069,290,0.0,162,0.903448275862069,0.9031141868512111
75544029,0.9423076923076923,312,0.0,122,0.9423076923076923,0.9421221864951768
75544039,0.9607843137254902,306,0.0,132,0.9607843137254902,0.960655737704918
75546506,0.0,360,0.9107142857142857,112,0.9107142857142857,0.9099099099099099
75547995,0.9736842105263158,304,0.0,108,0.9736842105263158,0.9735973597359736
75547995,0.003289473684210526,304,0.9259259259259259,108,0.9226364522417154,0.9214432758261292
75550872,0.914179104477612,268,0.0,112,0.914179104477612,0.9138576779026217
75550872,0.914179104477612,268,0.0,112,0.914179104477612,0.9138576779026217
75551434,0.9533333333333334,300,0.0,134,0.9533333333333334,0.9531772575250835
75560754,0.9810606060606061,264,0.0,106,0.9810606060606061,0.9809885931558935
75562089,0.9183006535947712,306,0.0,110,0.9183006535947712,0.9180327868852459
75575953,0.9190140845070423,284,0.0,150,0.9190140845070423,0.9187279151943464
75581387,0.9966442953020134,298,0.05454545454545454,110,0.9420988407565588,0.9412189534739384
75581467,0.9779874213836478,318,0.0,120,0.9779874213836478,0.9779179810725552
75581905,0.935251798561151,278,0.028169014084507043,142,0.907082784476644,0.9029963840804647
75586705,0.9862068965517241,290,0.0,98,0.9862068965517241,0.986159169550173
75593723,0.9548387096774194,310,0.0,112,0.9548387096774194,0.9546925566343043
75593756,0.971875,320,0.045454545454545456,132,0.9264204545454546,0.9234219048470025
75596737,0.9970414201183432,338,0.0,126,0.9970414201183432,0.9970326409495549
75596737,0.0,338,1.0,126,1.0,1.0
75602022,0.9823943661971831,284,0.0,108,0.9823943661971831,0.9823321554770318
75612710,0.993006993006993,286,0.015873015873015872,126,0.9771339771339771,0.9767592336889923
75612710,0.0,286,0.9126984126984127,126,0.9126984126984127,0.9119999999999999
75625486,0.9701986754966887,302,0.0,114,0.9701986754966887,0.9700996677740864
75626576,0.9545454545454546,264,0.03389830508474576,118,0.9206471494607088,0.9170941499053963
75633947,0.9841772151898734,316,0.0,148,0.9841772151898734,0.9841269841269842
75634392,0.9738372093023255,344,0.0,152,0.9738372093023255,0.9737609329446063
75647100,0.9420731707317073,328,0.0,130,0.9420731707317073,0.9418960244648318
75647610,0.9818840579710145,276,0.0,104,0.9818840579710145,0.9818181818181819
75666224,0.9916666666666667,360,0.0,126,0.9916666666666667,0.9916434540389972
75669218,0.9836601307189542,306,0.0,124,0.9836601307189542,0.9836065573770492
75673089,0.01171875,256,0.9895833333333334,96,0.9778645833333334,0.9774631343510032
75673089,0.95703125,256,0.0,96,0.95703125,0.9568627450980393
75680695,0.9678571428571429,280,0.0,104,0.9678571428571429,0.967741935483871
75688100,0.9696969696969697,264,0.0,130,0.9696969696969697,0.9695817490494297
75689405,0.9763513513513513,296,0.0,118,0.9763513513513513,0.976271186440678
75694609,0.9055944055944056,286,0.0,120,0.9055944055944056,0.9052631578947369
75702289,0.9728682170542635,258,0.0,112,0.9728682170542635,0.9727626459143969
75702289,0.007751937984496124,258,0.9910714285714286,112,0.9833194905869325,0.9830695895323648
75704193,0.9964788732394366,284,0.0,118,0.9964788732394366,0.9964664310954063
75704193,0.0035211267605633804,284,0.9915254237288136,118,0.9880042969682502,0.9878593863251994
75730736,0.9655172413793104,290,0.0,106,0.9655172413793104,0.9653979238754327
75746317,0.9895104895104895,286,0.016129032258064516,124,0.973381457252425,0.9728733039737014
75748674,0.9318181818181818,264,0.0,106,0.9318181818181818,0.9315589353612167
75749589,1.0,296,0.0,130,1.0,1.0
75749589,0.0,296,1.0,130,1.0,1.0
75759011,0.9817518248175182,274,0.0,112,0.9817518248175182,0.9816849816849818
75759091,0.9746376811594203,276,0.0,100,0.9746376811594203,0.9745454545454545
75760513,0.9618320610687023,262,0.056338028169014086,142,0.9054940328996882,0.9006447132719816
75761696,0.9629629629629629,270,0.057971014492753624,138,0.9049919484702093,0.9001338833300212
75761699,0.9666666666666667,270,0.057971014492753624,138,0.908695652173913,0.9042792120015772
75761701,0.9666666666666667,270,0.057971014492753624,138,0.908695652173913,0.9042792120015772
75764295,0.9791666666666666,288,0.017857142857142856,112,0.9613095238095237,0.960327935881102
75764296,0.9425675675675675,296,0.0,116,0.9425675675675675,0.9423728813559322
75764430,0.958041958041958,286,0.02631578947368421,114,0.9317261685682738,0.9291292558524783
75764724,0.9486301369863014,292,0.0,122,0.9486301369863014,0.9484536082474228
75764793,0.9846153846153847,260,0.0,104,0.9846153846153847,0.9845559845559846
75765595,0.9312977099236641,262,0.007246376811594203,138,0.9240513331120699,0.9227349489759096
75765600,0.9166666666666666,264,0.0,146,0.9166666666666666,0.9163498098859315
75766585,0.9785714285714285,280,0.0,110,0.9785714285714285,0.978494623655914
75766585,0.9785714285714285,280,0.0,110,0.9785714285714285,0.978494623655914
75770740,0.98,300,0.028169014084507043,142,0.951830985915493,0.9504330329720271
75784098,0.9777777777777777,360,0.0,126,0.9777777777777777,0.9777158774373258
75784180,0.9943181818181818,352,0.0,154,0.9943181818181818,0.9943019943019942
75784182,0.9943181818181818,352,0.0,150,0.9943181818181818,0.9943019943019942
75790805,0.9967105263157895,304,0.0,116,0.9967105263157895,0.9966996699669968
75790805,0.0,304,0.9482758620689655,116,0.9482758620689655,0.9478260869565217
75801756,0.9927007299270073,274,0.009433962264150943,106,0.9832667676628564,0.9830115733063707
75801756,0.0,274,0.9811320754716981,106,0.9811320754716981,0.9809523809523809
75814134,0.9565217391304348,322,0.0,140,0.9565217391304348,0.956386292834891
75814507,0.9848484848484849,330,0.0,138,0.9848484848484849,0.9848024316109422
75814507,0.00909090909090909,330,0.9855072463768116,138,0.9764163372859026,0.9760181266148075
75815741,0.9783950617283951,324,0.0,126,0.9783950617283951,0.978328173374613
75827511,0.9470588235294117,340,0.04375,160,0.9033088235294118,0.8982474105020201
75829582,0.9795918367346939,294,0.0,128,0.9795918367346939,0.9795221843003412
75836906,0.9863013698630136,292,0.0,104,0.9863013698630136,0.986254295532646
75837158,0.9693877551020408,294,0.051470588235294115,136,0.9179171668667466,0.9142740974771507
75840990,0.9712230215827338,278,0.0,112,0.9712230215827338,0.9711191335740071
75845943,0.9908536585365854,328,0.0,140,0.9908536585365854,0.9908256880733944
75851776,0.9748427672955975,318,0.0,118,0.9748427672955975,0.9747634069400631
75851776,0.9748427672955975,318,0.0,118,0.9748427672955975,0.9747634069400631
75851776,0.015723270440251572,318,0.940677966101695,118,0.9249546956614434,0.922525695586478
75851776,0.006289308176100629,318,0.940677966101695,118,0.9343886579255943,0.9331119500042496
75853312,0.9685534591194969,318,0.0,144,0.9685534591194969,0.9684542586750788
75853372,0.9,290,0.0,132,0.9,0.8996539792387543
75853900,0.971830985915493,284,0.0472972972972973,148,0.9245336886181957,0.9214417806687911
75854782,0.006578947368421052,304,0.9722222222222222,108,0.9656432748538012,0.9649943120273393
75863559,0.9896551724137931,290,0.0,128,0.9896551724137931,0.9896193771626298
75873242,0.9341085271317829,258,0.0,154,0.9341085271317829,0.933852140077821
75873265,0.9172932330827067,266,0.0,154,0.9172932330827067,0.9169811320754716
75873296,0.9461538461538461,260,0.0,146,0.9461538461538461,0.9459459459459458
75873386,0.920863309352518,278,0.0,156,0.920863309352518,0.9205776173285198
75873403,0.9274809160305344,262,0.0,154,0.9274809160305344,0.9272030651340997
75873517,0.90234375,256,0.0,152,0.90234375,0.9019607843137255
75873600,0.9340277777777778,288,0.0,144,0.9340277777777778,0.9337979094076655
75873649,0.950381679389313,262,0.029411764705882353,170,0.9209699146834306,0.917682019746344
75873650,0.950381679389313,262,0.02976190476190476,168,0.9206197746274082,0.9172929016681206
75873653,0.9427480916030534,262,0.030864197530864196,162,0.9118838940721892,0.9079346119173608
75873653,0.9427480916030534,262,0.0,162,0.9427480916030534,0.9425287356321839
75873690,0.9475524475524476,286,0.024691358024691357,162,0.9228610895277563,0.91992828936142
75873716,0.937037037037037,270,0.0,162,0.937037037037037,0.9368029739776951
75873914,0.9195804195804196,286,0.0136986301369863,146,0.9058817894434332,0.9032955024704341
75873917,0.9195804195804196,286,0.014084507042253521,142,0.9054959125381661,0.9028418873295287
75873939,0.9532374100719424,278,0.0,96,0.9532374100719424,0.9530685920577616
75874232,0.9448818897637795,254,0.04054054054054054,148,0.9043413492232389,0.8993766285521582
75874487,0.9514925373134329,268,0.041666666666666664,120,0.9098258706467662,0.9052451301924901
75874706,0.9125874125874126,286,0.0,116,0.9125874125874126,0.9122807017543859
75874899,0.9362416107382551,298,0.006666666666666667,150,0.9295749440715884,0.9284618243021705
75874899,0.9362416107382551,298,0.013333333333333334,150,0.9229082774049218,0.9208983129137981
75875002,0.9311594202898551,276,0.0,130,0.9311594202898551,0.930909090909091
75875437,0.9716312056737588,282,0.00625,160,0.9653812056737588,0.9648847046632496
75875481,0.9379562043795621,274,0.006172839506172839,162,0.9317833648733892,0.9307485769291828
75875481,0.9379562043795621,274,0.0,162,0.9379562043795621,0.9377289377289377
75875768,0.984251968503937,254,0.0,114,0.984251968503937,0.9841897233201582
75875953,0.9797297297297297,296,0.0,104,0.9797297297297297,0.9796610169491526
75876771,0.95703125,256,0.0,108,0.95703125,0.9568627450980393
75885526,0.916083916083916,286,0.0,110,0.916083916083916,0.9157894736842106
75888174,0.9185185185185185,270,0.0,134,0.9185185185185185,0.9182156133828997
75888915,0.9119718309859155,284,0.0,150,0.9119718309859155,0.911660777385159
75889043,0.9384057971014492,276,0.0,146,0.9384057971014492,0.9381818181818181
75889150,0.9486301369863014,292,0.0,100,0.9486301369863014,0.9484536082474228
75889315,0.917910447761194,268,0.006756756756756757,148,0.9111536910044372,0.9096863223424841
75890206,0.9090909090909091,308,0.0,150,0.9090909090909091,0.9087947882736155
75890441,0.9841772151898734,316,0.0,118,0.9841772151898734,0.9841269841269842
75890484,0.9433333333333334,300,0.0,140,0.9433333333333334,0.9431438127090301
75894549,1.0,308,0.0,112,1.0,1.0
75894549,0.0,308,0.9910714285714286,112,0.9910714285714286,0.990990990990991
75898735,0.996875,320,0.0,126,0.996875,0.9968652037617555
75898735,0.003125,320,0.9365079365079365,126,0.9333829365079365,0.932466401062417
75901195,0.9745222929936306,314,0.012195121951219513,164,0.9623271710424111,0.9615470398840716
75901200,0.9681528662420382,314,0.01875,160,0.9494028662420382,0.9479847448883985
75901233,0.9612903225806452,310,0.0,158,0.9612903225806452,0.9611650485436893
75901775,0.9969325153374233,326,0.0,118,0.9969325153374233,0.9969230769230769
75901801,0.9586206896551724,290,0.04794520547945205,146,0.9106754841757204,0.9062305717375219
75901801,0.9586206896551724,290,0.0,146,0.9586206896551724,0.9584775086505191
75904232,0.9903846153846154,312,0.0,98,0.9903846153846154,0.9903536977491961
75904618,0.9589552238805971,268,0.008928571428571428,112,0.9500266524520257,0.9490553760634024
75908080,1.0,298,0.01020408163265306,98,0.9897959183673469,0.9896907216494846
75908090,0.9201388888888888,288,0.0,146,0.9201388888888888,0.9198606271777002
75908090,0.9201388888888888,288,0.0,146,0.9201388888888888,0.9198606271777002
75912317,0.9640287769784173,278,0.0,114,0.9640287769784173,0.9638989169675091
75912873,0.9666666666666667,270,0.04716981132075472,106,0.919496855345912,0.9157691554434775
75921143,0.0,288,0.9056603773584906,106,0.9056603773584906,0.9047619047619048
75921929,0.9934640522875817,306,0.0,122,0.9934640522875817,0.9934426229508198
75921929,0.006535947712418301,306,1.0,122,0.9934640522875817,0.9934426229508198
75924068,0.9971590909090909,352,0.0,142,0.9971590909090909,0.9971509971509972
75924068,0.0,352,0.971830985915493,142,0.971830985915493,0.9716312056737589
75926641,0.9676470588235294,340,0.0,156,0.9676470588235294,0.967551622418879
75926641,0.0029411764705882353,340,0.9487179487179487,156,0.9457767722473605,0.9451342907468597
75935910,0.9817518248175182,274,0.007462686567164179,134,0.974289138250354,0.9738923718578294
75950045,0.9598540145985401,274,0.0,110,0.9598540145985401,0.9597069597069597
75950404,0.9506578947368421,304,0.0,104,0.9506578947368421,0.9504950495049505
75950404,0.0,304,0.9807692307692307,104,0.9807692307692307,0.9805825242718447
75961353,0.972027972027972,286,0.046296296296296294,108,0.9257316757316757,0.9226016250455747
75961353,0.02097902097902098,286,0.9351851851851852,108,0.9142061642061643,0.910798322974918
75966798,0.9202898550724637,276,0.0,142,0.9202898550724637,0.9199999999999999
75967081,0.9280575539568345,278,0.0,154,0.9280575539568345,0.927797833935018
75967636,0.9492753623188406,276,0.0,130,0.9492753623188406,0.9490909090909091
75967933,0.9967948717948718,312,0.017857142857142856,112,0.9789377289377289,0.9786513978025728
75967933,0.0,312,0.9732142857142857,112,0.9732142857142857,0.9729729729729729
75969121,0.9942857142857143,350,0.0,134,0.9942857142857143,0.994269340974212
75969121,0.005714285714285714,350,0.9253731343283582,134,0.9196588486140725,0.918225007263333
75970536,1.0,326,0.016129032258064516,124,0.9838709677419355,0.983739837398374
75970536,0.0,326,0.9516129032258065,124,0.9516129032258065,0.951219512195122
75972991,0.9793103448275862,290,0.0,146,0.9793103448275862,0.9792387543252595
75973233,0.9645390070921985,282,0.0,156,0.9645390070921985,0.9644128113879002
75973257,0.9583333333333334,264,0.0,154,0.9583333333333334,0.9581749049429659
75973927,0.9558823529411765,272,0.051470588235294115,136,0.9044117647058824,0.8993238688037607
75973957,1.0,282,0.0,104,1.0,1.0
75975042,1.0,288,0.0,100,1.0,1.0
75975042,0.0,288,0.99,100,0.99,0.98989898989899
75977185,0.9548872180451128,266,0.013333333333333334,150,0.9415538847117795,0.9400863316389497
75977970,0.9312977099236641,262,0.0,128,0.9312977099236641,0.9310344827586207
75977996,0.9330708661417323,254,0.007692307692307693,130,0.9253785584494246,0.9240197072850541
75981228,0.9589552238805971,268,0.0,158,0.9589552238805971,0.9588014981273408
75981231,0.9626865671641791,268,0.0,160,0.9626865671641791,0.9625468164794008
75981231,0.9626865671641791,268,0.0,160,0.9626865671641791,0.9625468164794008
75981237,0.9624060150375939,266,0.0,158,0.9624060150375939,0.9622641509433961
75982452,0.9197080291970803,274,0.0,150,0.9197080291970803,0.9194139194139195
75983293,0.9939393939393939,330,0.0,120,0.9939393939393939,0.9939209726443768
75983348,0.9766666666666667,300,0.006172839506172839,162,0.9704938271604938,0.9700880850538959
75983407,0.9680851063829787,282,0.0136986301369863,146,0.9543864762459924,0.9533002519156228
75986616,0.9635036496350365,274,0.0,150,0.9635036496350365,0.9633699633699633
75990595,0.9318181818181818,264,0.0,134,0.9318181818181818,0.9315589353612167
75991621,0.9797297297297297,296,0.0,110,0.9797297297297297,0.9796610169491526
75992442,0.9813432835820896,268,0.045454545454545456,110,0.9358887381275441,0.9336980467547447
75992679,0.9548192771084337,332,0.0,140,0.9548192771084337,0.9546827794561933
75992772,0.9370860927152318,302,0.0,148,0.9370860927152318,0.9368770764119602
75992786,0.9463087248322147,298,0.0,144,0.9463087248322147,0.9461279461279462
75992786,0.9463087248322147,298,0.0,144,0.9463087248322147,0.9461279461279462
75993432,0.9914285714285714,350,0.013888888888888888,144,0.9775396825396826,0.9771787895615716
75993611,0.9697986577181208,298,0.0,136,0.9697986577181208,0.9696969696969697
75994351,0.9333333333333333,300,0.0,158,0.9333333333333333,0.9331103678929766
75994759,0.9635761589403974,302,0.0,158,0.9635761589403974,0.9634551495016611
75994778,0.01773049645390071,282,0.9363636363636364,110,0.9186331399097357,0.9157211276326184
75994816,0.9647887323943662,284,0.0,132,0.9647887323943662,0.9646643109540637
75994816,0.9647887323943662,284,0.015151515151515152,132,0.9496372172428511,0.9483253276220305
75994817,0.9615384615384616,286,0.0,130,0.9615384615384616,0.9614035087719297
75994817,0.9615384615384616,286,0.015384615384615385,130,0.9461538461538461,0.9447109632367162
75997394,0.9202453987730062,326,0.011904761904761904,168,0.9083406368682443,0.90612019962322
75998313,0.9375,272,0.0,150,0.9375,0.9372693726937269
75998313,0.9375,272,0.0,150,0.9375,0.9372693726937269
75999484,0.968944099378882,322,0.00684931506849315,146,0.9620947843103889,0.9615234161202043
76001198,0.9424460431654677,278,0.02631578947368421,152,0.9161302536917835,0.9127134260075777
76001217,0.9375,272,0.03424657534246575,146,0.9032534246575342,0.8985032182787669
76003446,0.9871794871794872,312,0.0,130,0.9871794871794872,0.9871382636655949
76003606,0.95,300,0.0,144,0.95,0.9498327759197324
76003606,0.95,300,0.0,144,0.95,0.9498327759197324
76003668,0.946875,320,0.0,152,0.946875,0.9467084639498433
76003977,0.9664634146341463,328,0.0,160,0.9664634146341463,0.9663608562691132
76003977,0.9664634146341463,328,0.0,160,0.9664634146341463,0.9663608562691132
76004037,0.95578231292517,294,0.028985507246376812,138,0.9267968056787932,0.9238642716689092
76006906,0.9201388888888888,288,0.0,152,0.9201388888888888,0.9198606271777002
76006934,0.971830985915493,284,0.057971014492753624,138,0.9138599714227393,0.9100655189109609
76010416,0.9661654135338346,266,0.0,132,0.9661654135338346,0.9660377358490565
76010646,0.9875,320,0.03225806451612903,124,0.955241935483871,0.9541302216627382
76015894,0.9629629629629629,270,0.0,118,0.9629629629629629,0.9628252788104088
76016556,0.9657534246575342,292,0.045454545454545456,154,0.9202988792029888,0.9167658638070629
76016911,0.9183673469387755,294,0.0,156,0.9183673469387755,0.9180887372013652
76016911,0.9183673469387755,294,0.0,156,0.9183673469387755,0.9180887372013652
76026274,0.9746376811594203,276,0.0,96,0.9746376811594203,0.9745454545454545
76046327,0.9787234042553191,282,0.007462686567164179,134,0.9712607176881549,0.9708096652454666
76057310,0.9204545454545454,264,0.0,148,0.9204545454545454,0.9201520912547528
76057353,0.9291338582677166,254,0.0,156,0.9291338582677166,0.9288537549407114
76057433,0.9354838709677419,310,0.006097560975609756,164,0.9293863099921321,0.9283502399639761
76059629,0.9899328859060402,298,0.0,96,0.9899328859060402,0.9898989898989898
76059629,0.0,298,1.0,96,1.0,1.0
76066442,0.9806451612903225,310,0.0,116,0.9806451612903225,0.9805825242718447
76083834,0.9496644295302014,298,0.02727272727272727,110,0.9223917022574741,0.9192172211139796
76083834,0.0,298,0.9636363636363636,110,0.9636363636363636,0.9633027522935781
76087024,1.0,276,0.034482758620689655,116,0.9655172413793104,0.9652173913043479
76087024,0.0,276,0.9482758620689655,116,0.9482758620689655,0.9478260869565217
76114150,0.9035714285714286,280,0.0,108,0.9035714285714286,0.9032258064516129
76130333,0.9861111111111112,288,0.00980392156862745,102,0.9763071895424837,0.9758876466941707
76130333,0.0,288,0.9901960784313726,102,0.9901960784313726,0.9900990099009901
76138572,0.9964028776978417,278,0.0,104,0.9964028776978417,0.996389891696751
76138572,0.0,278,1.0,104,1.0,1.0
76146088,0.9333333333333333,270,0.018518518518518517,108,0.9148148148148149,0.9119149748601513
76154081,0.9093959731543624,298,0.0,102,0.9093959731543624,0.9090909090909092
76154601,0.9793103448275862,290,0.0,136,0.9793103448275862,0.9792387543252595
76165077,0.9402985074626866,268,0.007042253521126761,142,0.9332562539415599,0.9321379669584281
76166656,0.9803921568627451,306,0.0,128,0.9803921568627451,0.980327868852459
76170230,0.9779874213836478,318,0.0,134,0.9779874213836478,0.9779179810725552
76176802,0.9915254237288136,354,0.0,140,0.9915254237288136,0.9915014164305949
76176802,0.002824858757062147,354,0.9357142857142857,140,0.9328894269572235,0.9320541145566639
76203798,0.9732824427480916,262,0.0196078431372549,102,0.9536745996108367,0.9523242890928639
76203939,0.9384057971014492,276,0.0,102,0.9384057971014492,0.9381818181818181
76212891,0.9746376811594203,276,0.0,114,0.9746376811594203,0.9745454545454545
76213390,0.9883040935672515,342,0.0,126,0.9883040935672515,0.9882697947214076
76214141,0.9967948717948718,312,0.0,114,0.9967948717948718,0.9967845659163987
76217315,0.9703947368421053,304,0.0,126,0.9703947368421053,0.9702970297029703
76221122,0.96,300,0.0,112,0.96,0.959866220735786
76221122,0.96,300,0.0,112,0.96,0.959866220735786
76221963,0.9880239520958084,334,0.008620689655172414,116,0.979403262440636,0.9790846862038305
76221963,0.005988023952095809,334,0.9224137931034483,116,0.9164257691513524,0.9147996663152032
76224418,0.9805194805194806,308,0.008064516129032258,124,0.9724549643904483,0.9720100469380827
76226873,0.9274809160305344,262,0.0,122,0.9274809160305344,0.9272030651340997
76254914,1.0,312,0.0,118,1.0,1.0
76254914,0.0,312,0.9576271186440678,118,0.9576271186440678,0.9572649572649572
76256696,0.9965986394557823,294,0.01639344262295082,122,0.9802051968328315,0.9799459502910025
76259563,0.0025906735751295338,386,0.9076923076923077,130,0.9051016341171781,0.9038989644862911
76290577,0.9936305732484076,314,0.0,126,0.9936305732484076,0.9936102236421727
76301648,0.9967741935483871,310,0.0,128,0.9967741935483871,0.9967637540453075
76301648,0.0032258064516129032,310,0.9296875,128,0.9264616935483871,0.9254417626834165
76331525,0.9115646258503401,294,0.0,152,0.9115646258503401,0.9112627986348123
76334031,0.9206896551724137,290,0.01282051282051282,156,0.907869142351901,0.9054726674662509
76347817,0.9877300613496932,326,0.0,138,0.9877300613496932,0.9876923076923076
76347817,0.0,326,0.9565217391304348,138,0.9565217391304348,0.9562043795620438
76347821,0.9221556886227545,334,0.011764705882352941,170,0.9103909827404016,0.9082513030842871
76349014,0.9300699300699301,286,0.006578947368421052,152,0.9234909827015091,0.9222780736243137
76362602,0.9642857142857143,280,0.0,128,0.9642857142857143,0.9641577060931901
76373138,0.9527027027027027,296,0.0379746835443038,158,0.914728019158399,0.9107301498476259
76373211,0.9513888888888888,288,0.0,150,0.9513888888888888,0.9512195121951219
76374811,0.9507042253521126,284,0.00625,160,0.9444542253521127,0.9436218686312818
76374904,0.9342105263157895,304,0.0,142,0.9342105263157895,0.933993399339934
76375358,0.9492753623188406,276,0.02142857142857143,140,0.9278467908902691,0.9253274770291431
76375921,0.9411764705882353,340,0.0,146,0.9411764705882353,0.9410029498525073
76375921,0.9411764705882353,340,0.00684931506849315,146,0.9343271555197421,0.9332972386279436
76375974,0.9329268292682927,328,0.007352941176470588,136,0.9255738880918222,0.9243236908204499
76377094,0.9468085106382979,282,0.0,150,0.9468085106382979,0.9466192170818505
76393149,0.9782608695652174,276,0.0,104,0.9782608695652174,0.9781818181818182
76397151,1.0,272,0.007692307692307693,130,0.9923076923076923,0.9922480620155039
76397151,0.0,272,0.9846153846153847,130,0.9846153846153847,0.9844961240310077
76397417,0.9902597402597403,308,0.0,96,0.9902597402597403,0.990228013029316
76399188,0.9963503649635036,274,0.018867924528301886,106,0.9774824404352017,0.9771507729667905
76415721,0.9730769230769231,260,0.0,120,0.9730769230769231,0.972972972972973
76419369,0.9825581395348837,344,0.0,118,0.9825581395348837,0.9825072886297375
76419492,0.9827586206896551,348,0.05333333333333334,150,0.9294252873563218,0.9271735424590746
76434511,0.9895833333333334,288,0.0196078431372549,102,0.9699754901960784,0.9693340129964995
76434511,0.0,288,0.9313725490196079,102,0.9313725490196079,0.9306930693069307
76437892,0.90625,288,0.0,106,0.90625,0.9059233449477352
76439270,0.9022556390977443,266,0.0,152,0.9022556390977443,0.9018867924528301
76442241,0.9693877551020408,294,0.0,112,0.9693877551020408,0.9692832764505119
76443544,0.9111111111111111,270,0.0,170,0.9111111111111111,0.9107806691449813
76443697,0.9539473684210527,304,0.0,136,0.9539473684210527,0.9537953795379538
76446621,0.9444444444444444,270,0.0,130,0.9444444444444444,0.9442379182156134
76455632,0.9548611111111112,288,0.0,148,0.9548611111111112,0.9547038327526132
76456025,0.9967320261437909,306,0.01694915254237288,118,0.979782873601418,0.9795158772604932
76462429,0.9964539007092199,282,0.0,122,0.9964539007092199,0.99644128113879
76465530,0.9452554744525548,274,0.0,120,0.9452554744525548,0.9450549450549451
76472667,0.9572368421052632,304,0.015873015873015872,126,0.9413638262322472,0.9397323535621352
76472710,0.984472049689441,322,0.0,120,0.984472049689441,0.9844236760124611
76472716,0.99375,320,0.0,118,0.99375,0.9937304075235109
76472988,0.9705882352941176,306,0.0,110,0.9705882352941176,0.9704918032786886
76474559,0.9808917197452229,314,0.0,124,0.9808917197452229,0.9808306709265175
76475962,0.9941520467836257,342,0.0,134,0.9941520467836257,0.9941348973607037
76475962,0.0,342,0.9029850746268657,134,0.9029850746268657,0.9022556390977443
76477366,0.9810606060606061,264,0.0625,128,0.9185606060606061,0.9156215709872455
76477673,0.9859154929577465,284,0.0,140,0.9859154929577465,0.9858657243816255
76478342,0.9869281045751634,306,0.0,160,0.9869281045751634,0.9868852459016394
76478342,0.9869281045751634,306,0.0,160,0.9869281045751634,0.9868852459016394
76479912,0.9968553459119497,318,0.0,120,0.9968553459119497,0.9968454258675079
76480221,0.9645390070921985,282,0.0,114,0.9645390070921985,0.9644128113879002
76480956,0.9153846153846154,260,0.0,136,0.9153846153846154,0.915057915057915
76481580,0.9142857142857143,280,0.006493506493506494,154,0.9077922077922078,0.9063249686681726
76483334,0.9965277777777778,288,0.0,98,0.9965277777777778,0.9965156794425087
76489992,0.9903225806451613,310,0.0,128,0.9903225806451613,0.9902912621359224
76489992,0.0064516129032258064,310,0.9609375,128,0.9544858870967742,0.9536509045390351
76490005,0.9490445859872612,314,0.013157894736842105,152,0.935886691250419,0.9342910771073085
76490999,0.9197530864197531,324,0.0,166,0.9197530864197531,0.9195046439628483
76513178,0.9964788732394366,284,0.008771929824561403,114,0.9877069434148752,0.9875547217010631
76538297,0.9822695035460993,282,0.0,108,0.9822695035460993,0.9822064056939502
76563251,0.9779411764705882,272,0.0,130,0.9779411764705882,0.977859778597786
76563546,0.996551724137931,290,0.0,108,0.996551724137931,0.9965397923875432
76563793,0.9691358024691358,324,0.0,124,0.9691358024691358,0.9690402476780187
76578106,0.9029850746268657,268,0.0,112,0.9029850746268657,0.9026217228464419
76585288,0.9901315789473685,304,0.017543859649122806,114,0.9725877192982457,0.9720516625160457
76585288,0.0,304,0.956140350877193,114,0.956140350877193,0.9557522123893806
76585443,0.9811320754716981,318,0.0,118,0.9811320754716981,0.9810725552050473
76585443,0.006289308176100629,318,0.9915254237288136,118,0.985236115552713,0.9850366332962425
76586589,0.9420289855072463,276,0.0,104,0.9420289855072463,0.9418181818181818
76590033,0.9967532467532467,308,0.059322033898305086,118,0.9374312128549417,0.9365263496820828
76601433,0.9680851063829787,282,0.0,112,0.9680851063829787,0.9679715302491103
76608820,0.9333333333333333,270,0.02142857142857143,140,0.9119047619047619,0.9086387640070333
76611001,1.0,262,0.01020408163265306,98,0.9897959183673469,0.9896907216494846
76611001,0.0,262,0.9897959183673469,98,0.9897959183673469,0.9896907216494846
76611047,0.9107142857142857,280,0.0,158,0.9107142857142857,0.9103942652329748
76613808,0.9728682170542635,258,0.0,118,0.9728682170542635,0.9727626459143969
76616340,0.9335664335664335,286,0.0,156,0.9335664335664335,0.9333333333333333
76617302,0.9398496240601504,266,0.006493506493506494,154,0.9333561175666439,0.9323020879661634
76617446,0.96,300,0.05194805194805195,154,0.908051948051948,0.9034213777439779
76617528,0.9839743589743589,312,0.018518518518518517,162,0.9654558404558404,0.9646933180884617
76619108,0.945054945054945,364,0.0,156,0.945054945054945,0.9449035812672176
76624629,0.0390625,384,1.0,98,0.9609375,0.9608355091383811
76629096,0.022388059701492536,402,0.9846153846153847,130,0.9622273249138922,0.9613603235965349
76629129,0.015384615384615385,390,0.9754098360655737,122,0.9600252206809583,0.9590223472751257
76629129,0.002564102564102564,390,0.9754098360655737,122,0.9728457335014712,0.9725091554623755
76629240,0.021505376344086023,372,0.9590163934426229,122,0.9375110170985369,0.9353453762232666
76629253,0.023936170212765957,376,0.9666666666666667,120,0.9427304964539007,0.9407847344720841
76631050,0.02556818181818182,352,0.9912280701754386,114,0.9656598883572568,0.9650584145528429
76631403,0.9885714285714285,350,0.0,146,0.9885714285714285,0.988538681948424
76631403,0.005714285714285714,350,0.9794520547945206,146,0.9737377690802349,0.9733437700389481
76631434,0.03,400,0.9649122807017544,114,0.9349122807017544,0.9324141584399099
76631434,0.0,400,0.9649122807017544,114,0.9649122807017544,0.9646017699115044
76631560,0.026881720430107527,372,0.9929577464788732,142,0.9660760260487657,0.9655732868321143
76633060,0.011560693641618497,346,0.9711538461538461,104,0.9595931525122277,0.9586089231669322
76634479,0.013966480446927373,358,0.9736842105263158,114,0.9597177300793884,0.958706959645374
76637162,0.0234375,384,0.9629629629629629,108,0.9395254629629629,0.9373749434527977
76639111,0.002688172043010753,372,0.9811320754716981,106,0.9784439034286874,0.9781549192527267
76639161,0.00558659217877095,358,0.9791666666666666,96,0.9735800744878956,0.9731108717948879
76640254,0.0,362,0.9811320754716981,106,0.9811320754716981,0.9809523809523809
76640276,0.0,354,0.9897959183673469,98,0.9897959183673469,0.9896907216494846
76641645,0.9657534246575342,292,0.006756756756756757,148,0.9589966679007774,0.9583680589397139
76641825,0.972027972027972,286,0.021739130434782608,138,0.9502888415931894,0.9488108147446063
76646585,0.014285714285714285,350,0.9473684210526315,114,0.9330827067669173,0.9310660580657466
76646585,0.005714285714285714,350,0.9473684210526315,114,0.9416541353383459,0.9405674446513257
76646689,0.03757225433526012,346,0.9727272727272728,110,0.9351550183920126,0.9327385758899472
76653495,0.9705882352941176,272,0.0,120,0.9705882352941176,0.9704797047970479
76654587,0.9680851063829787,282,0.04838709677419355,124,0.9196980096087852,0.9160949773707003
76664436,0.9680851063829787,282,0.0,134,0.9680851063829787,0.9679715302491103
76685190,0.9807692307692307,260,0.046153846153846156,130,0.9346153846153846,0.9324013815582207
76685190,0.9807692307692307,260,0.0,130,0.9807692307692307,0.9806949806949806
76685212,0.007692307692307693,260,0.9416666666666667,120,0.933974358974359,0.9325525009191237
76686413,0.9751552795031055,322,0.013888888888888888,144,0.9612663906142167,0.9603987308723567
76687710,0.9863945578231292,294,0.0,108,0.9863945578231292,0.9863481228668942
76689498,0.9172185430463576,302,0.0,116,0.9172185430463576,0.9169435215946844
76695133,0.956081081081081,296,0.0,132,0.956081081081081,0.9559322033898304
76706978,1.0,270,0.0,128,1.0,1.0
76706978,0.0,270,0.984375,128,0.984375,0.9842519685039369
76755451,0.981203007518797,266,0.0,106,0.981203007518797,0.9811320754716981
76767757,1.0,316,0.0,110,1.0,1.0
76767757,0.0,316,0.9272727272727272,110,0.9272727272727272,0.9266055045871558
76775835,0.954225352112676,284,0.0,120,0.954225352112676,0.9540636042402826
76775866,0.9496402877697842,278,0.0,118,0.9496402877697842,0.9494584837545126
76776348,0.9963768115942029,276,0.0,110,0.9963768115942029,0.9963636363636363
76776348,0.0,276,0.9818181818181818,110,0.9818181818181818,0.981651376146789
76777031,0.9896551724137931,290,0.03278688524590164,122,0.9568682871678914,0.9558797214283851
76780489,0.9462025316455697,316,0.01875,160,0.9274525316455696,0.9251411511780359
76781436,0.9370629370629371,286,0.02027027027027027,148,0.9167926667926668,0.9138762073430038
76781858,0.9939759036144579,332,0.0,122,0.9939759036144579,0.9939577039274925
76793520,0.9886363636363636,264,0.0,104,0.9886363636363636,0.9885931558935361
76803629,0.9855072463768116,276,0.0,114,0.9855072463768116,0.9854545454545455
76806556,0.9962962962962963,270,0.009615384615384616,104,0.9866809116809118,0.9865020932582648
76806556,0.0,270,0.9807692307692307,104,0.9807692307692307,0.9805825242718447
76813432,0.9,330,0.0,116,0.9,0.899696048632219
76817526,0.9934640522875817,306,0.0,118,0.9934640522875817,0.9934426229508198
76817526,0.006535947712418301,306,0.9915254237288136,118,0.9849894760163953,0.9847841937163849
76826702,0.9598540145985401,274,0.0,130,0.9598540145985401,0.9597069597069597
76850151,0.9196428571428571,336,0.01744186046511628,172,0.9022009966777408,0.8990520309821893
76864415,0.9703703703703703,270,0.019230769230769232,104,0.951139601139601,0.9496968315657224
76864451,0.9825174825174825,286,0.025,120,0.9575174825174825,0.9563675428888121
76892413,0.9589552238805971,268,0.0,112,0.9589552238805971,0.9588014981273408
76894097,0.9466666666666667,300,0.01875,160,0.9279166666666666,0.9256149486594333
76894322,0.9644970414201184,338,0.0,132,0.9644970414201184,0.9643916913946587
76894334,0.9791666666666666,336,0.0,126,0.9791666666666666,0.9791044776119402
76916122,0.9104938271604939,324,0.0,168,0.9104938271604939,0.9102167182662538
76916122,0.9104938271604939,324,0.0,168,0.9104938271604939,0.9102167182662538
76916737,1.0,314,0.01639344262295082,122,0.9836065573770492,0.9834710743801653
76916737,0.0,314,0.9016393442622951,122,0.9016393442622951,0.9008264462809918
76916902,0.9502923976608187,342,0.018292682926829267,164,0.9319997147339895,0.9299183634932426
76916903,0.9502923976608187,342,0.018292682926829267,164,0.9319997147339895,0.9299183634932426
76916937,0.9363636363636364,330,0.006172839506172839,162,0.9301907968574635,0.929170353840432
76917085,0.9340277777777778,288,0.00641025641025641,156,0.9276175213675214,0.9264969907077546
76922218,0.9628378378378378,296,0.0,144,0.9628378378378378,0.9627118644067797
76925708,0.9901960784313726,306,0.0,108,0.9901960784313726,0.9901639344262296
76940831,0.9927536231884058,276,0.0,108,0.9927536231884058,0.9927272727272727
76940831,0.0,276,0.9537037037037037,108,0.9537037037037037,0.9532710280373832
76960068,0.9863945578231292,294,0.0,124,0.9863945578231292,0.9863481228668942
76960068,0.003401360544217687,294,0.9596774193548387,124,0.956276058810621,0.9556608418802701
76968194,0.9896551724137931,290,0.0,112,0.9896551724137931,0.9896193771626298
76998359,0.9901315789473685,304,0.029850746268656716,134,0.9602808326787118,0.9594318644109935
76998359,0.0,304,0.9552238805970149,134,0.9552238805970149,0.9548872180451128
77007531,0.968944099378882,322,0.0,122,0.968944099378882,0.9688473520249221
77024948,0.9929078014184397,282,0.01020408163265306,98,0.9827037197857866,0.9824275645717103
77024948,0.0,282,0.9183673469387755,98,0.9183673469387755,0.9175257731958762
77029741,1.0,258,0.0,108,1.0,1.0
77029741,0.0,258,0.9537037037037037,108,0.9537037037037037,0.9532710280373832
77030416,0.013245033112582781,302,0.9552238805970149,134,0.9419788474844322,0.940407212676664
77033624,0.9154411764705882,272,0.0,164,0.9154411764705882,0.9151291512915128
77036761,0.9041095890410958,292,0.0,156,0.9041095890410958,0.9037800687285223
77036801,0.9933333333333333,300,0.0625,112,0.9308333333333333,0.9294103845321081
77061824,0.9565217391304348,322,0.0,124,0.9565217391304348,0.956386292834891
77062072,0.9745222929936306,314,0.0,134,0.9745222929936306,0.9744408945686901
77062080,0.9967741935483871,310,0.0,132,0.9967741935483871,0.9967637540453075
77062080,0.0032258064516129032,310,0.9696969696969697,132,0.9664711632453569,0.9660328887290142
77069891,0.9728915662650602,332,0.0,140,0.9728915662650602,0.972809667673716
77083033,0.9863945578231292,294,0.0,114,0.9863945578231292,0.9863481228668942
77083033,0.0,294,1.0,114,1.0,1.0
77083678,0.9878787878787879,330,0.0,120,0.9878787878787879,0.9878419452887538
77083678,0.006060606060606061,330,0.975,120,0.9689393939393939,0.9684062357027997
77095311,0.9856115107913669,278,0.0,112,0.9856115107913669,0.9855595667870036
77095311,0.01079136690647482,278,0.9375,112,0.9267086330935251,0.92475135596515
77115779,0.9761904761904762,294,0.0,126,0.9761904761904762,0.9761092150170648
77124482,0.9382352941176471,340,0.025,160,0.913235294117647,0.9098036122984685
77134292,0.9875776397515528,322,0.0,134,0.9875776397515528,0.9875389408099688
77134292,0.003105590062111801,322,0.9626865671641791,134,0.9595809771020674,0.9590578319561399
77136668,0.9887218045112782,266,0.0,98,0.9887218045112782,0.9886792452830189
77136725,0.9444444444444444,288,0.0,132,0.9444444444444444,0.9442508710801393
77161501,0.9847560975609756,328,0.0,118,0.9847560975609756,0.9847094801223242
77177934,0.9451612903225807,310,0.0,118,0.9451612903225807,0.9449838187702265
77177972,0.9617834394904459,314,0.0,122,0.9617834394904459,0.9616613418530352
77179158,0.968503937007874,254,0.0,118,0.968503937007874,0.9683794466403162
77180502,0.956953642384106,302,0.03896103896103896,154,0.917992603423067,0.914236397660744
77183314,0.9366197183098591,284,0.0,120,0.9366197183098591,0.9363957597173145
77183642,0.9640522875816994,306,0.0,132,0.9640522875816994,0.9639344262295082
77195265,0.9014598540145985,274,0.0,146,0.9014598540145985,0.9010989010989011
77200123,0.9133858267716536,254,0.0,132,0.9133858267716536,0.9130434782608696
77202272,0.9857954545454546,352,0.0,122,0.9857954545454546,0.9857549857549858
77206709,1.0,258,0.0,108,1.0,1.0
77206709,0.0,258,0.9629629629629629,108,0.9629629629629629,0.9626168224299064
77211314,0.9018987341772152,316,0.0,168,0.9018987341772152,0.9015873015873015
77212521,0.9659090909090909,264,0.06493506493506493,154,0.900974025974026,0.8959916819740439
77214718,0.9520958083832335,334,0.023529411764705882,170,0.9285663966185276,0.9260243415358714
77214917,0.9222222222222223,270,0.006666666666666667,150,0.9155555555555556,0.9141802904879702
77214920,0.9360902255639098,266,0.006493506493506494,154,0.9295967190704033,0.9284795068617386
77214922,0.9356060606060606,264,0.006493506493506494,154,0.9291125541125541,0.9279853460108226
77217071,0.951048951048951,286,0.0,144,0.951048951048951,0.9508771929824561
77217109,0.95,280,0.04375,160,0.90625,0.9014201153056076
77217608,0.9567901234567902,324,0.024691358024691357,162,0.9320987654320988,0.9296727058093873
77217661,0.9166666666666666,312,0.0,162,0.9166666666666666,0.9163987138263665
77217725,0.974025974025974,308,0.037037037037037035,162,0.936988936988937,0.9347451714683055
77217735,0.9735099337748344,302,0.057692307692307696,156,0.9158176260825267,0.912296306924964
77217751,0.9612903225806452,310,0.04216867469879518,166,0.91912164788185,0.9154725848453277
77217753,0.967741935483871,310,0.041666666666666664,168,0.9260752688172044,0.9230286564128849
77217768,0.9806451612903225,310,0.05357142857142857,168,0.9270737327188939,0.9246117663612818
77217775,0.9777070063694268,314,0.006097560975609756,164,0.971609445393817,0.971227749156337
77221529,0.9318181818181818,264,0.0,152,0.9318181818181818,0.9315589353612167
77222093,0.9375,288,0.02564102564102564,156,0.9118589743589743,0.9082658177740308
77222334,0.9280575539568345,278,0.0,138,0.9280575539568345,0.927797833935018
77222374,0.9652777777777778,288,0.036231884057971016,138,0.9290458937198067,0.9261376149779732
77223508,0.9452054794520548,292,0.034722222222222224,144,0.9104832572298326,0.9062428999957628
77223508,0.9452054794520548,292,0.0,144,0.9452054794520548,0.9450171821305842
77223671,0.9444444444444444,270,0.04054054054054054,148,0.9039039039039038,0.8989157320736522
77223892,0.9115384615384615,260,0.0,146,0.9115384615384615,0.9111969111969112
77223996,0.934640522875817,306,0.019736842105263157,152,0.9149036807705538,0.9119730043955965
77224301,0.9801324503311258,302,0.057971014492753624,138,0.9221614358383722,0.9193625261705348
77224322,0.9407894736842105,304,0.012987012987012988,154,0.9278024606971975,0.9259790982965062
77224346,0.94,300,0.012658227848101266,158,0.9273417721518987,0.9255364916123029
77231278,0.9430379746835443,316,0.0,162,0.9430379746835443,0.9428571428571428
77280800,0.9964539007092199,282,0.017857142857142856,112,0.978596757852077,0.9782958424262772
77282783,0.9448051948051948,308,0.0,162,0.9448051948051948,0.9446254071661238
77282866,0.9403973509933775,302,0.0,154,0.9403973509933775,0.9401993355481727
77282866,0.9403973509933775,302,0.0,154,0.9403973509933775,0.9401993355481727
77291086,0.9933333333333333,300,0.0,124,0.9933333333333333,0.9933110367892976
77292163,0.9863013698630136,292,0.0,100,0.9863013698630136,0.986254295532646
77296112,0.9503105590062112,322,0.0,160,0.9503105590062112,0.9501557632398753
77296122,0.9875,320,0.08333333333333333,144,0.9041666666666667,0.9014559756533598
77296145,0.9483870967741935,310,0.0,166,0.9483870967741935,0.9482200647249189
77296152,0.9483870967741935,310,0.0,156,0.9483870967741935,0.9482200647249189
77296165,0.9934640522875817,306,0.09285714285714286,140,0.9006069094304389,0.898699137889386
77296192,0.9595375722543352,346,0.0379746835443038,158,0.9215628887100314,0.9181266395172749
77296430,0.9664634146341463,328,0.0,152,0.9664634146341463,0.9663608562691132
77327553,0.9576923076923077,260,0.0,118,0.9576923076923077,0.9575289575289576
77327553,0.9576923076923077,260,0.0,118,0.9576923076923077,0.9575289575289576
77328746,0.9528301886792453,318,0.05128205128205128,156,0.901548137397194,0.8962333015559355
77333199,0.9612403100775194,258,0.05405405405405406,148,0.9071862560234654,0.9024745548293113
77340588,0.9761904761904762,294,0.07246376811594203,138,0.9037267080745341,0.8996609318072396
77371141,0.9967320261437909,306,0.0,120,0.9967320261437909,0.9967213114754099
77386927,0.97265625,256,0.0,110,0.97265625,0.9725490196078431
77404057,0.9842767295597484,318,0.0,128,0.9842767295597484,0.9842271293375395
77404057,0.0031446540880503146,318,0.9921875,128,0.9890428459119497,0.9889220069547938
77410024,0.9571428571428572,280,0.0,130,0.9571428571428572,0.956989247311828
77415567,0.9727272727272728,330,0.04938271604938271,162,0.9233445566778901,0.920256847578751
77417565,0.9628378378378378,296,0.00819672131147541,122,0.9546411165263624,0.9538349816043521
77418584,0.9492753623188406,276,0.0,152,0.9492753623188406,0.9490909090909091
77418588,0.9525547445255474,274,0.0,148,0.9525547445255474,0.9523809523809523
77418588,0.9525547445255474,274,0.033783783783783786,148,0.9187709607417637,0.9151559414821883
77421792,0.9100719424460432,278,0.0,158,0.9100719424460432,0.9097472924187726
77421792,0.9100719424460432,278,0.0,158,0.9100719424460432,0.9097472924187726
77421820,0.9344827586206896,290,0.0,148,0.9344827586206896,0.9342560553633218
77422052,0.9615384615384616,312,0.0,156,0.9615384615384616,0.9614147909967845
77425303,0.9453125,256,0.0,138,0.9453125,0.9450980392156862
77425303,0.9453125,256,0.014492753623188406,138,0.9308197463768116,0.9289080553711122
77425837,0.9817518248175182,274,0.0,116,0.9817518248175182,0.9816849816849818
77430110,0.9615384615384616,260,0.009259259259259259,108,0.9522792022792023,0.9513276889958504
77432946,0.9592592592592593,270,0.022388059701492536,134,0.9368711995577668,0.9347204519804866
77432946,0.9592592592592593,270,0.014925373134328358,134,0.9443338861249309,0.942848748594253
77440532,0.990506329113924,316,0.0,122,0.990506329113924,0.9904761904761905
77441503,0.9795918367346939,294,0.023809523809523808,126,0.95578231292517,0.9545458220159918
77442787,0.954225352112676,284,0.0,130,0.954225352112676,0.9540636042402826
77443922,1.0,300,0.0,114,1.0,1.0
77443922,0.0,300,0.9298245614035088,114,0.9298245614035088,0.9292035398230087
77451604,0.9671532846715328,274,0.04477611940298507,134,0.9223771652685477,0.9189717186854316
77451624,0.9545454545454546,264,0.046875,128,0.9076704545454546,0.9028623296577108
77456107,0.9566929133858267,254,0.0,130,0.9566929133858267,0.9565217391304348
77458128,0.921875,256,0.007575757575757576,132,0.9142992424242424,0.9127458586227354
77480216,0.965034965034965,286,0.012987012987012988,154,0.952047952047952,0.9509284794872502
77480216,0.965034965034965,286,0.0,154,0.965034965034965,0.9649122807017543
77498744,0.9623287671232876,292,0.012345679012345678,162,0.9499830881109419,0.9488431915565027
77510129,0.9838709677419355,310,0.029850746268656716,134,0.9540202214732788,0.9527764825805548
77510300,0.9664179104477612,268,0.00847457627118644,118,0.9579433341765747,0.9571727442834225
77537090,1.0,280,0.0,112,1.0,1.0
77537090,0.0,280,0.9375,112,0.9375,0.9369369369369369
77548094,0.9962406015037594,266,0.0,104,0.9962406015037594,0.9962264150943396
77557297,0.9375,304,0.0,152,0.9375,0.9372937293729373
77557546,0.9730769230769231,260,0.0,102,0.9730769230769231,0.972972972972973
77583661,0.9115853658536586,328,0.005747126436781609,174,0.9058382394168769,0.9045149044457726
77583661,0.9115853658536586,328,0.0,174,0.9115853658536586,0.9113149847094801
77584271,0.9232954545454546,352,0.0,172,0.9232954545454546,0.9230769230769231
77625414,0.996268656716418,268,0.017857142857142856,112,0.978411513859275,0.9781025748613926
77655208,0.9149659863945578,294,0.0,158,0.9149659863945578,0.9146757679180888
77664638,0.9906832298136646,322,0.0,114,0.9906832298136646,0.9906542056074766
77664638,0.003105590062111801,322,0.9385964912280702,114,0.9354909011659585,0.934554387143541
77664822,0.9483870967741935,310,0.0,174,0.9483870967741935,0.9482200647249189
77668805,0.9483870967741935,310,0.0,132,0.9483870967741935,0.9482200647249189
77676205,0.9407407407407408,270,0.0,164,0.9407407407407408,0.9405204460966543
77678030,0.9429530201342282,298,0.0,162,0.9429530201342282,0.9427609427609427
77679481,0.935064935064935,308,0.007575757575757576,132,0.9274891774891775,0.9262315254357804
77679564,0.9166666666666666,276,0.0,124,0.9166666666666666,0.9163636363636363
77681607,0.9398496240601504,266,0.007575757575757576,132,0.9322738664843928,0.9310732823601089
77681613,0.9318181818181818,264,0.0,136,0.9318181818181818,0.9315589353612167
77681613,0.9318181818181818,264,0.0,136,0.9318181818181818,0.9315589353612167
77697947,0.978125,320,0.014084507042253521,142,0.9640404929577465,0.9632530668398295
77699379,0.9929577464788732,284,0.0,114,0.9929577464788732,0.9929328621908127
77706817,0.9393939393939394,264,0.0,136,0.9393939393939394,0.9391634980988594
77719493,0.925531914893617,282,0.0,102,0.925531914893617,0.9252669039145908
77733839,1.0,276,0.018518518518518517,108,0.9814814814814815,0.9813084112149534
77733839,0.0,276,0.9259259259259259,108,0.9259259259259259,0.9252336448598132
77733951,0.9676258992805755,278,0.0,152,0.9676258992805755,0.9675090252707581
77736372,0.9647058823529412,340,0.0,150,0.9647058823529412,0.9646017699115045
77745225,0.9620689655172414,290,0.03164556962025317,158,0.9304233958969883,0.9276842703538379
77750913,0.9846153846153847,260,0.0625,112,0.9221153846153847,0.9195617499467656
77753726,0.9251968503937008,254,0.0,112,0.9251968503937008,0.9249011857707511
77753726,0.9251968503937008,254,0.017857142857142856,112,0.9073397075365579,0.9042017840722628
77759733,0.9486301369863014,292,0.015151515151515152,132,0.9334786218347862,0.9316236333858474
77777950,0.9791666666666666,288,0.009433962264150943,106,0.9697327044025157,0.969174775100379
77777957,0.9417808219178082,292,0.00819672131147541,122,0.9335841006063328,0.9323571537985453
77778277,0.9583333333333334,336,0.0,112,0.9583333333333334,0.9582089552238807
77781710,0.9538461538461539,260,0.050724637681159424,138,0.9031215161649945,0.8978889867226184
77781715,0.950381679389313,262,0.05,140,0.9003816793893129,0.8948700201320596
77781807,0.9346153846153846,260,0.0,160,0.9346153846153846,0.9343629343629343
77785454,1.0,284,0.00980392156862745,102,0.9901960784313726,0.9900990099009901
77785454,0.0,284,0.9509803921568627,102,0.9509803921568627,0.9504950495049505
77793097,0.917910447761194,268,0.0,148,0.917910447761194,0.9176029962546817
77801594,0.9366666666666666,300,0.02702702702702703,148,0.9096396396396396,0.9058158381069269
77802674,0.9539007092198581,282,0.0,142,0.9539007092198581,0.9537366548042705
77802909,0.9545454545454546,308,0.04225352112676056,142,0.9122919334186941,0.9079992593919605
77803495,0.9891304347826086,276,0.04929577464788732,142,0.9398346601347213,0.938369425853553
77803975,0.987012987012987,308,0.00684931506849315,146,0.9801636719444938,0.9798953552397893
77803980,0.9934640522875817,306,0.006756756756756757,148,0.9867072955308249,0.9865511410114853
77804015,0.993006993006993,286,0.00909090909090909,110,0.983916083916084,0.9836802096331986
77809755,0.9563758389261745,298,0.05333333333333334,150,0.9030425055928412,0.8978850465516803
77832478,0.9692307692307692,260,0.0,112,0.9692307692307692,0.9691119691119691
77842543,0.9772727272727273,308,0.009259259259259259,108,0.968013468013468,0.9674295413267422
77844614,0.9825174825174825,286,0.015625,128,0.9668924825174825,0.9661589787990801
77849965,1.0,276,0.06363636363636363,110,0.9363636363636364,0.9357798165137615
77862568,0.9612403100775194,258,0.024390243902439025,164,0.9368500661750804,0.9346532168087981
77864486,0.967948717948718,312,0.0136986301369863,146,0.9542500878117317,0.9531707789862641
77869409,1.0,258,0.0,100,1.0,1.0
77874945,0.9172185430463576,302,0.0,132,0.9172185430463576,0.9169435215946844
77882197,0.9928057553956835,278,0.008064516129032258,124,0.9847412392666512,0.9845329987292842
77887403,0.9787234042553191,282,0.0,114,0.9787234042553191,0.9786476868327403
77887403,0.02127659574468085,282,0.9824561403508771,114,0.9611795446061963,0.960197968210704
77928678,0.9886363636363636,264,0.0,100,0.9886363636363636,0.9885931558935361
77928678,0.011363636363636364,264,0.93,100,0.9186363636363637,0.9162872054343169
77939971,0.9803149606299213,254,0.0,104,0.9803149606299213,0.9802371541501976
77981858,0.9598540145985401,274,0.0,140,0.9598540145985401,0.9597069597069597
78005586,0.9496124031007752,258,0.0,136,0.9496124031007752,0.9494163424124513
78005652,0.9224806201550387,258,0.007462686567164179,134,0.9150179335878745,0.9134978940367444
78005713,0.9312977099236641,262,0.006756756756756757,148,0.9245409531669073,0.9232992599169401
78005717,0.9312977099236641,262,0.00684931506849315,146,0.9244483948551709,0.9231926214416946
78007250,0.98046875,256,0.043478260869565216,138,0.9369904891304348,0.9348918015672262
78028055,0.9612903225806452,310,0.0,142,0.9612903225806452,0.9611650485436893
78028478,0.9793103448275862,290,0.0625,144,0.9168103448275862,0.9137094880163517
78028504,0.9736842105263158,266,0.04929577464788732,142,0.9243884358784284,0.9213383133298265
78058852,0.9413793103448276,290,0.02702702702702703,148,0.9143522833178006,0.910791457263454
78095400,0.9296875,256,0.0,148,0.9296875,0.9294117647058823
78118199,0.9791666666666666,288,0.0,96,0.9791666666666666,0.9790940766550523
78118199,0.017361111111111112,288,0.9895833333333334,96,0.9722222222222222,0.9716879842123607
78162885,0.9769230769230769,260,0.06756756756756757,148,0.9093555093555094,0.9056825737813923
78164732,0.9770992366412213,262,0.041666666666666664,144,0.9354325699745547,0.9331386935613326
78170037,0.937037037037037,270,0.0,140,0.937037037037037,0.9368029739776951
78171274,0.9736842105263158,266,0.06818181818181818,132,0.9055023923444976,0.9012881963658965
78172848,0.9666666666666667,270,0.0,150,0.9666666666666667,0.9665427509293679
78178944,0.9714285714285714,280,0.0410958904109589,146,0.9303326810176125,0.9275922076684054
78178944,0.9714285714285714,280,0.00684931506849315,146,0.9645792563600782,0.9640363176713193
78185144,0.9807692307692307,260,0.0,122,0.9807692307692307,0.9806949806949806
78185888,0.9730769230769231,260,0.05357142857142857,112,0.9195054945054945,0.9160250347145358
78188300,0.9586466165413534,266,0.0,154,0.9586466165413534,0.9584905660377359
78188323,0.9612676056338029,284,0.019736842105263157,152,0.9415307635285397,0.9397289619331056
78197041,0.9388489208633094,278,0.015384615384615385,130,0.923464305478694,0.9212356769069512
78209772,0.9832214765100671,298,0.0,146,0.9832214765100671,0.9831649831649831
78211780,0.9307692307692308,260,0.0,144,0.9307692307692308,0.9305019305019304
78236616,0.996875,320,0.0,114,0.996875,0.9968652037617555
78236616,0.0,320,1.0,114,1.0,1.0
78237950,0.9756944444444444,288,0.0,116,0.9756944444444444,0.975609756097561
78238265,0.9640287769784173,278,0.0,96,0.9640287769784173,0.9638989169675091
78247537,0.9771428571428571,350,0.007462686567164179,134,0.9696801705756929,0.9692157522456752
78247683,0.9917127071823204,362,0.0,108,0.9917127071823204,0.9916897506925207
78248229,0.9784172661870504,278,0.0,96,0.9784172661870504,0.9783393501805054
78248229,0.007194244604316547,278,0.9270833333333334,96,0.9198890887290169,0.9180404591078248
78253120,0.9937106918238994,318,0.016666666666666666,120,0.9770440251572327,0.976673324992141
78254506,0.9444444444444444,360,0.0056179775280898875,178,0.9388264669163545,0.9380134926290267
78254513,0.93646408839779,362,0.0056179775280898875,178,0.9308461108697001,0.9299219645632784
78254816,0.9657142857142857,350,0.011904761904761904,168,0.9538095238095239,0.9528207290679899
78254986,0.9777777777777777,360,0.03125,160,0.9465277777777777,0.9448762131160827
78254992,0.9723756906077348,362,0.013157894736842105,152,0.9592177958708926,0.9583242983496565
78255234,0.930635838150289,346,0.006024096385542169,166,0.9246117417647469,0.9235353877412802
78263428,0.9640287769784173,278,0.0,144,0.9640287769784173,0.9638989169675091
78263428,0.9640287769784173,278,0.0,144,0.9640287769784173,0.9638989169675091
78269334,0.9461538461538461,260,0.015151515151515152,132,0.931002331002331,0.92904043434159
78270664,0.9807692307692307,312,0.03787878787878788,132,0.9428904428904429,0.9410770005851414
78270664,0.019230769230769232,312,0.946969696969697,132,0.9277389277389277,0.9252262523065446
78296455,0.9742647058823529,272,0.044642857142857144,112,0.9296218487394958,0.9268181381679588
78296919,0.9356060606060606,264,0.015873015873015872,126,0.9197330447330447,0.917309235766494
78296924,0.9351145038167938,262,0.016129032258064516,124,0.9189854715587293,0.9165046857452703
78299760,0.9642857142857143,308,0.03164556962025317,158,0.9326401446654611,0.9300564455477397
78300137,0.9705882352941176,306,0.007936507936507936,126,0.9626517273576097,0.9620225201242819
78300192,0.9889705882352942,272,0.015151515151515152,132,0.973819073083779,0.9733267149182531
78309524,0.9188311688311688,308,0.0,136,0.9188311688311688,0.9185667752442996
78337389,0.9781021897810219,274,0.0,116,0.9781021897810219,0.978021978021978
78337389,0.0072992700729927005,274,0.9310344827586207,116,0.923735212685628,0.9220970299335308
78342629,0.9215686274509803,306,0.0,162,0.9215686274509803,0.921311475409836
78343405,0.9134615384615384,312,0.0,184,0.9134615384615384,0.9131832797427653
78343447,0.959731543624161,298,0.0,124,0.959731543624161,0.9595959595959596
78344617,0.906832298136646,322,0.0,164,0.906832298136646,0.9065420560747663
78347477,0.9817518248175182,274,0.019230769230769232,104,0.9625210555867489,0.9615614775564181
78348617,0.9395973154362416,298,0.0,156,0.9395973154362416,0.9393939393939393
78348907,0.9894366197183099,284,0.0,104,0.9894366197183099,0.989399293286219
78348907,0.007042253521126761,284,0.9807692307692307,104,0.973726977248104,0.9732428234649246
78348913,0.9657534246575342,292,0.006493506493506494,154,0.9592599181640278,0.9586529999531789
78352941,0.9655172413793104,290,0.014285714285714285,140,0.9512315270935962,0.9500199502790341
78353566,0.9390243902439024,328,0.01948051948051948,154,0.919543870763383,0.916848973323878
78353566,0.9390243902439024,328,0.0,154,0.9390243902439024,0.9388379204892965
78353831,0.9820359281437125,334,0.0379746835443038,158,0.9440612445994088,0.9423966946661828
78354497,0.9411764705882353,306,0.02564102564102564,156,0.9155354449472096,0.9121556695400127
78354521,0.935374149659864,294,0.025,160,0.910374149659864,0.906760665451093
78356488,0.9585987261146497,314,0.0,146,0.9585987261146497,0.9584664536741214
78356488,0.9585987261146497,314,0.0,146,0.9585987261146497,0.9584664536741214
78356488,0.9585987261146497,314,0.0,146,0.9585987261146497,0.9584664536741214
78357649,0.9698795180722891,332,0.01875,160,0.9511295180722891,0.9497871428437616
78358127,0.9485294117647058,272,0.036585365853658534,164,0.9119440459110473,0.9077605163311658
78358148,0.93359375,256,0.030864197530864196,162,0.9027295524691358,0.8981759530481819
78358368,0.9640718562874252,334,0.0,150,0.9640718562874252,0.9639639639639641
78361648,0.9893617021276596,282,0.056338028169014086,142,0.9330236739586455,0.9313828395741712
78362891,0.9453125,256,0.014084507042253521,142,0.9312279929577465,0.9293671176501592
78369948,0.9685714285714285,350,0.06329113924050633,158,0.9052802893309222,0.9008081693172358
78372007,0.9682080924855492,346,0.0,150,0.9682080924855492,0.9681159420289855
78380701,0.9595588235294118,272,0.0,120,0.9595588235294118,0.9594095940959411
78385221,0.9545454545454546,308,0.03731343283582089,134,0.9172320217096337,0.9134055039711382
78404473,0.9621212121212122,264,0.0,98,0.9621212121212122,0.9619771863117871
78409346,1.0,264,0.04310344827586207,116,0.9568965517241379,0.9565217391304347
78409346,0.0,264,0.9568965517241379,116,0.9568965517241379,0.9565217391304347
78409872,0.9965986394557823,294,0.0,100,0.9965986394557823,0.9965870307167235
78458825,0.9356060606060606,264,0.006756756756756757,148,0.9288493038493038,0.9276844309525758
78458826,0.9427480916030534,262,0.006756756756756757,148,0.9359913348462966,0.9349488068431371
78460430,0.9794520547945206,292,0.006666666666666667,150,0.9727853881278539,0.972394742316419
78463276,0.9554794520547946,292,0.006493506493506494,154,0.9489859455612881,0.9482097588063451
78463276,0.9554794520547946,292,0.0,154,0.9554794520547946,0.9553264604810997
78464889,0.9606299212598425,254,0.02857142857142857,140,0.9320584926884139,0.9294404776395214
78475275,0.9943502824858758,354,0.0,140,0.9943502824858758,0.9943342776203967
78475275,0.002824858757062147,354,0.9714285714285714,140,0.9686037126715092,0.9682279669890681
78483662,0.9771241830065359,306,0.0,130,0.9771241830065359,0.9770491803278688
78492656,0.954248366013072,306,0.04411764705882353,136,0.9101307189542485,0.9056133450310341
78515985,0.9724409448818898,254,0.029850746268656716,134,0.9425901986132331,0.9406049646064353
78516132,0.9923664122137404,262,0.0472972972972973,148,0.9450691149164432,0.9439927807840433
78532646,0.9811320754716981,318,0.0,116,0.9811320754716981,0.9810725552050473
78532646,0.006289308176100629,318,0.9568965517241379,116,0.9506072435480373,0.9496675656679253
78567027,0.9522058823529411,272,0.016666666666666666,120,0.9355392156862744,0.933622627152685
78611205,0.9296296296296296,270,0.019736842105263157,152,0.9098927875243664,0.9067166154275192
78638499,0.9558823529411765,272,0.0,110,0.9558823529411765,0.955719557195572
78641199,0.9784172661870504,278,0.0,116,0.9784172661870504,0.9783393501805054
78641222,0.9612676056338029,284,0.0,120,0.9612676056338029,0.9611307420494699
78677174,0.9217687074829932,294,0.0,136,0.9217687074829932,0.9215017064846416
78681808,0.9259259259259259,270,0.006024096385542169,166,0.9199018295403838,0.9186939215232359
78721853,0.9166666666666666,264,0.0,138,0.9166666666666666,0.9163498098859315
78747239,0.9928571428571429,280,0.059322033898305086,118,0.9335351089588378,0.9321507741205306
78794975,0.9805194805194806,308,0.0,138,0.9805194805194806,0.980456026058632
78794994,0.9612903225806452,310,0.006944444444444444,144,0.9543458781362008,0.9536319280041946
78803639,0.9545454545454546,330,0.028169014084507043,142,0.9263764404609476,0.9234717069665821
78846728,0.9482758620689655,290,0.0196078431372549,102,0.9286680189317106,0.9262571820311023
78846728,0.9482758620689655,290,0.0,102,0.9482758620689655,0.9480968858131488
78877959,0.9661654135338346,266,0.0,102,0.9661654135338346,0.9660377358490565
78906881,0.9840764331210191,314,0.0,116,0.9840764331210191,0.9840255591054312
78914087,0.9964788732394366,284,0.017857142857142856,112,0.9786217303822937,0.9783218912089527
78921578,0.9607142857142857,280,0.0,114,0.9607142857142857,0.960573476702509
78925130,0.9921875,256,0.008928571428571428,112,0.9832589285714286,0.9830074631640143
78950877,0.0033333333333333335,300,0.90625,96,0.9029166666666667,0.9012900015776124
78969518,1.0,310,0.0,102,1.0,1.0
78969518,0.0,310,0.9313725490196079,102,0.9313725490196079,0.9306930693069307
79014961,0.9577922077922078,308,0.0,130,0.9577922077922078,0.9576547231270357
79015017,0.9615384615384616,286,0.0,124,0.9615384615384616,0.9614035087719297
79023092,0.9428571428571428,280,0.008333333333333333,120,0.9345238095238095,0.9332917347433065
79034486,0.9178082191780822,292,0.00847457627118644,118,0.9093336429068958,0.9075791922098915
79038707,0.03888888888888889,360,0.94,100,0.9011111111111111,0.895724585620737
79040279,0.9965034965034965,286,0.01639344262295082,122,0.9801100538805456,0.979847005225638
79040279,0.0,286,0.9754098360655737,122,0.9754098360655737,0.9752066115702479
79040756,0.9242424242424242,330,0.019230769230769232,156,0.9050116550116549,0.901738824856473
79052289,0.9603658536585366,328,0.03125,160,0.9291158536585366,0.9263159774363792
79055854,0.9184397163120568,282,0.017857142857142856,168,0.9005825734549139,0.8972678093047539
79056150,0.9226190476190477,336,0.0,160,0.9226190476190477,0.9223880597014925
79058328,0.9535714285714286,280,0.018518518518518517,108,0.9350529100529101,0.9329857646721974
79063693,0.9634146341463414,328,0.006329113924050633,158,0.9570855202222908,0.9564682374760954
79064457,0.9489247311827957,372,0.034482758620689655,174,0.9144419725621061,0.9105810965086863
79064462,0.9429347826086957,368,0.02564102564102564,156,0.91729375696767,0.9140421544055211
79069394,0.9821428571428571,280,0.033783783783783786,148,0.9483590733590733,0.9468539912856837
79069394,0.9821428571428571,280,0.0472972972972973,148,0.9348455598455598,0.9327649914711779
79069394,0.9821428571428571,280,0.0,148,0.9821428571428571,0.9820788530465949
79071427,0.9746835443037974,316,0.0,140,0.9746835443037974,0.9746031746031746
79080428,0.9823943661971831,284,0.0,104,0.9823943661971831,0.9823321554770318
79080428,0.0035211267605633804,284,0.9711538461538461,104,0.9676327193932828,0.9671357898733782
79097695,0.9558823529411765,272,0.030303030303030304,132,0.9255793226381462,0.922503937634613
79110287,1.0,282,0.02,100,0.98,0.9797979797979798
79110287,0.0,282,0.96,100,0.96,0.9595959595959596
79114697,0.9964028776978417,278,0.0,110,0.9964028776978417,0.996389891696751
79114697,0.0,278,0.990909090909091,110,0.990909090909091,0.9908256880733946
79149052,0.9456521739130435,276,0.018518518518518517,108,0.927133655394525,0.9247411758296289
79149052,0.0,276,0.9351851851851852,108,0.9351851851851852,0.9345794392523364
79173245,1.0,322,0.0,122,1.0,1.0
79173245,0.0,322,0.9754098360655737,122,0.9754098360655737,0.9752066115702479
79175445,1.0,292,0.01694915254237288,118,0.9830508474576272,0.982905982905983
79175445,0.0,292,0.9745762711864406,118,0.9745762711864406,0.9743589743589742
79185330,0.9863945578231292,294,0.018518518518518517,108,0.9678760393046107,0.9671496856801722
79185330,0.9863945578231292,294,0.0,108,0.9863945578231292,0.9863481228668942
79186439,0.9931972789115646,294,0.0,116,0.9931972789115646,0.9931740614334471
79187626,0.9845679012345679,324,0.017857142857142856,112,0.966710758377425,0.9659479436569219
79187626,0.0,324,0.9732142857142857,112,0.9732142857142857,0.9729729729729729
79201334,0.9568345323741008,278,0.0,126,0.9568345323741008,0.9566787003610109
79215581,0.9921259842519685,254,0.0,106,0.9921259842519685,0.992094861660079
79215581,0.0,254,0.9433962264150944,106,0.9433962264150944,0.9428571428571428
79216200,0.9903225806451613,310,0.0,126,0.9903225806451613,0.9902912621359224
79216200,0.0064516129032258064,310,0.9206349206349206,126,0.9141833077316948,0.912499035861603
79216674,0.917910447761194,268,0.00684931506849315,146,0.9110611326927008,0.9095771941466755
79216892,0.9790209790209791,286,0.0,106,0.9790209790209791,0.9789473684210527
79216892,0.006993006993006993,286,0.9622641509433962,106,0.9552711439503893,0.9543563491832842
79217386,0.9147058823529411,340,0.0,170,0.9147058823529411,0.9144542772861356
79219869,0.9929577464788732,284,0.017857142857142856,112,0.9751006036217303,0.9746618307294913
79237456,0.9834437086092715,302,0.0,120,0.9834437086092715,0.9833887043189369
79240638,0.9100719424460432,278,0.0,154,0.9100719424460432,0.9097472924187726
79263428,0.9858156028368794,282,0.0,120,0.9858156028368794,0.9857651245551602
79276879,0.9893617021276596,282,0.0,116,0.9893617021276596,0.9893238434163701
79277992,0.9566666666666667,300,0.0,120,0.9566666666666667,0.9565217391304347
79278338,0.9931972789115646,294,0.0,114,0.9931972789115646,0.9931740614334471
79278338,0.0,294,0.9736842105263158,114,0.9736842105263158,0.9734513274336284
79280801,0.9511278195488722,266,0.0,108,0.9511278195488722,0.950943396226415
79289259,0.9701986754966887,302,0.0,106,0.9701986754966887,0.9700996677740864
79289287,0.9,310,0.0,142,0.9,0.8996763754045307
79291263,0.9397163120567376,282,0.006097560975609756,164,0.9336187510811278,0.9326286061964467
79291263,0.9397163120567376,282,0.0,164,0.9397163120567376,0.9395017793594306
79292530,0.9966666666666667,300,0.017857142857142856,112,0.9788095238095238,0.9785177370000427
79293982,0.9318181818181818,308,0.01282051282051282,156,0.918997668997669,0.9169392945069649
79294516,0.9591194968553459,318,0.00819672131147541,122,0.9509227755438705,0.9500524907874097
79296947,0.9300699300699301,286,0.0,114,0.9300699300699301,0.9298245614035089
79298006,0.9615384615384616,312,0.029850746268656716,134,0.9316877152698049,0.9290366977568785
79305610,0.9194630872483222,298,0.0,154,0.9194630872483222,0.9191919191919192
79308637,0.9136904761904762,336,0.0058823529411764705,170,0.9078081232492997,0.9064967580037859
79309648,0.9425675675675675,296,0.014705882352941176,136,0.9278616852146264,0.9258626882777841
79310528,0.93125,320,0.0,172,0.93125,0.9310344827586208
79311895,0.9349112426035503,338,0.00625,160,0.9286612426035503,0.9276120475273327
79312459,0.9878048780487805,328,0.0,122,0.9878048780487805,0.9877675840978593
79323468,0.9198473282442748,262,0.0,140,0.9198473282442748,0.9195402298850575
79324886,0.9285714285714286,322,0.0,116,0.9285714285714286,0.9283489096573209
79325042,0.9896551724137931,290,0.0,98,0.9896551724137931,0.9896193771626298
79329668,0.9895104895104895,286,0.0,112,0.9895104895104895,0.9894736842105263
79329668,0.0034965034965034965,286,0.9107142857142857,112,0.9072177822177822,0.905773448827094
79329687,0.9166666666666666,276,0.006578947368421052,152,0.9100877192982456,0.9086401925391094
79329687,0.9166666666666666,276,0.0,152,0.9166666666666666,0.9163636363636363
79331529,0.934640522875817,306,0.02631578947368421,152,0.9083247334021328,0.9044919574131068
79331600,0.9493243243243243,296,0.0,130,0.9493243243243243,0.9491525423728814
79331878,0.9848484848484849,264,0.0,134,0.9848484848484849,0.9847908745247148
79333796,0.950381679389313,262,0.00909090909090909,110,0.9412907702984039,0.9401100068659048
79339289,0.9300699300699301,286,0.02631578947368421,114,0.9037541405962459,0.8995871642232126
79344949,0.9006849315068494,292,0.0,116,0.9006849315068494,0.9003436426116839
79345318,0.9093959731543624,298,0.00641025641025641,156,0.902985716744106,0.9014733363324912
79345924,0.9869281045751634,306,0.0,118,0.9869281045751634,0.9868852459016394
79348068,0.9321428571428572,280,0.01948051948051948,154,0.9126623376623377,0.9096421046342673
79355317,0.9121212121212121,330,0.0,114,0.9121212121212121,0.911854103343465
79355320,0.926829268292683,328,0.0,116,0.926829268292683,0.926605504587156
79364128,0.9865771812080537,298,0.0,114,0.9865771812080537,0.9865319865319865
79364463,0.0,256,0.96,100,0.96,0.9595959595959596
79364463,0.984375,256,0.0,100,0.984375,0.9843137254901961
79364494,0.9573643410852714,258,0.016666666666666666,120,0.9406976744186046,0.9389638645830383
79374024,0.935064935064935,308,0.0,124,0.935064935064935,0.9348534201954397
79374289,0.965034965034965,286,0.0,118,0.965034965034965,0.9649122807017543
79392078,0.9930555555555556,288,0.0,100,0.9930555555555556,0.9930313588850175
79392078,0.006944444444444444,288,1.0,100,0.9930555555555556,0.9930313588850175
79392556,0.9390243902439024,328,0.0,150,0.9390243902439024,0.9388379204892965
79468318,0.916083916083916,286,0.0,160,0.916083916083916,0.9157894736842106
79499310,0.9969325153374233,326,0.0,116,0.9969325153374233,0.9969230769230769
79499310,0.9969325153374233,326,0.017241379310344827,116,0.9796911360270785,0.9794253904031467
79499310,0.003067484662576687,326,0.9741379310344828,116,0.9710704463719061,0.9706765599992424
79499310,0.0,326,0.9741379310344828,116,0.9741379310344828,0.9739130434782609
79609664,0.003355704697986577,298,0.9056603773584906,106,0.902304672660504,0.9007583118795515
79611373,0.9409937888198758,322,0.0,120,0.9409937888198758,0.9408099688473521
79611373,0.003105590062111801,322,0.9333333333333333,120,0.9302277432712216,0.9292416410390629
79718133,0.9409448818897638,254,0.0,106,0.9409448818897638,0.9407114624505929
79718133,0.0,254,0.9811320754716981,106,0.9811320754716981,0.9809523809523809
79719373,0.9966216216216216,296,0.02727272727272727,110,0.9693488943488944,0.9689018492771685
79719373,0.0033783783783783786,296,0.9545454545454546,110,0.9511670761670762,0.9504296942093449
79840179,1.0,294,0.0,120,1.0,1.0
79840179,0.0,294,1.0,120,1.0,1.0
79918198,0.9714285714285714,280,0.017543859649122806,114,0.9538847117794487,0.9526193396536253
79918198,0.02142857142857143,280,0.9649122807017544,114,0.9434837092731829,0.9415857504903349
79938838,0.9148936170212766,282,0.0,112,0.9148936170212766,0.9145907473309608
79938838,0.0,282,0.9464285714285714,112,0.9464285714285714,0.9459459459459458
79942178,0.0,278,0.9035087719298246,114,0.9035087719298246,0.9026548672566371
79959253,0.9340277777777778,288,0.008928571428571428,112,0.9250992063492064,0.9236047732322828
79995597,0.984375,320,0.007692307692307693,130,0.9766826923076923,0.9763324426727223
79995597,0.0,320,0.9769230769230769,130,0.9769230769230769,0.9767441860465116
