WinCenter,pi_AA,theta_w_AA,tajd_AA,nSites_AA,pi_BB,theta_w_BB,tajd_BB,nSites_BB,in_inv,in_ctl,z_pi_AA,z_tajd_AA,z_pi_BB,z_tajd_BB,r,z_r
60045000,0.004417551709810113,0.020738117255993685,-2.399038,24067,0.0045708778825778035,0.016763482527942825,-2.357633,24067,True,False,-2.4872510739777156,-1.7932581883231213,-2.474041922219364,-1.6783232486927249,0.9664558588729524,0.9195087229890362
60055000,0.004377159955032722,0.020598815995503273,-2.400729,24907,0.004573956197053038,0.01681332950576143,-2.359827,24907,True,False,-2.4977456833405856,-1.8033004436795697,-2.4732153947178444,-1.6897129386599137,0.9569746115743062,0.8709959865817141
60065000,0.004206654371639116,0.020353348496315475,-2.418439,25105,0.0044089577773351925,0.016456409520015935,-2.373142,25105,True,False,-2.542046543795051,-1.9084739163955289,-2.5175174738917816,-1.7588349632328857,0.95411536786856,0.8563660827460693
60075000,0.0044194527389253896,0.020273257446894274,-2.383892,24809,0.004484310774315772,0.01614772473699061,-2.341274,24809,True,False,-2.486757147480532,-1.7033114114876635,-2.497285192613356,-1.5933989377660065,0.9855366769489167,1.0171396220256532
60085000,0.0044587039537879085,0.020332171343819525,-2.380063,25621,0.0044629666679676825,0.016082978962569768,-2.342079,25621,True,False,-2.4765588738657702,-1.6805723246988762,-2.50301608561795,-1.5975779261085716,0.999044869814877,1.0862570471073902
60095000,0.004205135336214837,0.02059721062141288,-2.426584,28226,0.0044369779403928816,0.016044688785478312,-2.345573,28151,True,False,-2.5424412204679028,-1.9568442120065699,-2.5099940595198675,-1.6157162929022597,0.9477476319935195,0.8237842628349489
60105000,0.003681381893860562,0.01984472761958818,-2.483713,31713,0.003948543112712561,0.015432911720083443,-2.412956,31638,True,False,-2.6785231463525223,-2.296113287262929,-2.6411388210527673,-1.9655209779792846,0.9323392929427924,0.7449443520829839
60115000,0.003790900740521327,0.01974007991706161,-2.46397,33760,0.004046220454208104,0.015386044559893128,-2.390065,33685,True,False,-2.6500678955244465,-2.1788665412532633,-2.6149124528012697,-1.846687161644331,0.9368992083905754,0.7682760899008089
60125000,0.00400834718803552,0.0196798347094563,-2.428321,32095,0.004307463133208255,0.015506378486554095,-2.34189,31980,True,False,-2.593570832285127,-1.9671596452142273,-2.5447687879803125,-1.5965967723237946,0.9305586755074675,0.7358334596485537
60135000,0.0042398909131304155,0.019831609388389883,-2.397438,31507,0.004532447693679918,0.015854674662334353,-2.315676,31392,True,False,-2.5334110061352897,-1.7837563500201559,-2.484360428748911,-1.4605122997623308,0.9354528060064661,0.7608752769709282
60145000,0.004651157179269329,0.019992212982158027,-2.339759,29425,0.004794096821449256,0.01618818601165128,-2.282193,29353,True,False,-2.42655556420064,-1.441221017847149,-2.4141076324248547,-1.286692341160992,0.9701842395964134,0.9385857437191286
60155000,0.005938084483788246,0.021320213229353287,-2.199985,28467,0.006007844295774648,0.017235073767605632,-2.112279,28400,True,False,-2.0921853588512715,-0.6111523009978684,-2.088216409971441,-0.4046195147778155,0.9883885452831286,1.0317317882679329
60165000,0.00684763361829688,0.022317953221568407,-2.113665,27021,0.006981329079171923,0.018404776471024707,-2.012648,26954,True,False,-1.8558657704696409,-0.09852812455282403,-1.8268357250991902,0.11259388591537245,0.980849568991969,0.9931570777816554
60175000,0.00697870876091285,0.02264724391177822,-2.109565,26116,0.007077206715473954,0.018603173713059144,-2.008983,26089,True,False,-1.8218097502120838,-0.07417966390147095,-1.8010925777301054,0.13161996327623837,0.986082368578306,1.0199317645932273
60185000,0.007042099410781114,0.022684990445099133,-2.1025,25118,0.007173229125981428,0.018586475110597425,-1.990992,25091,True,False,-1.8053395544681177,-0.032223109144934946,-1.7753105584838065,0.22501645926514935,0.9817195696809178,0.9976086138261998
60195000,0.00677643741439491,0.022755395351919765,-2.140705,22633,0.006859668875342345,0.018437029021998407,-2.035591,22638,True,False,-1.87436400983033,-0.25910919187295867,-1.8595014923931568,-0.00650987749264203,0.9878665483043041,1.0290608842147555
60205000,0.006721775249782798,0.022875346817984362,-2.152007,18416,0.0068950210143353605,0.01857422246959166,-2.03749,18416,True,False,-1.8885663654272729,-0.32622780218553693,-1.8500094423279811,-0.016368136949199707,0.9748737873035674,0.9625807714428766
60215000,0.0052664527234844724,0.020806485415219764,-2.276106,20158,0.005467128733009227,0.016591879749975197,-2.172527,20158,True,False,-2.266689115841556,-1.0632081969104425,-2.233398549977252,-0.7173843466570822,0.9632940764110565,0.9033308178759449
60225000,0.004615399850325761,0.020081922829723542,-2.347434,22716,0.004880826121476777,0.016161324732036523,-2.262091,22671,True,False,-2.4358460543313742,-1.486800148456691,-2.390820813538408,-1.1823370322638165,0.9456185767439905,0.8128905172270504
60235000,0.0044853333177438965,0.01987605953605837,-2.35982,21382,0.004760489759572573,0.016030080658011904,-2.278061,21337,True,False,-2.4696400169396475,-1.5603562542195324,-2.423131129247493,-1.2652419314324523,0.9421999719093227,0.7953985280402777
60245000,0.004173398722588886,0.019223784926548863,-2.386199,23485,0.004473969709897611,0.015516995392491467,-2.306388,23440,True,False,-2.550687045991955,-1.7170118745907537,-2.5000617686277185,-1.412295599481914,0.9328178314118262,0.7473928918033133
60255000,0.004302381698513801,0.01917143600849257,-2.363887,23550,0.004537506658157839,0.015516244756434802,-2.293086,23505,True,False,-2.517174613708371,-1.5845087394558857,-2.483002096679899,-1.3432410616772072,0.9481819031116319,0.8260062996217443
60265000,0.004487160865125778,0.01967802204585538,-2.352606,21546,0.004666048881447375,0.015820657876377844,-2.284637,21501,True,False,-2.469165182509436,-1.5175148407710328,-2.448488507015797,-1.299379853594815,0.9616617783339407,0.8949788317016574
60275000,0.0045690569198864875,0.020106034271993017,-2.354317,18324,0.0047046961362148,0.01587881788910718,-2.279366,18324,True,False,-2.447886901637247,-1.5276758691062664,-2.4381117182957013,-1.2720165647082857,0.9711693991702847,0.943626513696006
60285000,0.004373849747544804,0.019875485712700435,-2.376062,18023,0.004517978750554816,0.01547060596981802,-2.292869,18024,True,False,-2.498605743387177,-1.6568117902925221,-2.4882453402831404,-1.3421145517761675,0.9680987868762524,0.9279150993496319
60295000,0.004858767618384401,0.02058673795264624,-2.326368,14360,0.0049510489520228395,0.01600896922219901,-2.235732,14361,True,False,-2.3726140984194553,-1.3616965699002588,-2.3719659820558423,-1.0454998226717054,0.9813612560625693,0.9957752290857157
60305000,0.003671582205794997,0.02006610494356808,-2.488063,15151,0.003746552666314678,0.015443303920274551,-2.451661,15152,True,False,-2.6810693070403384,-2.3219464101491196,-2.6953732601704297,-2.1664498522636935,0.9799894817457814,0.98875626588979
60315000,0.0036417735108709636,0.019240269715682493,-2.468758,15546,0.003777602624300508,0.015074787354473531,-2.425809,15547,True,False,-2.6888142195990716,-2.207300792374888,-2.687036345796413,-2.0322446266339167,0.9640435675907824,0.9071657424271532
60325000,0.003786490436066179,0.018561321114459683,-2.42399,16259,0.003910242865928659,0.014724853505535056,-2.377541,16260,True,False,-2.651213783408822,-1.941439356657884,-2.6514224381219686,-1.7816714473557915,0.9683517279858038,0.9292093241480924
60335000,0.0038552634002159947,0.018220965156596373,-2.401264,17593,0.003941888307849713,0.01448512612971068,-2.356706,17593,True,False,-2.6333451516185793,-1.8064776208621225,-2.642925636298787,-1.6735109229864433,0.9780245149358451,0.97870211226454
60345000,0.003510317630073258,0.017679358055718946,-2.441132,18701,0.003644201914336132,0.013983288487246672,-2.3942,18701,True,False,-2.722969163473809,-2.0432396767762935,-2.7228544392351712,-1.8681531452424727,0.9632610136841817,0.9031616456875968
60355000,0.0034672695181375206,0.0170042721169464,-2.424524,18470,0.0036063814862961757,0.013436999512512187,-2.368623,18462,True,False,-2.734153949108019,-1.9446105951914994,-2.733009224961505,-1.7353755243259932,0.9614261639576223,0.8937732626692215
60365000,0.0030503719423589245,0.01687126937515137,-2.49408,16516,0.0031386387811969956,0.013036523200872304,-2.456912,16508,True,False,-2.842472521208603,-2.357679260817213,-2.8585981511449865,-2.1937093153528915,0.9718773503447222,0.9472488903341143
60375000,0.0031251974206349207,0.016889999614197532,-2.481847,18144,0.0032779773688547103,0.013302562867344136,-2.439581,18205,True,False,-2.8230313216562615,-2.2850317683420958,-2.821185737420341,-2.103739070675897,0.953392006402665,0.8526648562073216
60385000,0.0026782804358593364,0.017160703021297675,-2.570818,20190,0.0028892461113031453,0.013332080144190411,-2.536581,20251,True,False,-2.9391495541693207,-2.8133993031253692,-2.925560088270994,-2.6072941877302194,0.92698244894456,0.717534966727272
60395000,0.002534530970790378,0.017219942053264603,-2.598696,23280,0.0027701101495222996,0.01332953772331948,-2.566372,23341,True,False,-2.976498624303424,-2.9789569582566817,-2.9575480965216414,-2.7619479041442947,0.914956746838191,0.656003008112232
60405000,0.0023421918757173307,0.01697439047384817,-2.626903,24396,0.0026542101369303084,0.013208006703453914,-2.588846,24465,True,False,-3.0264722805390636,-3.1464684288890434,-2.9886672523468376,-2.878616952604903,0.8824440247320288,0.4896450313884333
60415000,0.002659196341836958,0.01774790307618256,-2.590694,22853,0.0029860435086188084,0.013861783373336243,-2.541888,22915,True,False,-2.944107994645922,-2.9314358894439714,-2.8995699850503525,-2.634844363051945,0.8905417265895655,0.5310785752403965
60425000,0.0023410976553285842,0.01770307859602774,-2.643872,21197,0.0026967453515809345,0.01375348829636621,-2.603964,21190,True,False,-3.026756581520788,-3.2472413627409433,-2.977246546316108,-2.9570988728072445,0.8681196591128428,0.4163514918786158
60435000,0.0026226648361487494,0.018051153524741837,-2.602783,16753,0.0029345999641705485,0.014126058640869462,-2.564583,16746,True,False,-2.9535996318314846,-3.003228216471823,-2.913382577819617,-2.7526606865730554,0.8937043781672757,0.5472609273618901
60445000,0.002913141233766234,0.018310551561533706,-2.558876,12936,0.003186323768272875,0.01450753871142393,-2.523927,12929,True,False,-2.878127884220371,-2.7424799574916032,-2.845794731109471,-2.54160360575903,0.9142640376892026,0.652458620407398
60455000,0.0032622218759131194,0.01955847706243304,-2.533925,10267,0.003458344191943821,0.015257450209694724,-2.499115,10253,True,False,-2.7874295475013615,-2.594304727805778,-2.7727572416171107,-2.412797321590455,0.943290110773946,0.8009764459788171
60465000,0.0029747566247625935,0.01877944867504748,-2.559769,11057,0.0030232504977375564,0.014551190135746605,-2.560535,11050,True,False,-2.8621189372753553,-2.7477831709944462,-2.8895799076873003,-2.7316463451933033,0.9839596907331188,1.009070650275923
60475000,0.002891821637426901,0.019514421153458358,-2.590119,9918,0.0028614660478256484,0.015155693774593885,-2.620929,9911,True,False,-2.8836671542171426,-2.928021166303843,-2.9330190359005632,-3.045169105393085,1.0106084046058554,1.1454242323501735
60485000,0.0024689367690058483,0.01871164831871345,-2.642156,13680,0.0025900749707431247,0.014667897820362786,-2.663881,13672,True,False,-2.9935413481957576,-3.2370506411610114,-3.00588754582066,-3.268145387740686,0.9532298473574607,0.8518351363647457
60495000,0.0025972603344315286,0.018736485982470318,-2.623073,16087,0.0027508288450774298,0.014776009702095902,-2.63446,16079,True,False,-2.9602002443339606,-3.1237234034513186,-2.9627251271717174,-3.115412448577229,0.9441737311571711,0.8054976699681604
60505000,0.0030482311067771815,0.018741046210520612,-2.550767,18459,0.003203392475741313,0.014602035236081747,-2.527931,18447,True,False,-2.8430287543622343,-2.69432345324238,-2.841211782794229,-2.5623895303846544,0.9515634221722318,0.8433085318783213
60515000,0.0027185304494484457,0.01854562745008661,-2.600599,21938,0.002910637507981392,0.014250418270546385,-2.577959,21926,True,False,-2.928691772084935,-2.9902582071882726,-2.919816497811756,-2.8220993798278866,0.9339982880018001,0.7534329388125149
60525000,0.002863298618384957,0.018705170332684925,-2.580395,20049,0.0030485426496368643,0.014197713899323817,-2.543385,19965,True,False,-2.8910780217158343,-2.8702737440175645,-2.882788964368943,-2.6426157239821526,0.939235217432837,0.7802287568171691
60535000,0.0036430845356528983,0.01922990858898901,-2.46949,19199,0.0034570854258213013,0.014361286670851642,-2.458949,19116,True,False,-2.688473588373039,-2.2116478833984963,-2.7730952203475536,-2.2042839728110324,1.0538022891891394,1.3664345563289986
60545000,0.0043218955484434106,0.01956687512365435,-2.373232,17185,0.0032922926558297274,0.014138024149222312,-2.483431,17102,True,False,-2.5121045138004665,-1.640005413794148,-2.81734208256565,-2.3313771313236495,1.3127312788523053,2.691297565179851
60555000,0.004880486989764459,0.020891963990627697,-2.334505,16218,0.0032911303109129197,0.015036632850241547,-2.528766,16146,True,False,-2.36697095863766,-1.4100193563197834,-2.8176541722003257,-2.5667242574232145,1.4829212242315226,3.5621091471683766
60565000,0.0057954498181040015,0.021439196162351095,-2.222004,14019,0.0036587606653760664,0.015456599842259984,-2.470019,13947,True,False,-2.1292447811568755,-0.7419154119935079,-2.7189454142739153,-2.2617515516336244,1.5839925997204616,4.079261462995062
60575000,0.00811724022873931,0.02287414967735166,-1.96617,19061,0.00489027322805729,0.016336453858664286,-2.269855,19061,True,False,-1.5259958379910188,0.7773929007572101,-2.388284265222308,-1.2226422067876301,1.659874581683438,4.467527107069199
60585000,0.00884601755867978,0.02393807126048392,-1.921105,16573,0.0052863702407530315,0.017040305436553427,-2.234032,16573,True,False,-1.3366444856570552,1.0450181152092022,-2.281932208960105,-1.036674629898588,1.6733632257697648,4.536544506831106
60595000,0.00867356767467382,0.024665861846116327,-1.975711,16402,0.005674116266308987,0.017541579624436046,-2.191265,16402,True,False,-1.3814505154343961,0.7207322512268325,-2.1778223929210507,-0.8146587361762972,1.5286200119258355,3.795936319028448
60605000,0.00835521888100162,0.02453077446760941,-2.009666,17891,0.005449844559874888,0.01742952552502234,-2.226677,17904,True,False,-1.4641640852989266,0.5190854264910629,-2.2380393508283323,-0.9984926929301908,1.5331114106479085,3.8189174770386622
60615000,0.008206226827469982,0.02528874510216979,-2.059058,18988,0.0056398995316036,0.017891750276301247,-2.218889,19001,True,False,-1.502875287835282,0.22576367807848713,-2.187009586911053,-0.9580629274495812,1.4550306758987062,3.419401465688662
60625000,0.0055371190174143695,0.023659818879022028,-2.334169,17342,0.004252578853356381,0.01677634825698646,-2.418005,17355,True,False,-2.1963644409631065,-1.408023970276161,-2.5595052182780096,-1.9917318005154425,1.3020614569072964,2.636703244071362
60635000,0.005088410970677452,0.023184990040444893,-2.379028,19780,0.00379412933865508,0.016206268226140554,-2.481365,19793,True,False,-2.31294802824306,-1.6744258230466453,-2.682598922643674,-2.320651926459379,1.3411274409746825,2.836592322781962
60645000,0.004696077127300545,0.022482353597624082,-2.411656,22223,0.0035092532061377856,0.01576535035773748,-2.519213,22223,True,False,-2.414884437016734,-1.86819206063989,-2.759088170232397,-2.517131865328164,1.3381984289668725,2.821605435192915
60655000,0.00445671613688052,0.02261409398635426,-2.446972,18907,0.00333394449148058,0.015697834479839134,-2.551271,18898,True,False,-2.4770753496178863,-2.0779213865821218,-2.8061585638149893,-2.683554235869683,1.3367697477474576,2.814295296218113
60665000,0.004551786462612982,0.022167954550123253,-2.421857,19472,0.0028923527205466783,0.01524571792632174,-2.624695,19463,True,False,-2.452374121952445,-1.9287722184702434,-2.9247259636235894,-3.064719503030473,1.5737314575356,4.026758235268545
60675000,0.0049290516939252335,0.022659901139018692,-2.385024,20544,0.00341454632292022,0.015933743554754128,-2.545691,20519,True,False,-2.35435284878332,-1.710033962087013,-2.7845169703736126,-2.6545868384143945,1.4435451236490369,3.360633294030457
60685000,0.004929156917017087,0.022567802682706126,-2.381903,18787,0.00349251774864087,0.0160370593220339,-2.533887,18762,True,False,-2.3543255096580196,-1.6914994387472881,-2.7635816409232574,-2.5933088528297623,1.4113477072336402,3.1958886432100995
60695000,0.005695631662961063,0.023375720597457388,-2.304835,17541,0.0038812696629213486,0.01644918850168254,-2.474727,17533,True,False,-2.1551795926381008,-1.233819642289148,-2.659201743740455,-2.2861921443252915,1.4674661019750128,3.483029860598132
60705000,0.005480261695978053,0.022954900553568806,-2.320378,20413,0.0039449789226018335,0.016140050928876038,-2.448127,20401,True,False,-2.2111371434906846,-1.3261240627535267,-2.6420958061726636,-2.1481038338753424,1.3891738849554243,3.082431757059741
60715000,0.00560962183070755,0.024160699361906377,-2.339997,17709,0.004619449906763859,0.01700963666158106,-2.359612,17697,True,False,-2.1775267175857858,-1.4426344162947151,-2.4610003327010594,-1.688596811338606,1.2143484492588326,2.18790174301243
60725000,0.005415803380131745,0.025011894204537893,-2.387077,15029,0.004304278919709971,0.01683071775427393,-2.409734,15033,True,False,-2.2278847408338467,-1.7222260083595076,-2.5456237493717544,-1.9487946420292943,1.2582370894534571,2.412466925838285
60735000,0.005107052710508776,0.02476406215285492,-2.419267,18004,0.004201289149266992,0.016839286150599736,-2.431199,18008,True,False,-2.308104520491238,-1.9133911177173157,-2.5732765049076733,-2.060225679014563,1.2155918169545208,2.1942636875307335
60745000,0.006175281359790193,0.025024435894898313,-2.296191,20209,0.005072452026324905,0.017323329704587064,-2.291667,20209,True,False,-2.03055672772463,-1.1824859608573692,-2.3393692540454354,-1.3358746213565864,1.2174154290157595,2.203594570741503
60755000,0.006622871806232462,0.025517933146261017,-2.257355,20313,0.0054540041867796275,0.01783140444291203,-2.249528,20302,True,False,-1.9142635160072334,-0.9518525906486142,-2.2369224909166863,-1.1171188576704838,1.214313663763981,2.1877237559302065
60765000,0.0070035338598869,0.025471337243538818,-2.210515,21397,0.005918735200598522,0.017812309922379126,-2.164145,21386,True,False,-1.8153596784693955,-0.6736862743292681,-2.112142203905476,-0.6738709549957483,1.1832821747421103,2.02894481052081
60775000,0.007202049914529914,0.025466635,-2.186868,23400,0.006275264055023923,0.018054779007177033,-2.115034,23408,True,False,-1.7637811209836294,-0.5332550428603617,-2.0164141989733233,-0.4189215183601319,1.1476887428767264,1.8468237537096555
60785000,0.007325109156440402,0.025547316570840126,-2.174901,23306,0.006479208115295531,0.01836078167624603,-2.097853,23314,True,False,-1.7318077967381476,-0.4621872310031122,-1.9616552144893653,-0.3297299671631189,1.1305562386779866,1.7591618001701164
60795000,0.006220703535722995,0.02565174650085345,-2.30933,20505,0.005846757586105962,0.018242247829056493,-2.202231,20498,True,False,-2.018755111393439,-1.260513869271544,-2.131468194914684,-0.8715864208527674,1.0639578337411604,1.4183974722203871
60805000,0.006814873454327882,0.02714604028719585,-2.283416,20056,0.006579060667996012,0.01916407113659023,-2.128473,20060,True,False,-1.8643775354427898,-1.1066197206571207,-1.934844801983469,-0.4886872628765549,1.035842926252221,1.2745418113389426
60815000,0.006875116756344937,0.026662524451216606,-2.262739,21001,0.006474030611759105,0.01902125941442514,-2.13818,21005,True,False,-1.8487250854593023,-0.9838262765380956,-1.9630453742980856,-0.5390791136110537,1.0619530812624394,1.4081397471027222
60825000,0.006830613792076259,0.026369948813424686,-2.258987,20142,0.006096152730163462,0.018794742236796343,-2.189813,20127,True,False,-1.8602878716780127,-0.9615444657176392,-2.0645055934756837,-0.807120983290082,1.120479439151634,1.7076017992701105
60835000,0.006997943824270795,0.026445352435824885,-2.241837,19439,0.0061467307454695225,0.01851992802718287,-2.165132,19424,True,False,-1.8168120847943712,-0.8596966364077163,-2.050925395299353,-0.678994758094022,1.1384822459367792,1.7997168335741314
60845000,0.007234304729663429,0.02627118246492003,-2.209198,20382,0.006417389314100677,0.01857392051810421,-2.121264,20382,True,False,-1.7554006560406379,-0.6658650736761399,-1.978253563913897,-0.4512632542286722,1.1272971570803374,1.7424860441755134
60855000,0.006209144638520457,0.02447058397160471,-2.275071,21412,0.005472095133569961,0.017018041425368953,-2.198739,21412,True,False,-2.021758350828684,-1.0570616952582117,-2.232065071321957,-0.8534584366388138,1.1346923777748084,1.780325199818682
60865000,0.005418604670179902,0.024154166999818278,-2.364768,22012,0.004850529711066691,0.016634140150826822,-2.295811,22012,True,False,-2.227156908014265,-1.5897406891714574,-2.3989554003724454,-1.3573873265635263,1.1171160662756323,1.690392415669674
60875000,0.005211694327328479,0.024368510396703718,-2.396507,20872,0.004853256228440015,0.016530904513223456,-2.289076,20872,True,False,-2.2809164743745427,-1.778227467857617,-2.3982233304002074,-1.322423989312384,1.0738551772288512,1.469039249681421
60885000,0.004507613081333617,0.02317182807390104,-2.455726,23545,0.004458310554257805,0.01605243465703971,-2.340907,23545,True,False,-2.463851275726005,-2.129908319397226,-2.5042662522472465,-1.5914937343849878,1.0110585672477945,1.147727581361219
60895000,0.003776799287956512,0.02255089135594518,-2.538474,26122,0.004291846412985223,0.01569104188040732,-2.354938,26122,True,False,-2.6537317431817806,-2.6213196418308993,-2.5489618776895417,-1.664332722502403,0.8799940455766528,0.47710921313325955
60905000,0.0035221041357370096,0.022953892258748675,-2.581598,28290,0.003998423329798516,0.015757171827500884,-2.419394,28290,True,False,-2.719906786674979,-2.8774179386916066,-2.6277459817132507,-1.9989425021400662,0.8808732455836515,0.48160781936568364
60915000,0.0034602910955460974,0.023025870370990985,-2.591423,29839,0.0036662829183283624,0.015508149535842354,-2.475779,29839,True,False,-2.7359670869493833,-2.9357651645207588,-2.716925689197585,-2.2916533812648914,0.9438145316738985,0.8036597525190358
60925000,0.003376537326567129,0.022899580358452375,-2.600412,34091,0.0035790657358247043,0.015413281335249772,-2.489911,34091,True,False,-2.7577280402168642,-2.9891476798366137,-2.740343504539164,-2.3650166896588263,0.9434130512802923,0.8016054961649686
60935000,0.00339760472147569,0.02364802858538969,-2.611907,32744,0.0035044295138040556,0.015432467627656975,-2.506382,32744,True,False,-2.75225429734342,-3.0574124493944894,-2.760383331725732,-2.4505224250505955,0.9695172090328599,0.9351727457362661
60945000,0.0036063465965439517,0.024040185725018783,-2.592657,33275,0.003289113899323817,0.015591874891059352,-2.558794,33275,True,False,-2.6980188612107794,-2.943093457311923,-2.8181955787545245,-2.7226083095356586,1.096449289057868,1.584646633076554
60955000,0.003308451944486808,0.023505106756138476,-2.620799,32785,0.0032758287021503736,0.015565107579685832,-2.560321,32785,True,False,-2.7754180240314494,-3.1102189157632254,-2.8217626544757692,-2.7305354091618654,1.0099587754130792,1.142100272031561
60965000,0.0033274144643588373,0.023377778215264433,-2.615882,31747,0.0036041689923457334,0.015891877815226635,-2.507311,31747,True,False,-2.7704911710217357,-3.0810185789284223,-2.7336032796338587,-2.4553451333366114,0.9232126660612622,0.6982461033984595
60975000,0.0033257328872876996,0.02395034955609882,-2.626484,31088,0.003980992408646423,0.016316013445702524,-2.451557,31088,True,False,-2.7709280793603908,-3.1439801349834546,-2.632426184410193,-2.165909958117574,0.8354029713958891,0.24894988348898142
60985000,0.0035784854436508896,0.023996238318605496,-2.595338,33044,0.004489690927248517,0.01630826119719162,-2.350243,33044,True,False,-2.7052577622593557,-2.959014975118331,-2.495840621437451,-1.6399596165789985,0.7970449417648322,0.05268319810662399
60995000,0.003443290414791388,0.023297605005473784,-2.599306,32884,0.004597886783846247,0.015944222022868264,-2.307758,32884,True,False,-2.7403842137715984,-2.982579534109688,-2.466790031659189,-1.4194076665990736,0.7488854286035703,-0.19373477770451877
61005000,0.003723919626418505,0.02359007033106819,-2.568377,29873,0.00511211003530005,0.016123396133804,-2.214415,29745,True,False,-2.6674709677869175,-2.798903061064405,-2.3287210777992504,-0.9348370965866835,0.7284506007703595,-0.29829374394339325
61015000,0.00372422142395287,0.024204460557511315,-2.580425,27838,0.0053790599790560795,0.016228518578702198,-2.1675,27693,True,False,-2.6673925545749317,-2.8704519034857436,-2.2570450122709778,-0.691287732497988,0.6923554372796561,-0.48298201299146726
61025000,0.0037187673906553215,0.023995904911180775,-2.576894,26796,0.005949298146202342,0.01631377063944761,-2.059668,26648,True,False,-2.6688096246979134,-2.849482534080883,-2.1039360523663,-0.13150056360930973,0.6250766559798568,-0.8272276254299361
61035000,0.0038142667586430774,0.024704844708651193,-2.578487,24644,0.006247006123948722,0.01698136143545358,-2.049145,24494,True,False,-2.643996923022633,-2.8589428018412755,-2.0240014540629536,-0.07687262034371752,0.610575159198353,-0.9014274926745314
61045000,0.004333276087912088,0.02646105898901099,-2.549887,22750,0.007059890757790368,0.017876576133144476,-1.961348,22592,True,False,-2.5091476153760053,-2.6890974421757483,-1.8057419127333294,0.3789070560688436,0.6137879800945154,-0.884988438998364
61055000,0.004325169180765064,0.026820161805150428,-2.557714,23998,0.006874211633146958,0.01809877347075023,-2.010587,23966,True,False,-2.511253956734978,-2.7355792474240714,-1.855596761615922,0.12329313433030949,0.6291876671223514,-0.806192798086926
61065000,0.0040919045357311196,0.02638181128312969,-2.576876,27581,0.00657764176884568,0.017581681890734963,-2.029442,27566,True,False,-2.571860913310434,-2.8493756383999758,-1.9352257764352565,0.02541136389670974,0.6220929444823222,-0.8424943941193322
61075000,0.004011582287357128,0.02627867982609915,-2.584424,28522,0.005961370396352157,0.0171785014380919,-2.117331,28510,True,False,-2.592730286886259,-2.8942005605942196,-2.1006946529464803,-0.4308459111835729,0.6729295481810473,-0.5823785383255595
61085000,0.004163842828174618,0.026713652140643532,-2.574419,26137,0.0061738656847742926,0.017840656962509565,-2.120303,26140,True,False,-2.5531698640706266,-2.8347843779559816,-2.0436396635237664,-0.44627442466692674,0.6744304202216933,-0.5746990202837324
61095000,0.0038243043368451435,0.026087628265261942,-2.602808,27716,0.00597382558516969,0.017868406895805534,-2.158557,27727,True,False,-2.6413889535803423,-3.0033766826953068,-2.0973504344863017,-0.6448620272215265,0.6401767648421413,-0.7499648373300547
61105000,0.003971608290940578,0.026364590576180683,-2.590495,27717,0.00612010584586534,0.018183077283710197,-2.15129,27729,True,False,-2.6031163540273496,-2.9302540983050407,-2.0580741814045758,-0.607136923761384,0.6489443795524782,-0.7051035476741812
61115000,0.004277759845725306,0.02681623818298693,-2.562942,23335,0.0061170033837323855,0.018841405619565682,-2.189463,23347,True,False,-2.523571877908192,-2.7666265040790163,-2.0589071925527027,-0.8053040318367928,0.6993227855818454,-0.44733215374875196
61125000,0.004994802820685023,0.0269830518468771,-2.484794,22335,0.006514244909831298,0.01970740752673737,-2.170371,22347,True,False,-2.3372693525520845,-2.302532966766371,-1.9522478344176115,-0.7061919257048218,0.7667508498409182,-0.10232270458867578
61135000,0.005096655637356274,0.026648856894697658,-2.466273,24178,0.0066240020267196095,0.019529370145179303,-2.142637,24177,True,False,-2.3108058941219216,-2.1925432497605954,-1.9227780462184025,-0.5622166925462194,0.7694224151498757,-0.08865309556509214
61145000,0.005387260501778334,0.026752415264827457,-2.434929,20806,0.006702685988944966,0.01975558111031002,-2.141788,20805,True,False,-2.235300768190466,-2.006402237405479,-1.9016514007015073,-0.557809287449527,0.8037465145560718,0.08697316271732577
61155000,0.005161788977113498,0.02609361191032228,-2.445785,21410,0.0069793320411022895,0.01985171728164409,-2.102072,21410,True,False,-2.2938829116712114,-2.070872210291107,-1.827371929863003,-0.35163201911004854,0.7395820899070257,-0.24133720844777712
61165000,0.004644747336683417,0.025276857889447238,-2.48906,24875,0.006801936884422111,0.019198211979899498,-2.093654,24875,True,False,-2.4282209732522486,-2.327867243141655,-1.8750025331727649,-0.30793174101351845,0.6828565768260627,-0.5315848706999579
61175000,0.003902878496274385,0.025074972217021756,-2.574968,26707,0.006481692065750552,0.018635870296177033,-2.114848,26707,True,False,-2.620973769497096,-2.8380446962236894,-1.9609882737398074,-0.4179559384449543,0.6021388329904328,-0.9445936771099332
61185000,0.0034342246086218864,0.025134594779054525,-2.632871,25934,0.006703106462558802,0.0182876158710573,-2.053951,25934,True,False,-2.742739696835723,-3.18191028575911,-1.9015385035273247,-0.10182195944230522,0.512333293198349,-1.4041020458530131
61195000,0.0036532639085465435,0.025577110143349666,-2.614205,27555,0.006861507240065324,0.018312352132099436,-2.027711,27555,True,False,-2.6858287777510057,-3.071059464657126,-1.859007891426267,0.03439748665568908,0.5324287770498313,-1.3012794023381917
61205000,0.0035958945332457484,0.025248887088533685,-2.615416,27402,0.006387140683161813,0.017672709802204218,-2.07064,27402,True,False,-2.7007345224132986,-3.078251168522684,-1.9863753219589035,-0.18845939602498119,0.5629897181888407,-1.1449081111845323
61215000,0.0035701604143228457,0.025299300888388873,-2.619199,25777,0.006240996508515343,0.017877072622880862,-2.110371,25777,True,False,-2.7074207762510416,-3.10071707746026,-2.0256150359335545,-0.39471453371245935,0.5720497374820905,-1.0985506738164086
61225000,0.003487950548752066,0.024956336666807914,-2.622986,23599,0.005909742150091105,0.017709809144455274,-2.15995,23599,True,False,-2.7287805916315393,-3.1232067409935937,-2.1145568381563744,-0.6520934940056146,0.5902035080664721,-1.0056632024301433
61235000,0.00353727174580883,0.02433462327745107,-2.605699,22786,0.005152204643201966,0.017302205477047312,-2.276141,22786,True,False,-2.715965929350276,-3.0205453167789793,-2.3179556747320205,-1.255274654888696,0.6865549780667299,-0.512661246110752
61245000,0.0032679379369208264,0.024281622825556817,-2.638823,24604,0.004710922066834702,0.016875962761200097,-2.336752,24598,True,False,-2.785944397185392,-3.217257124246144,-2.4364400557929575,-1.569923924989517,0.6936939075955834,-0.4761334565114695
61255000,0.0032285248323287202,0.024514129510145175,-2.647496,23558,0.004239841117527174,0.016426776961616846,-2.40464,23552,True,False,-2.7961847330844307,-3.2687630264971617,-2.5629253006167816,-1.922350211449144,0.7614730700596891,-0.12932754174540959
61265000,0.0032936701303993483,0.02449859152404238,-2.639277,24540,0.00412536316947909,0.016070959444036848,-2.409297,24534,True,False,-2.7792586436177342,-3.2199532708646106,-2.5936626320819482,-1.9465260483576177,0.7983951945775576,0.05959204213565222
61275000,0.004164259934929119,0.025366869354713766,-2.548938,25818,0.004755872733612274,0.016775406671315666,-2.322822,25812,True,False,-2.5530614911495877,-2.683461664332302,-2.424370800815203,-1.497609257148622,0.8756037363022957,0.45464529990910796
61285000,0.0039868734511755615,0.02574848704307534,-2.577766,29135,0.005148704040646778,0.017173888633320745,-2.270544,29129,True,False,-2.5991501511621693,-2.854661035956001,-2.318895586591913,-1.2262190055056756,0.7743450428886435,-0.06346546630071147
61295000,0.003885398680593733,0.025653171852666298,-2.587878,27285,0.005902973172072568,0.01765220549752611,-2.158197,27285,True,False,-2.6255153854361515,-2.9147126540307493,-2.1163743088971048,-0.6429931628695715,0.6582104589219312,-0.6576917618805771
61305000,0.003771875110326567,0.025454860767872903,-2.597848,27192,0.00632836819652839,0.018046802074139452,-2.105537,27192,True,False,-2.655011145895143,-2.9739209839561096,-2.0021557358594464,-0.3696198384976067,0.5960264942225926,-0.9758687056094884
61315000,0.004079769836886483,0.025905620641408004,-2.569512,27159,0.0071739259913840715,0.01884772539489672,-2.008517,27159,True,False,-2.5750137578652788,-2.8056434276105726,-1.7751234501085003,0.13403910435404728,0.5686941629710582,-1.11572015549126
61325000,0.003332450668364099,0.025239516007039355,-2.647007,26707,0.007016442767813682,0.01817975298610851,-1.991091,26707,True,False,-2.7691826615499826,-3.265859027165818,-1.8174076989583559,0.22450252156836273,0.47494874235288437,-1.5953877283951319
61335000,0.00356160193848865,0.025147902655981203,-2.617364,23833,0.0071472401427671636,0.018393803527188748,-1.982251,23815,True,False,-2.709644444450566,-3.0898196566565437,-1.782288601024925,0.27039352398857086,0.4983184932008904,-1.4758116296938575
61345000,0.003772967483721123,0.025395555970304007,-2.59627,24111,0.006797679020543681,0.018433482050217886,-2.046492,24095,True,False,-2.6547273248005303,-2.96454979592981,-1.8761457697139186,-0.06310012832778839,0.5550376050882379,-1.1855967204549438
61355000,0.0039589356037404546,0.02533968549144514,-2.572937,24489,0.006783150574102071,0.01823041343521432,-2.035774,24473,True,False,-2.60640897903154,-2.8259833002278603,-1.8800466578898851,-0.007459883538217819,0.5836425950583478,-1.0392334525595703
61365000,0.0036503542944170573,0.024541212857200113,-2.595734,24951,0.006019737437337076,0.017339110086224182,-2.11639,24935,True,False,-2.686584755396788,-2.9613666800983167,-2.085023101211111,-0.4259609074191589,0.606397593319593,-0.9228028609058239
61375000,0.003764616313444643,0.02397659208060957,-2.570309,24017,0.005921140285821425,0.017408400649972917,-2.139097,24001,True,False,-2.656897130748736,-2.8103765308152373,-2.1114964384724053,-0.5438395264186694,0.6357924541087592,-0.7723980577953334
61385000,0.003573414326001128,0.022891274450084605,-2.573272,26595,0.005386984810316953,0.01664023055231793,-2.192486,26597,True,False,-2.7065753430146535,-2.8279727476225425,-2.254917194910304,-0.8209973011033426,0.6633421945347716,-0.631434189511028
61395000,0.0038272406405990018,0.02230991118968386,-2.526355,28848,0.004935220535219079,0.016026024126455905,-2.243821,28848,True,False,-2.6406260414207368,-2.5493491553348684,-2.3762159123014617,-1.0874921664021426,0.7754953630312504,-0.057579618573662596
61405000,0.004005485478022164,0.02211447168468499,-2.497195,29507,0.004533769851221744,0.016086077981495917,-2.328567,29507,True,False,-2.5943143634554247,-2.3761781522633023,-2.4840054294210474,-1.5274332174318914,0.8834779023780354,0.4949350773220841
61415000,0.004541391319578239,0.022181763582863348,-2.425104,28547,0.004507193260237503,0.015982658563071427,-2.327891,28547,True,False,-2.455074994098803,-1.9480550115763262,-2.491141244660797,-1.5239239054821112,1.0075874402019616,1.1299668515641106
61425000,0.004532551480910803,0.022472568909433315,-2.43449,29205,0.004260553877760657,0.015795027187125492,-2.367701,29205,True,False,-2.457371766154308,-2.003795170521102,-2.5573639240572748,-1.7305891550690433,1.0638409021347965,1.4177991677970838
61435000,0.00462135274270788,0.022760081374256277,-2.430225,27564,0.004162448810042084,0.01589130213321724,-2.3928,27564,True,False,-2.4342993703491147,-1.978466832794758,-2.583705136808675,-1.8608853394293159,1.11024854685508,1.6552533512694667
61445000,0.005106912542771994,0.02382040799882262,-2.395722,27179,0.005107726627175393,0.017077777512049745,-2.272577,27179,True,False,-2.308140938954632,-1.773565628440224,-2.329898022973164,-1.23677289780435,0.9998406170762805,1.0903286503388374
61455000,0.005205486832865168,0.02374699153792135,-2.381168,28480,0.005584244101123596,0.017203820891853933,-2.19007,28480,True,False,-2.2825293092185266,-1.6871345317768645,-2.2019530711686666,-0.8084551447857824,0.9321739412891676,0.7440982966079878
61465000,0.004633126094890511,0.023488087335766423,-2.447966,27400,0.005479635218978102,0.017522525839416058,-2.228499,27400,True,False,-2.4312404110954464,-2.0838244036278395,-2.230040558230856,-1.0079512230670244,0.8455172488205416,0.3007016477028264
61475000,0.0046918502857142864,0.023567125679653682,-2.44255,28875,0.005728885437229438,0.01762332606060606,-2.188641,28875,True,False,-2.4159826574711563,-2.051660680972298,-2.163116869373868,-0.8010367915664981,0.8189813423784095,0.16492526786508796
61485000,0.004760480680061824,0.022976302339468877,-2.417713,28468,0.005659412849515245,0.017359725481242098,-2.185511,28468,True,False,-2.3981510682503706,-1.904162457265559,-2.1817702606402545,-0.7847880542842293,0.8411615845395659,0.27841500265645863
61495000,0.004099139618038028,0.021856960373548714,-2.476844,23772,0.004659518719501935,0.016374312005721016,-2.318915,23772,True,False,-2.5699810899915985,-2.2553207076985053,-2.4502418556358645,-1.477326887640053,0.8797345530304453,0.47578146657235854
61505000,0.0040687831151241536,0.021772654717832955,-2.478586,22150,0.004299201625282167,0.016112223792325058,-2.375963,22150,True,False,-2.5778683343428215,-2.265665834150861,-2.546987003032696,-1.773479591946393,0.9464043489370214,0.8169110809858033
61515000,0.004347551165239686,0.021778348976695207,-2.43966,21841,0.004427924774506662,0.015565606748775239,-2.318545,21841,True,False,-2.505438656431202,-2.034497985537563,-2.512424834751242,-1.4754061103894323,0.9818484700260225,0.9982681587434356
61525000,0.006370200366610266,0.023301363884188755,-2.214992,21276,0.00464341770069562,0.016221630381650688,-2.312857,21276,True,False,-1.9799127573091553,-0.7002736056307568,-2.454564979524919,-1.4458780536285578,1.3718775215195396,2.993931384298645
61535000,0.006168222685534312,0.02384596446790578,-2.260128,22543,0.004281222197577962,0.015626031184846737,-2.352719,22543,True,False,-2.0323907166004163,-0.9683204641574426,-2.551814479750448,-1.6528132502885509,1.4407621003702848,3.3463933875619465
61545000,0.005948611618798955,0.023780505711488247,-2.286376,24512,0.004277875882617036,0.015557982735398554,-2.349929,24501,True,False,-2.0894501924724778,-1.1241981215176107,-2.5527129653880283,-1.6383295515609055,1.3905526438882627,3.089486458468867
61555000,0.0051930782736208,0.023147562777425492,-2.365049,25232,0.004110230561833393,0.015161020578089688,-2.362449,25221,True,False,-2.285753308342689,-1.5914094495234146,-2.597725737553954,-1.7033245006899782,1.2634518174825689,2.4391491458398975
61565000,0.004753838623614721,0.022206220036940758,-2.396692,29236,0.0037537863473053896,0.014993471274593669,-2.430315,29225,True,False,-2.399876811243282,-1.7793261179113955,-2.69343101667187,-2.0556365787725417,1.2664116131775074,2.454293544445404
61575000,0.0035582170382555734,0.020102481677225156,-2.509344,28571,0.0036202034663865546,0.014128836589635853,-2.410926,28560,True,False,-2.710523911209913,-2.448326798227515,-2.7292980230157426,-1.9549826595502098,0.9828776396944198,1.0035341153490076
61585000,0.0036373720674083045,0.019883034254873887,-2.491039,27237,0.004217524139956677,0.014741457576091346,-2.314075,27237,True,False,-2.6899578052151942,-2.3396198293926367,-2.568917409565109,-1.4522010446860014,0.8624425010275503,0.38730315413788186
61595000,0.004002582453962342,0.020168834885164494,-2.444004,28998,0.004756872108655934,0.015214885380399185,-2.228418,29009,True,False,-2.5950686288654508,-2.060295476530118,-2.424102468594904,-1.0075307285878359,0.8414315883496144,0.27979653224357587
61605000,0.005283218124523858,0.0209542778932059,-2.280441,28878,0.005088566236283707,0.015743007961507842,-2.194229,28889,True,False,-2.262333119532658,-1.0889522400625438,-2.3350425883316603,-0.8300457193407199,1.0382527964070112,1.2868724037085666
61615000,0.006291802948566361,0.022338636565178836,-2.19041,27064,0.005929428698060941,0.016981651597414587,-2.110167,27075,True,False,-2.000282020342237,-0.5542897374035536,-2.1092709996112986,-0.39365551057968484,1.061114530414022,1.403849130584448
61625000,0.006111176204523107,0.023034235673549657,-2.240161,25425,0.005743614876552916,0.01748001871363422,-2.176782,25436,True,False,-2.0472125666794354,-0.8497434607853601,-2.1591620146048807,-0.7394732850392081,1.0639947726075232,1.418586477467334
61635000,0.006033176610978521,0.023176864255553518,-2.255623,27235,0.005526385129429044,0.017407350137690472,-2.213035,27235,True,False,-2.0674784667183035,-0.9415668506856524,-2.217488206288857,-0.9276731165708605,1.0917039746018997,1.5603662634035553
61645000,0.005956978691299867,0.023287487155895775,-2.269378,27172,0.004833840828794347,0.01720478636095981,-2.331379,27172,True,False,-2.0872762547990145,-1.0232529668464692,-2.403436365614526,-1.5420311245366003,1.2323489544411936,2.2800050006961747
61655000,0.005010803659031389,0.0230636586994209,-2.386873,27111,0.004565020323853786,0.016980045922319352,-2.370591,27111,True,False,-2.3331120053694967,-1.7210145239758787,-2.4756146768602942,-1.7455919827833437,1.0976519935405835,1.5908005159685454
61665000,0.0049742554411335085,0.02282425912941864,-2.384806,27384,0.0040268562664329535,0.016308370544843704,-2.441555,27384,True,False,-2.3426079847311563,-1.7087393366182348,-2.620111737627274,-2.1139866768724467,1.2352701740555976,2.2949520169143587
61675000,0.005188103930247262,0.023047507803920265,-2.363244,30049,0.004046150720489867,0.01636813165163566,-2.44105,30049,True,False,-2.2870457451489075,-1.5806901881878799,-2.614931176306087,-2.1113650754898443,1.282231999904131,2.5352417812074783
61685000,0.0056787778292804675,0.023812676852314054,-2.322363,28046,0.003917806175568709,0.016706005918847605,-2.481976,28046,True,False,-2.159558565567587,-1.3379122808981465,-2.6493916893241107,-2.323823804567835,1.4494790132021107,3.3909952507109393
61695000,0.005659289154824234,0.023715960246821242,-2.321755,26740,0.003897573709798055,0.016563192744951383,-2.479141,26740,True,False,-2.1646221243692656,-1.3343015823430184,-2.6548241068102194,-2.309106497796195,1.4520031117301073,3.403910315859835
61705000,0.005646724205181042,0.024007964343538416,-2.332284,27176,0.003959856748601708,0.016814444620253163,-2.478666,27176,True,False,-2.1678867569383677,-1.3968296170254777,-2.6381011095779345,-2.30664063510959,1.4259920405390916,3.2708193626745916
61715000,0.005838917665774259,0.024988003724828307,-2.336923,25773,0.004993697551701392,0.017775235362588758,-2.331375,25773,True,False,-2.1179509395385003,-1.4243790094551418,-2.3605148321427234,-1.5420103593771335,1.1692573699792639,1.9571840352564338
61725000,0.0060360401374787665,0.02611244289495516,-2.344661,25313,0.006457512266424367,0.018573555801366888,-2.115091,25313,True,False,-2.0667344635873195,-1.4703322749478627,-1.9674805503688224,-0.41921742188252453,0.9347315016129304,0.7571845758626429
61735000,0.005722787453430174,0.026316066307906522,-2.386574,26573,0.007664822609153473,0.019509743146177278,-1.968846,26591,True,False,-2.1481239592672825,-1.7192388679430115,-1.6433176978847652,0.3399827646495311,0.7466301237808054,-0.20527450501450886
61745000,0.005864235604428264,0.02659743376179508,-2.377435,26918,0.008310598938223938,0.019879492092367095,-1.887287,26936,True,False,-2.111372817901765,-1.6649655552862557,-1.4699267399103948,0.7633791748746196,0.7056333301630259,-0.4150429647622798
61755000,0.006627997134259922,0.027703295995128243,-2.320387,27916,0.008918949452280375,0.020492813417340872,-1.831763,27934,True,False,-1.9129318502798789,-1.326177510593983,-1.3065846140565742,1.0516203534243531,0.7431365285476859,-0.22315019787639695
61765000,0.0059638235153502035,0.027508574394699996,-2.388963,29283,0.008043463328896624,0.019463838435548275,-1.903015,29301,True,False,-2.0854978286087746,-1.7334263002591284,-1.5416526566484734,0.6817305678536879,0.7414497053681851,-0.23178117286262748
61775000,0.006427659061604585,0.028196708631805158,-2.35487,27920,0.007631970327152982,0.019647492590736632,-1.983364,27938,True,False,-1.9649838055518225,-1.5309599419697295,-1.6521385362947278,0.26461561836711295,0.8422017888010249,0.2837374200089877
61785000,0.0062405360742513235,0.028215363207889203,-2.375531,27582,0.006807230621419766,0.019032785657312742,-2.083075,27582,True,False,-2.0136022096273245,-1.6536583677057248,-1.8735811646772533,-0.2530130855153986,0.9167510873826912,0.6651841176348936
61795000,0.005777202275600506,0.027585796284590534,-2.411388,28476,0.006072673549655851,0.0182675063913471,-2.164858,28476,True,False,-2.1339858683283035,-1.866600502724145,-2.070809753937136,-0.6775723446705919,0.9513441202397436,0.8421864287932203
61805000,0.005227409883406129,0.02711413124932318,-2.46201,27703,0.005241203096243369,0.017641275233661723,-2.279215,27711,True,False,-2.276833249397956,-2.1672267893321266,-2.294059588213491,-1.2712326799384392,0.997368311705546,1.0776785954472226
61815000,0.005801793733478463,0.027390162610791483,-2.403806,25724,0.005926866430903156,0.018382671265350536,-2.197004,25732,True,False,-2.1275965013519254,-1.821573666465961,-2.1099589683972,-0.8444515487203678,0.9788973315186329,0.9831680564044815
61825000,0.00503694070674953,0.026823269656019656,-2.47726,27676,0.005721728254587488,0.018246315922554546,-2.225879,27684,True,False,-2.3263210623363872,-2.2577911856572768,-2.165038573064171,-0.994350043616692,0.8803180582214964,0.47876708994385403
61835000,0.005350282230201206,0.026164208861188264,-2.426408,29522,0.005820787605824585,0.018013670606163226,-2.195086,29530,True,False,-2.244908484350728,-1.9557990097932425,-2.138441135167921,-0.8344946547563435,0.9191680907318166,0.677551208448829
61845000,0.0053529014033349845,0.026621601254746573,-2.43693,30285,0.006330884428745916,0.018563237249529595,-2.137165,30293,True,False,-2.244227969254412,-2.0182854739331257,-2.001480127455975,-0.533809954396515,0.8455218956501059,0.30072542415445613
61855000,0.00519476474778656,0.0264827641371824,-2.451849,29479,0.006678873469249297,0.01847238437531802,-2.070533,29479,True,False,-2.2853151276380435,-2.1068841774593516,-1.908045062741983,-0.1879039280092622,0.7777905617922195,-0.04583576578868107
61865000,0.004850632365486083,0.026032511674196707,-2.481956,31651,0.006380193651295009,0.018204778774478837,-2.106672,31660,True,False,-2.374727804588116,-2.2856790810764838,-1.988240600161648,-0.37551195249612945,0.7602641284252452,-0.1355133382968814
61875000,0.005192743267750214,0.025932935876817793,-2.439327,29225,0.006314198433331053,0.018120355544913456,-2.112936,29234,True,False,-2.2858403497640243,-2.032520415440759,-2.0059603175767613,-0.4080301922201314,0.8223915232595539,0.1823741541747902
61885000,0.005193731547215583,0.026519726802468696,-2.452676,28031,0.006196049893009985,0.018106872717546362,-2.133119,28040,True,False,-2.285583574415007,-2.111795440132196,-2.0376832031446344,-0.5128059955964978,0.8382326864531614,0.2634286979695278
61895000,0.005276072736520854,0.026272888606307224,-2.437432,27524,0.005866457196818363,0.017722170704245813,-2.169204,27533,True,False,-2.2641896384249653,-2.0212666757006814,-2.126178849022954,-0.7001336904305719,0.899362691912642,0.5762128441922926
61905000,0.005733814330653618,0.02663674826983572,-2.393522,28610,0.006173792550403578,0.017908907683706628,-2.124914,28619,True,False,-2.1452589495743353,-1.7605006007736437,-2.0436593001038457,-0.4702114622415407,0.9287345313018011,0.7264998536122386
61915000,0.005668482789338654,0.026246897341790195,-2.391275,28064,0.005831729404218928,0.01749718062286203,-2.16186,28064,True,False,-2.1622334288697616,-1.7471564566069142,-2.1355032620682857,-0.6620088576507053,0.9720071691319947,0.9479131346481053
61925000,0.0058346811078140454,0.02601092878338279,-2.365982,30330,0.006264151928783383,0.017536797164523575,-2.0846,30330,True,False,-2.119051684506889,-1.596950208983831,-2.019397805103255,-0.26092980256187115,0.9314399098470224,0.7403424749585975
61935000,0.005384412644364096,0.02521734980868466,-2.398674,28487,0.005954844420261874,0.01699452146593183,-2.106355,28487,True,False,-2.236040700170354,-1.7910965201091975,-2.102446877664349,-0.37386631360843703,0.9042071067454198,0.6010002811642016
61945000,0.005322461311664029,0.025296279196030492,-2.408119,27812,0.006055437904501654,0.017202463900474616,-2.101088,27812,True,False,-2.252136931685414,-1.8471870593413966,-2.075437525024525,-0.3465237898813721,0.8789556421191729,0.47179600996173476
61955000,0.0048142523809523805,0.024541761830933925,-2.451383,27090,0.005351101181247693,0.01661227958656331,-2.197787,27090,True,False,-2.3841800734586474,-2.1041167670536107,-2.26455195007216,-0.8485163286858668,0.8996750795562162,0.5778112393118656
61965000,0.005428975043861219,0.025408411328726413,-2.398189,27929,0.005645921515270866,0.017310640409610084,-2.184964,27929,True,False,-2.224462471455808,-1.788216275373609,-2.185392684169393,-0.7819484187272319,0.9615746568876563,0.8945330570450228
61975000,0.005109289439374185,0.02541448930132679,-2.436514,26078,0.0050002859114962805,0.016846848684715084,-2.279745,26078,True,False,-2.307523372288529,-2.0158149959743548,-2.3587458573988513,-1.2739840635677047,1.0217994590323909,1.2026855458054224
61985000,0.0057846206706578035,0.026029740808756016,-2.37207,27227,0.005669794918863353,0.01748651523606726,-2.191121,27238,True,False,-2.1320584165833902,-1.6331047037266193,-2.178982674801338,-0.8139111904355149,1.020252187854701,1.1947686171113854
61995000,0.006341252401651021,0.026299845673375462,-2.314523,27377,0.006398748722068059,0.01800317671973127,-2.090121,27388,True,False,-1.987434034504752,-1.2913532732136088,-1.9832585632677713,-0.28959091391503466,0.9910144431490575,1.0451677305010345
62005000,0.0065812114064357765,0.026527161929965865,-2.293131,26073,0.007159964345959209,0.018764568356080355,-2.005319,26084,True,False,-1.9250877454614075,-1.1643136951029454,-1.7788721521995168,0.15064084934723934,0.9191681813541352,0.6775516721364133
62015000,0.006688032982401616,0.02637220411017443,-2.276283,25741,0.007594349215594905,0.018943773260329297,-1.94266,25752,True,False,-1.8973333010836864,-1.0642593377727076,-1.662239805541473,0.47592188109473227,0.8806591312219118,0.4805122595448162
62025000,0.006872907434999628,0.026433785815391495,-2.256871,26846,0.007776999664891835,0.01915524254384332,-1.926252,26857,True,False,-1.8492991126241,-0.9489782845619659,-1.613198156053283,0.5611005652249108,0.8837479402276943,0.4963167810798139
62035000,0.006886193523159503,0.02593315573566528,-2.240069,28131,0.006952054068465394,0.018646289609327786,-2.033844,28131,True,False,-1.845847113423595,-0.8491971050829397,-1.8346960660912819,0.0025593059042020214,0.99052646244444,1.0426708776556974
62045000,0.006838402816804879,0.026086013193064216,-2.250505,29182,0.00646970372147214,0.01853050507161949,-2.110798,29182,True,False,-1.8582641227150098,-0.9111728454140384,-1.9642071444313864,-0.3969312144854703,1.0569885594774724,1.3827377584026803
62055000,0.007212695244981579,0.0265351614158317,-2.221045,29043,0.006783653479323762,0.01872120321592122,-2.067962,29043,True,False,-1.7610152449962009,-0.7362202476606676,-1.8799116278272554,-0.17455712176238886,1.0632464153668102,1.4147573549464603
62065000,0.006834593615036451,0.026473352382268597,-2.262658,28943,0.006756068729472774,0.018651374589455486,-2.068335,28925,True,False,-1.8592538317475666,-0.9833452459740093,-1.8873181337439877,-0.17649347288260667,1.011622866597126,1.1506149341246952
62075000,0.007186713274921474,0.026908220697635973,-2.235607,30245,0.007124943328811989,0.018854423230886295,-2.017694,30227,True,False,-1.7677658956614501,-0.8226988535155405,-1.788275296042113,0.08639863724881404,1.0086695350768193,1.1355036107876766
62085000,0.006534059795990151,0.026951426591628563,-2.310638,28430,0.007361629170772912,0.019044486308602,-1.989472,28412,True,False,-1.9373387044797579,-1.2682816220842186,-1.724725142484074,0.2329072198622902,0.887583392808161,0.5159416568137832
62095000,0.005936933375612162,0.026402317725399006,-2.364185,28383,0.006889287713731712,0.01870099524061343,-2.048299,28365,True,False,-2.092484440451192,-1.5862784568398127,-1.851548833660972,-0.07248078911662453,0.8617630185162221,0.383826443223469
62105000,0.005533617444191499,0.025994786755461925,-2.400808,29431,0.0064708981062795365,0.018433234488151498,-2.10462,29413,True,False,-2.197274221766937,-1.8037695969457783,-1.9638864520854118,-0.3648594256899909,0.8551544705705573,0.35001245921643187
62115000,0.005511639320822163,0.025668534262734584,-2.395003,27975,0.006163341411974978,0.018240562466487937,-2.147083,27975,True,False,-2.202984590642004,-1.7692957398528275,-2.0464654309923316,-0.5852971672928522,0.8942615624234933,0.5501118742996476
62125000,0.00440333416909406,0.024394713985472515,-2.499132,27121,0.005652117805390657,0.01803582131927289,-2.226414,27121,True,False,-2.4909450837264373,-2.3876813152588303,-2.183728980141554,-0.9971273836952914,0.7790591634332921,-0.039344706639951
62135000,0.005213450930626058,0.024684852192611396,-2.40568,28368,0.0064040026439172275,0.01867463129692953,-2.130882,28367,True,False,-2.28046007267783,-1.8327026945783103,-1.9818478851404682,-0.5011930801650489,0.8140925637465184,0.1399108344627923
62145000,0.005689649770553823,0.02488641720671174,-2.352578,28547,0.006617994570167449,0.018854428991802705,-2.104729,28546,True,False,-2.1567338114238574,-1.5173485586007287,-1.9243910484293505,-0.36542527628544214,0.8597241521172573,0.373394167272092
62155000,0.005885750947004524,0.024881172777757345,-2.328262,27191,0.006590584700257448,0.01895624428098566,-2.115396,27190,True,False,-2.1057826890031666,-1.3729443709913958,-1.9317505990782398,-0.42080076529181903,0.8930544427681216,0.5439354002758653
62165000,0.005991730680143188,0.02457723654102618,-2.306283,28494,0.006663769522338821,0.01900919411785351,-2.106207,28493,True,False,-2.0782469727214345,-1.242418805953332,-1.912100472805977,-0.3730980027081878,0.8991503472707496,0.5751263395041276
62175000,0.006044454195908615,0.024715022286098252,-2.30377,26788,0.006366571284578341,0.019009882741628403,-2.156752,26787,True,False,-2.064548318002304,-1.2274949811687352,-1.9918982059123593,-0.6354917490124226,0.9494049348901527,0.8322641912704127
62185000,0.006011702123937156,0.025157235277651423,-2.321072,28579,0.005674637954569318,0.018701531482972246,-2.258987,28571,True,False,-2.073057980507917,-1.3302454851174395,-2.1776823196121495,-1.1662232685180782,1.0593983566998186,1.3950679775985737
62195000,0.005653185776487663,0.025581484615384616,-2.37585,27560,0.0053264637412891985,0.018620760344076653,-2.315217,27552,True,False,-2.1662079077002727,-1.655552796717377,-2.2711671032206016,-1.4581294977135904,1.0613393897091254,1.404999669049324
62205000,0.005254393199436222,0.02569042945736434,-2.426141,28380,0.004823796806710841,0.01849327266318906,-2.397047,28372,True,False,-2.2698224284368123,-1.9542133905264347,-2.406133185755768,-1.8829327474925106,1.0892650354024733,1.5478869333356484
62215000,0.004655295425065732,0.026142955617879052,-2.506893,28525,0.003933794648805975,0.018025654276396536,-2.535142,28517,True,False,-2.4254803627561827,-2.433771169677157,-2.6450987839227196,-2.5998239216122694,1.1834108896555529,2.02960340663911
62225000,0.004889458103208756,0.025998962897706097,-2.47649,29513,0.003841059549228944,0.0178934802236909,-2.546823,29505,True,False,-2.3646400786928106,-2.2532184259739756,-2.6699981601148677,-2.6604633785433154,1.2729451445735247,2.4877236909693967
62235000,0.004575272892574005,0.02587872379809441,-2.51065,27498,0.0035916142264891993,0.01777151323732635,-2.587256,27498,True,False,-2.4462718639760888,-2.4560826737423116,-2.7369742345311088,-2.8703628017171043,1.2738764811738514,2.49248906471981
62245000,0.005207215161527166,0.02585579643906021,-2.435602,27240,0.004132530800293686,0.017933437041116006,-2.495368,27240,True,False,-2.282080253854176,-2.0103989481416638,-2.591738123057069,-2.393345558460531,1.2600547734954826,2.421767477129165
62255000,0.006051803016058065,0.025878673122485055,-2.336547,26591,0.0045153722312060475,0.018227442894212326,-2.439284,26591,True,False,-2.0626389432506618,-1.4221460774539436,-2.4889451907832543,-2.1021972575855337,1.3402666947884472,2.832188139288889
62265000,0.006790429750127087,0.026225658350604152,-2.260021,25573,0.005141241465608259,0.01860787963868142,-2.346574,25573,True,False,-1.8707285129723048,-0.9676850287209325,-2.320899288147136,-1.620912774058666,1.3207762746704046,2.7324614278266135
62275000,0.006934032796497537,0.027036984168556016,-2.267601,25582,0.005508284770541787,0.01859916409975764,-2.282166,25582,True,False,-1.83341748543013,-1.0126999876812361,-2.2223481530318088,-1.2865521763345966,1.258837021931151,2.4155366027737992
62285000,0.006708301622247973,0.026398200811123988,-2.274721,25890,0.005540718076477405,0.018285171417535728,-2.259906,25890,True,False,-1.8920670912179223,-1.0549831681294375,-2.213639809704101,-1.1709940639054286,1.2107278388206455,2.1693761509369605
62295000,0.006479007643214736,0.02662630167768564,-2.307674,26167,0.00639066950739481,0.018985492872702257,-2.151158,26167,True,False,-1.9516423870295048,-1.2506794666279732,-1.9854278325779233,-0.6064516734990018,1.013822986107748,1.1618722945248023
62305000,0.005725225788821686,0.02624396658893828,-2.384549,27446,0.006168973329446914,0.018560291080667493,-2.164969,27446,True,False,-2.147490429538985,-1.7072131038408185,-2.0449532610323438,-0.6781485778457776,0.9280678458266228,0.723088621344462
62315000,0.0054762978501955994,0.025784768869109572,-2.402136,27863,0.006201389548864085,0.018479779456627068,-2.15462,27863,True,False,-2.2121670322214606,-1.8116561227372405,-2.036249505435199,-0.6244239190169604,0.8830759311352564,0.4928783094380691
62325000,0.005104401751794006,0.025307404917686786,-2.434741,28428,0.005970561981145349,0.018394657415224426,-2.190329,28428,True,False,-2.3087932941358074,-2.0052857714048797,-2.0982267122356646,-0.8097996888612172,0.8549281906650293,0.3488546519084506
62335000,0.0050575432645913005,0.02590133246363344,-2.454384,27979,0.006025123914364345,0.018716785803638444,-2.198996,27979,True,False,-2.3209680937016515,-2.121938652520614,-2.0835768320156927,-0.8547925981345142,0.8394090041092334,0.2694475672788903
62345000,0.004956711223776224,0.026023424125874127,-2.469067,28600,0.0056587900349650356,0.018162719475524475,-2.232531,28600,True,False,-2.347166333551521,-2.209135834897149,-2.181937486360121,-1.0288825038089116,0.8759312844529052,0.45632126685635716
62355000,0.005684159244460588,0.02671590461314929,-2.401045,27530,0.006613423719578642,0.01867966807119506,-2.094731,27530,True,False,-2.15816036312637,-1.8051770567444043,-1.9256183219088412,-0.31352276019978137,0.859488138894379,0.37218655745985035
62365000,0.006095498788546255,0.027522353781204115,-2.374525,27240,0.006795031020558002,0.018877379552129224,-2.075558,27240,True,False,-2.051285882072714,-1.6476840868727356,-1.8768567577659176,-0.21399015958862186,0.8970523857955394,0.5643916915370691
62375000,0.006474810724826555,0.027936827053547473,-2.343063,26089,0.0071099968952432055,0.019104585304151177,-2.035879,26089,True,False,-1.9527328328210916,-1.4608423139427749,-1.7922884137705408,-0.008004968974204569,0.9106629468654749,0.6340329044221948
62385000,0.0062479288452691305,0.02811905148750192,-2.372269,26084,0.007461112022695906,0.019281005213924247,-1.987899,26084,True,False,-2.0116814155353464,-1.6342864948655524,-1.6980139946447295,0.2410731188223558,0.8373991472401967,0.2591637245066484
62395000,0.0056550784098396666,0.0277824873709642,-2.429232,27318,0.007276360677941284,0.019294199904824658,-2.019952,27318,True,False,-2.165716162595217,-1.972569754397978,-1.747619734607616,0.07467670473016871,0.777185004996161,-0.04893422069672263
62405000,0.004723515993537965,0.027542099910249508,-2.527005,27855,0.006643070902889966,0.019094937677257225,-2.114771,27855,True,False,-2.4077552547341425,-2.5532092771454473,-1.9176580525645133,-0.41755620912523256,0.7110440431221458,-0.38735794787647987
62415000,0.003852568046139836,0.026997914263550204,-2.61497,29649,0.0066608362170730885,0.018973965057843434,-2.10471,29649,True,False,-2.634045460091925,-3.0756025310957313,-1.9128880653316873,-0.3653266417779779,0.5783910488993731,-1.0661040600351925
62425000,0.003427698622292586,0.026899156533162664,-2.661544,29687,0.00654806622427325,0.01902122626065281,-2.126779,29687,True,False,-2.744435282422705,-3.35218916679721,-1.9431668107766806,-0.4798932178426367,0.523467311553193,-1.3471325690965148
62435000,0.0037000884738599958,0.027134440392611276,-2.634286,29342,0.006718093607150167,0.01930257457187692,-2.11449,29314,True,False,-2.6736627917902784,-3.1903134740082946,-1.8975144548884755,-0.41609745667273396,0.5507646499480056,-1.207460167306288
62445000,0.003892864708183661,0.027305477824803498,-2.61526,28117,0.006858037345580121,0.019769289864359715,-2.118124,28089,True,False,-2.6235755577787367,-3.0773247392881444,-1.8599395581687215,-0.43496260404773773,0.5676353907131376,-1.121137579786397
62455000,0.004647448928503698,0.02744286466906884,-2.533408,26365,0.0070094522914530884,0.01972302551543456,-2.090384,26337,True,False,-2.427519044084575,-2.5912344463041324,-1.8192846420085993,-0.290956223149934,0.6630259733946006,-0.6330521994981455
62465000,0.005961532586048838,0.028422843153596136,-2.410047,23998,0.007871586642749876,0.02092376464208243,-2.022794,23972,True,False,-2.0860930592004703,-1.858636774496471,-1.587801550503629,0.05992305892946251,0.757348277623255,-0.1504328838908696
62475000,0.006452147364757743,0.02879696175708596,-2.366633,25861,0.008142026127346623,0.021193403057867235,-1.997198,25835,True,False,-1.9586212402964058,-1.6008162694433528,-1.5151885431860315,0.1927993143534061,0.7924498477211853,0.029171461825034974
62485000,0.006900019223780798,0.02865875717712043,-2.315811,27518,0.009129835786184091,0.021670570769286676,-1.87702,27519,True,False,-1.8422549117975913,-1.2990022530474978,-1.2499616289559878,0.8166781479343798,0.7557659727267375,-0.15852906975575332
62495000,0.007559854945685297,0.028372475531495356,-2.237473,27893,0.008633744927224492,0.02121707370760737,-1.923632,27894,True,False,-1.6708160084070598,-0.8337803724363761,-1.3831620350488336,0.5747017446752444,0.8756171289989197,0.45471382637410146
62505000,0.0071391564001457965,0.02836107511845986,-2.282566,30179,0.008638511248798914,0.02153337281733541,-1.942531,30181,True,False,-1.780122150695189,-1.1015718690586709,-1.3818822776055832,0.4765915574875161,0.826433652110879,0.2030565312199253
62515000,0.006556241096340063,0.027655724109634006,-2.327243,30465,0.00814102491710712,0.020821835428909096,-1.975506,30461,True,False,-1.9315755460427018,-1.3668928877221946,-1.515457368156453,0.3054087741383792,0.8053336236034758,0.09509393000048486
62525000,0.0063858406921866815,0.027267418353434714,-2.335829,28605,0.008192170798223838,0.020697592112163907,-1.959704,28601,True,False,-1.9758490787654226,-1.4178821275154876,-1.5017246979979846,0.3874415366094354,0.7795053166580962,-0.03706187262977918
62535000,0.005645246568396653,0.026771289956901236,-2.406834,27611,0.00691417643436685,0.019629672341350334,-2.100774,27608,True,False,-2.168270677392377,-1.8395558954543254,-1.8448662116455525,-0.3448937248632791,0.8164741848844075,0.15209688497336357
62545000,0.004847002951142201,0.026537271869421068,-2.492866,27447,0.006702935322839236,0.019269592369916922,-2.114904,27444,True,False,-2.3756708011468186,-2.350469741004837,-1.9015844545456373,-0.41824665067748196,0.7231164732601213,-0.3255868957530904
62555000,0.0044919713541666665,0.02642161163949275,-2.531298,26496,0.006217790570382393,0.01873952799063833,-2.166744,26491,True,False,-2.467915318431811,-2.5787038970420952,-2.0318458308116476,-0.6873631173588843,0.722438509840387,-0.32905583392539933
62565000,0.004092645232495025,0.02634707874072734,-2.576168,27635,0.005324256169935587,0.01821736422522979,-2.295002,27634,True,False,-2.571668465043792,-2.845171074950913,-2.2717598361756024,-1.3531875730614968,0.7686792486817061,-0.0924556584390952
62575000,0.003784629402810719,0.026131199653085063,-2.608244,28249,0.00551151536391957,0.017932561384876804,-2.24611,28248,True,False,-2.6516973181583023,-3.0356591783296354,-2.2214807386417434,-1.0993750289066502,0.6866767400461788,-0.512038226097944
62585000,0.00435383982945461,0.02648945251376799,-2.548707,28145,0.00535730052586697,0.017956025440591245,-2.275255,28144,True,False,-2.5038047320148547,-2.682089836427309,-2.2628874259111447,-1.2506751720669422,0.8126928493991905,0.13274891039957748
62595000,0.004676841106429749,0.026812499908408133,-2.517953,27295,0.005631536088517622,0.018470403092254707,-2.254044,27294,True,False,-2.4198823512159966,-2.4994526269464137,-2.1892551715560167,-1.1405627227077744,0.8304734326333375,0.2237268925612485
62605000,0.004628525337587179,0.026354494249888706,-2.514217,26956,0.005687740048228529,0.018472748989055834,-2.24426,26955,True,False,-2.4324357825502876,-2.477265834508987,-2.174164407188338,-1.089771142653554,0.8137723064591803,0.13827217270513778
62615000,0.005342256472694718,0.02615931892569382,-2.427083,27925,0.0064759287709497204,0.019048822195960463,-2.140496,27924,True,False,-2.246993741362609,-1.9598075978273077,-1.9625357185153744,-0.5511021409419589,0.8249405856129043,0.19541695182985966
62625000,0.006040338211097496,0.026501126868545423,-2.354867,28565,0.00672829198613591,0.019867596786051885,-2.144936,28563,True,False,-2.0656177355845373,-1.5309421260229115,-1.894776189915727,-0.5741514679493926,0.8977520927367618,0.5679718848737354
62635000,0.005758159454953975,0.025815481880118864,-2.369585,27594,0.007371178530008698,0.02045486198898231,-2.074519,27592,True,False,-2.138933585132239,-1.618347161112324,-1.7221611393278762,-0.20859640941728735,0.7811721601250079,-0.028533127919776646
62645000,0.006186471092416968,0.026080505337089797,-2.326192,25201,0.007970990055861495,0.02106188902975318,-2.015668,25241,True,False,-2.027649404845489,-1.3606513676869314,-1.561111731986814,0.09691619051842447,0.7761232982429486,-0.05436665993579044
62655000,0.006539408768138314,0.026343974529175675,-2.292674,25912,0.008961447925095364,0.021671238546603477,-1.902114,25953,True,False,-1.9359489314060891,-1.1615997325376608,-1.295173773209488,0.686407920023439,0.7297268056231799,-0.2917637814103557
62665000,0.006148259214256784,0.02637305283290581,-2.338289,22221,0.009249631030455485,0.021897565807205102,-1.872892,22262,True,False,-2.037577637390047,-1.4324912039062994,-1.2177966033427245,0.838107792503454,0.6647031858906508,-0.6244703995348042
62675000,0.006202078960917389,0.026477975941961152,-2.334794,21365,0.008996624281776989,0.02145468169290419,-1.882671,21407,True,False,-2.0235941593182347,-1.4117356258632565,-1.285728920698628,0.7873421688985652,0.6893784564817206,-0.498214342682997
62685000,0.006184390385301462,0.026952586291473422,-2.349583,22424,0.008623795379684857,0.021126294266892193,-1.918861,22466,True,False,-2.028190015385836,-1.499562305027364,-1.3858334887730546,0.5994693886285043,0.7171309282070955,-0.35621315833913814
62695000,0.006332550358590584,0.026256938454942313,-2.314155,25656,0.008505598690364827,0.020429363969441845,-1.892763,25656,True,False,-1.9896950044250112,-1.2891678504039268,-1.417569302348164,0.7349516715654496,0.744515534898692,-0.2160942305017311
62705000,0.0068197283198085335,0.026370445121723193,-2.2611,26741,0.007811948169477581,0.020234961893721252,-1.991052,26741,True,False,-1.8631161414526172,-0.9740928309264946,-1.6038144818349718,0.22470498187315724,0.8729868877592154,0.4412556603828331
62715000,0.006943300316086031,0.026395808183879613,-2.24779,29106,0.007633568226422889,0.02042163344007162,-2.031082,29043,True,False,-1.8310095930674433,-0.8950494135436932,-1.6517095003070592,0.016897648515584663,0.9095746720455632,0.6284645242487719
62725000,0.006918238788526397,0.026065770661501987,-2.2406,29947,0.007110815620398876,0.01995154581046714,-2.087514,29884,True,False,-1.8375210938235922,-0.8523505276697371,-1.792068586048977,-0.27605722123296744,0.9729177576591873,0.952572346648781
62735000,0.006923720368818105,0.025831545917854148,-2.232582,29825,0.006910964484913648,0.019615693669780256,-2.100708,29762,True,False,-1.8360968664244675,-0.804734440473994,-1.8457286201414749,-0.34455109973208803,1.0018457458336392,1.1005883007629302
62745000,0.006161681035062925,0.025409374722390472,-2.310425,29718,0.006245187590625527,0.019250039521160008,-2.191112,29655,True,False,-2.034090372053961,-1.267016689860136,-2.0244897302985834,-0.8138644688267164,0.9866286553685031,1.022726952422514
62755000,0.00530021970369844,0.024945643763100864,-2.401813,28147,0.00612307520296254,0.018786867077339408,-2.186006,28084,True,False,-2.257915759282466,-1.80973793912983,-2.057276908961356,-0.7873577427681658,0.8656140138755806,0.4035308467570691
62765000,0.004805072120596206,0.024547954742547427,-2.452918,29520,0.006138892310298103,0.01847766849593496,-2.165649,29520,True,False,-2.38656529407653,-2.11323259317552,-2.053030015308186,-0.6816786549550244,0.782726244038458,-0.020581340473115366
62775000,0.004610808608089449,0.02451142781126865,-2.476212,29693,0.006717329067456976,0.01888227578890648,-2.089469,29693,True,False,-2.4370389535759345,-2.251567481568834,-1.8977197338122207,-0.28620619292205046,0.6864050520358076,-0.5134283732396658
62785000,0.005034592667018053,0.024843496969297666,-2.431948,30356,0.006886100507313217,0.019268296382922653,-2.084296,30356,True,False,-2.3269311313934553,-1.988699124917266,-1.8524045986515538,-0.2593516504424439,0.73112390120812,-0.2846152567792443
62795000,0.005547346754036344,0.025380454603796527,-2.383396,29606,0.006686363946497332,0.01929311173410795,-2.119298,29606,True,False,-2.193707064448877,-1.7003658416137435,-1.9060338694429169,-0.4410571783510562,0.8296507337059232,0.21951738563129702
62805000,0.006073519489559164,0.02599940082863772,-2.337645,30170,0.007250065329797813,0.019903766390454092,-2.062066,30170,True,False,-2.0569965563974737,-1.428666713989356,-1.7546800361386876,-0.14394927670927302,0.8377192774521578,0.2608017360572073
62815000,0.0068161736333223035,0.02683870905481416,-2.275353,27201,0.007650245034328303,0.020696114770349158,-2.044408,27237,True,False,-1.864039722175615,-1.058736394259109,-1.6472317770327538,-0.05228148024591808,0.8909745508459741,0.5332932088640593
62825000,0.0069848966713146705,0.027002337588043906,-2.261072,27969,0.007470764064171124,0.020886845026737967,-2.083334,28050,True,False,-1.8202020037104167,-0.9739265487561931,-1.695422421305079,-0.2543576295908312,0.9349641631454252,0.758375036067141
62835000,0.007374226944636413,0.02731937065192352,-2.226617,26046,0.007871508436961928,0.02135464851731395,-2.047745,26135,True,False,-1.7190459842661163,-0.7693103995507482,-1.5878225487593423,-0.06960481453056085,0.9368251337964081,0.7678970721251802
62845000,0.007132369846465592,0.02702351434026966,-2.244834,25662,0.00812313875189313,0.021186676750417462,-1.999683,25751,True,False,-1.7818854370437625,-0.8774947672789614,-1.5202598038936153,0.17989895903505532,0.878031271447058,0.46706627880438234
62855000,0.0064313114729037685,0.026213065046243218,-2.301483,26166,0.006818887411921539,0.02028652241477814,-2.152939,26255,True,False,-1.9640348339107359,-1.2139132910444328,-1.8704513161816945,-0.6156973607513074,0.9431614110037707,0.8003179273441342
62865000,0.005989561323507953,0.025955678352546332,-2.346066,27412,0.006519618851712965,0.019518702515746167,-2.159802,27467,True,False,-2.0788106162318742,-1.4786760767076557,-1.9508049309090514,-0.6513251831053677,0.918698080323247,0.675146304289975
62875000,0.005771419771802441,0.025950245551743394,-2.371306,25066,0.006206503306305597,0.019263292962292372,-2.197848,25406,True,False,-2.1354882818489456,-1.6285675759369542,-2.034876461454308,-0.8488329973677262,0.9298987669818648,0.7324569030260849
62885000,0.005369876112421872,0.025658698911378782,-2.411177,24159,0.0055969739904454694,0.01855499314033727,-2.264207,24491,True,False,-2.239817590406128,-1.8653474477979402,-2.198535095617279,-1.193321801621414,0.9594248823719257,0.8835332970839354
62895000,0.005541638914647422,0.02653086320203201,-2.412595,24803,0.005904816232345335,0.019254487964989058,-2.248136,25135,True,False,-2.195190078619043,-1.873768451993945,-2.115879447174998,-1.1098925821762606,0.9384947298260521,0.77643990088405
62905000,0.006403247496105052,0.02762499737369241,-2.342537,22465,0.007208424310216256,0.019975126113085055,-2.072188,22797,True,False,-1.9713264327851685,-1.4577185846006757,-1.7658606507745145,-0.19649551273838473,0.8883005800629613,0.5196112917416462
62915000,0.007059473911403546,0.027523109593059807,-2.267376,23861,0.007292788268364267,0.01996239295605804,-2.057941,24191,True,False,-1.8008253015491178,-1.0113637916698819,-1.7432089262325994,-0.12253520600979714,0.9680075235458533,0.9274481318977927
62925000,0.007420056808791936,0.027148285283424226,-2.216074,24204,0.007236863948107751,0.019658973682036028,-2.048832,24204,True,False,-1.7071384421423252,-0.7066992237831368,-1.758224607400877,-0.0752477466154895,1.0253138461628928,1.220667624652756
62935000,0.007559549403461604,0.027114508191900522,-2.199299,23804,0.00747242719710973,0.019724622878507812,-2.014038,23804,True,False,-1.6708953945664182,-0.6070783878254717,-1.694975870075989,0.1053779930008815,1.0116591576008358,1.150800624450184
62945000,0.008489347552195825,0.02706038449424046,-2.092627,22224,0.007877921702740404,0.019994732484363047,-1.96469,22223,True,False,-1.4293146954592963,0.02640917183330954,-1.5861005867625704,0.3615577653348691,1.077612582674277,1.4882647813238046
62955000,0.008453582469741318,0.02647860078316589,-2.076008,25282,0.007234775918674103,0.019526679007950635,-2.041214,25281,True,False,-1.4386072001117802,0.125103578556435,-1.7587852433478466,-0.03570050041219278,1.1684650035837714,1.95312973091527
62965000,0.008421628843582888,0.026563836773061497,-2.082669,23936,0.0074791851681637765,0.019504039983288073,-1.999003,23935,True,False,-1.4469094099590143,0.08554623797139584,-1.6931613547054567,0.1834290361443022,1.1260088705158362,1.7358942630994452
62975000,0.008699273745871993,0.027157702822770875,-2.072841,25436,0.00858329616669943,0.01997828118734028,-1.849579,25435,True,False,-1.3747715489729055,0.14391127974736895,-1.3967075283137405,0.9591323331620868,1.0135120094798222,1.1602811191547062
62985000,0.009102938756955304,0.027702132523548025,-2.047821,27497,0.009316487125400058,0.020415534914169333,-1.763217,27496,True,False,-1.2698910695749352,0.29249627621000884,-1.1998457404401603,1.4074625086161634,0.9770784453871518,0.9738613543776211
62995000,0.008758184443024173,0.027845575021617355,-2.090685,26599,0.009261616526937104,0.02043559058611226,-1.773297,26599,True,False,-1.3594653371652288,0.037942028073533224,-1.2145784972846445,1.355134306761447,0.9456431733651771,0.8130163708581762
63005000,0.008393596560520036,0.028002770797333994,-2.135577,24306,0.010115745083518472,0.021043185838887517,-1.683948,24306,True,False,-1.4541927741484477,-0.2286558001119507,-0.9852449618296005,1.818970865046876,0.8297556424386057,0.22005417256819884
63015000,0.008055947196870925,0.028612406046284223,-2.191122,24544,0.010860232806388528,0.022205116036505868,-1.656951,24544,True,False,-1.541921029398764,-0.558518055448374,-0.785349992538289,1.9591201175738402,0.7417840243840829,-0.23007056140156804
63025000,0.007470365473204106,0.02877609496009122,-2.257778,21925,0.010590149828962371,0.02244355694412771,-1.712565,21925,True,False,-1.6940672155149301,-0.9543646391499613,-0.8578672776730646,1.6704117229361184,0.7054069672153124,-0.41620119697254787
63035000,0.006124665638468689,0.028280140750443675,-2.389173,23666,0.00966599670413251,0.022394423730245923,-1.843231,23666,True,False,-2.043707734057893,-1.734673416536393,-1.1060024111795956,0.9920866412348791,0.6336300151902811,-0.7834626177571903
63045000,0.0061290912491233545,0.028096575430530665,-2.384583,25666,0.009674945229475651,0.022147645217797503,-1.826509,25689,True,False,-2.0425578693078017,-1.7074150179047585,-1.1035997319362445,1.0788953903831517,0.6335013898012041,-0.7841207558058066
63055000,0.006065709340495374,0.028111061884512088,-2.391917,26808,0.00882122276471246,0.021842595467928886,-1.933565,26831,True,False,-2.059025793897602,-1.7509690692259798,-1.3328242317295438,0.5231366624309086,0.6876268179917225,-0.5071769584306454
63065000,0.006229209617300808,0.027453205262575192,-2.357949,27097,0.0072569904133328415,0.02041692891117584,-2.090431,27121,True,False,-2.0165450563002687,-1.549245042054001,-1.7528206510634876,-0.29120021377366323,0.8583736869565444,0.366484236721257
63075000,0.006172059709725239,0.02764828658599648,-2.369321,29007,0.007147065275050808,0.0205594993971961,-2.115981,29031,True,False,-2.0313937787297642,-1.6167793577923342,-1.7823355530104545,-0.4238376698637449,0.8635795913703003,0.3931213088944843
63085000,0.005894976228321147,0.026916813288121226,-2.382091,28311,0.0067696133050997,0.019525174342685723,-2.118734,28335,True,False,-2.1033857710129946,-1.692615904747887,-1.883681414902513,-0.43812929086632674,0.870799551265407,0.4300637068965659
63095000,0.005783247717731725,0.026619270507096688,-2.387542,30014,0.006797334932533733,0.019315169715142428,-2.10199,30015,True,False,-2.1324151380160745,-1.7249874801163054,-1.8762381573518463,-0.35120633334099044,0.8508110568528359,0.3277884966766242
63105000,0.0057633649990452545,0.026250852587359173,-2.380627,31422,0.0069153930242179295,0.01921644556535022,-2.076312,31423,True,False,-2.1375810776202417,-1.6839217227006733,-1.8445395572448806,-0.21790439214799334,0.8334110554326796,0.23875783902216094
63115000,0.0062475849854779645,0.026653651849981058,-2.335384,31676,0.00802747733299659,0.019937894367975755,-1.937741,31676,True,False,-2.0117707573875085,-1.4152394287374748,-1.5459448968847656,0.5014578359482402,0.7782750079900622,-0.04335699796845675
63125000,0.006518492824304175,0.026463751397862823,-2.299046,32192,0.007887687251491053,0.019518222291252486,-1.932879,32192,True,False,-1.9413833241727507,-1.1994408035792268,-1.583478536717073,0.5266978872793544,0.8264137023272504,0.20295445408133017
63135000,0.006708379474194254,0.026938024946075213,-2.290797,31989,0.008078526556003626,0.01997897677326581,-1.932167,31989,True,False,-1.892046863679682,-1.150452888478494,-1.5322381794307856,0.5303940856643308,0.8303964129707372,0.22333280574205505
63145000,0.006677922780965238,0.027379560175497804,-2.306308,29630,0.008339379596518454,0.020662954051683422,-1.93453,29642,True,False,-1.899960139537214,-1.2425672721768155,-1.4621991325513546,0.5181270677096975,0.8007697339683584,0.07174185744224913
63155000,0.006767281177869483,0.028429160942855143,-2.324192,28594,0.0084712218765294,0.02084867552261763,-1.925614,28606,True,False,-1.8767429885624494,-1.3487740698082245,-1.426799477587958,0.5644126081597637,0.7988553807826824,0.061946678752998134
63165000,0.006163554489082393,0.02863036984629593,-2.393765,30318,0.008631323639960435,0.020885145829212002,-1.903197,30330,True,False,-2.0336036101343073,-1.761943692465908,-1.383812150730296,0.6807857530979771,0.7140914587592323,-0.371765223958537
63175000,0.0060054201161329765,0.028606774593364803,-2.410019,29449,0.008541332507382642,0.02102648077118903,-1.926037,29461,True,False,-2.0746901754517295,-1.8584704923261695,-1.4079747717252808,0.5622166925462171,0.7031010806501483,-0.4279997360884892
63185000,0.006044746742585671,0.028945640339539596,-2.413333,28627,0.008210701351304165,0.02117766688781033,-1.986031,28639,True,False,-2.064472308353478,-1.8781511749111892,-1.496749244105121,0.25077044829305134,0.7362034598451861,-0.2586246585527103
63195000,0.006192274018603714,0.028822303032338223,-2.395074,29779,0.0076168948252123975,0.02054072040699822,-2.040826,29779,True,False,-2.0261416851678686,-1.7697173839275224,-1.656186308883706,-0.0336862799439752,0.8129656717993401,0.13414486187806698
63205000,0.006618072944835046,0.028732143050297455,-2.34779,29584,0.00767807068009735,0.020269519199567335,-2.014891,29584,True,False,-1.9155103589837268,-1.4889143074791011,-1.6397605905569421,0.10094982274472457,0.8619447802154298,0.3847564640450827
63215000,0.007202059100459108,0.02852355812777216,-2.279856,25702,0.007011209672399035,0.02011483713329702,-2.112534,25702,True,False,-1.7637787342901308,-1.0854781304330214,-1.8188127851875509,-0.4059432936937837,1.0272206134144566,1.2304239883622476
63225000,0.007732873910447761,0.029188178467661693,-2.241926,25125,0.007311801870646766,0.020326820019900497,-2.076328,25125,True,False,-1.625862119734547,-0.8602251761633188,-1.7381037736187652,-0.21798745278585804,1.0575879991348491,1.3858049137224837
63235000,0.008184454000661267,0.029670662134237063,-2.208594,24196,0.007879735824103158,0.020512397793023638,-1.997008,24196,True,False,-1.5085323164378321,-0.6622781297167698,-1.5856134951384124,0.19378565942804932,1.0386711158039097,1.289012820258898
63245000,0.00851303922662946,0.029919061231811837,-2.182189,25085,0.00829811445086705,0.020865644528602754,-1.953237,25085,True,False,-1.4231591107439605,-0.5054681044731246,-1.4732788250290079,0.4210136081763458,1.0259004352175394,1.2236690272415855
63255000,0.007830594391352029,0.0296276494595018,-2.243926,25532,0.008863207660974464,0.021575641782860724,-1.910883,25532,True,False,-1.6004723272015389,-0.8721024740420285,-1.321551286197765,0.6408854991837548,0.8834944064134784,0.49501952358699913
63265000,0.007102725255635833,0.029650142169055236,-2.319395,25329,0.008697021043073157,0.021526129337913064,-1.932829,25329,True,False,-1.7895877119806904,-1.3202863708461432,-1.36617239660902,0.5269574517726819,0.8166848419083543,0.15317475461995994
63275000,0.006566171355597694,0.02948627777562788,-2.370871,25841,0.008869857817337462,0.02208745108359133,-1.940875,25840,True,False,-1.9289954602713553,-1.6259842636483353,-1.319765719074053,0.48518833350650586,0.7402792120030528,-0.23777024099897817
63285000,0.006363905848582705,0.028647147470398277,-2.372625,27870,0.008249543830062076,0.021687346980515984,-2.009767,27869,True,False,-1.9815482026665272,-1.6364006538879625,-1.4863200377394625,0.12754999202087203,0.7714251817648465,-0.07840553152451113
63295000,0.00586001302338608,0.02796589955888531,-2.411079,28564,0.0070126638308300945,0.020973687462801524,-2.159043,28563,True,False,-2.1124699313791315,-1.864765460201884,-1.8184223436181441,-0.6473849940966646,0.8356329584235076,0.25012665904355963
63305000,0.006662542399466043,0.027679562222593025,-2.316116,29965,0.005986714557468963,0.020185709117607798,-2.281591,29964,True,False,-1.9039562792586882,-1.300813540974001,-2.093889745152128,-1.2835671846613366,1.1128879346943181,1.66875831770357
63315000,0.007009304715640593,0.027280451075641914,-2.266591,30261,0.005649915532055519,0.019924354857898216,-2.323792,30260,True,False,-1.8138602913504587,-1.0067019522524887,-2.1843202905784826,-1.5026448083191657,1.2406034525423266,2.3222408245220323
63325000,0.007256685839837345,0.026908819997376533,-2.227711,30494,0.0054784088673181615,0.019533834557617893,-2.333846,30494,True,False,-1.7495855828981834,-0.7758072814904025,-2.230369833677413,-1.554838036637352,1.3245973448837711,2.752012713244661
63335000,0.007164690880636431,0.026714350004890614,-2.232224,30671,0.005466615467379609,0.019578865149489748,-2.337916,30671,True,False,-1.7734877670317428,-0.8026084041537062,-2.233536361809629,-1.5759665863941674,1.3106264604469766,2.680527832330717
63345000,0.007477472743791641,0.026821498990510804,-2.199861,29718,0.006026067131031698,0.01983340164210243,-2.257991,29718,True,False,-1.6922206003118156,-0.6104159085293885,-2.0833235783206163,-1.161052743811006,1.2408545376611917,2.3235255527654397
63355000,0.00790556967846369,0.027086451585608122,-2.159792,27182,0.0063304057832389085,0.020206295121771762,-2.227109,27182,True,False,-1.580992204229849,-0.37246018417840954,-2.0016086437847007,-1.0007353301525357,1.2488251068194334,2.364308596220632
63365000,0.008239788788426763,0.027509474864376132,-2.136704,30415,0.007133240703600197,0.020759411507479862,-2.129152,30415,True,False,-1.4941551994995688,-0.23534865746660205,-1.7860474507364936,-0.49221214869593455,1.1551255776730038,1.884875836395878
63375000,0.008124298179593085,0.027483662536331648,-2.148805,32685,0.007165756817070188,0.020821156486916115,-2.127584,32712,True,False,-1.5241620370699909,-0.30721224828172555,-1.7773168735840599,-0.4840722061852018,1.1337669400445562,1.7755900088406424
63385000,0.008616618607117606,0.027878981174876267,-2.107817,33944,0.007951361602543346,0.021314066468458393,-2.033972,33971,True,False,-1.3962470554925348,-0.06379890555547948,-1.5663819721166867,0.0018948208012866178,1.0836657968569143,1.5192372868190758
63395000,0.008208761594933065,0.027795514380308046,-2.149786,34735,0.008195981876761982,0.021592760830792247,-2.012916,34762,True,False,-1.5022167030697184,-0.3130380628912339,-1.5007014233301201,0.11120262023113907,1.001559266279897,1.099122469671407
63405000,0.007526512662355307,0.027643524699744577,-2.220219,36802,0.008089738792799152,0.02140868348312471,-2.018529,36829,True,False,-1.6794790199732283,-0.7313149236367612,-1.529227693614729,0.08206391021025405,0.9303777112129771,0.7349075189108826
63415000,0.0075385312308974715,0.027928212031119757,-2.227352,35990,0.008017079295888054,0.02109118166421412,-2.011175,36017,True,False,-1.6763563484615291,-0.7736753065211743,-1.5487367700676946,0.12024065588878413,0.9403089270632475,0.7857226112265512
63425000,0.0076224028237167705,0.02822511867573196,-2.226789,32652,0.008487176681367144,0.021249607282861693,-1.948403,32652,True,False,-1.6545647821349052,-0.7703318471683174,-1.4225156121525486,0.44610830339119617,0.8981081824832386,0.5697938907200176
63435000,0.007532032768218623,0.028288334956983806,-2.238316,31616,0.008395886861082997,0.021159863202176114,-1.956822,31616,True,False,-1.678044782837544,-0.8387866534922526,-1.447026930824078,0.4024028340048011,0.8971098459093643,0.5646856979339194
63445000,0.00763324149601723,0.02839300823903456,-2.230283,29251,0.008557529622918874,0.02110255546818912,-1.928289,29251,True,False,-1.6517486719551822,-0.7910814865624199,-1.403625845862217,0.5505259077667708,0.8919912442457453,0.5384953280954821
63455000,0.007863246900646062,0.02888065475816309,-2.219828,28635,0.00895859703160468,0.021738755229614107,-1.906961,28635,True,False,-1.591988533129037,-0.7289929119014735,-1.29593923817186,0.6612457380403234,0.8777319565670412,0.46553477314698677
63465000,0.007865848815824044,0.02890508381188305,-2.220097,26643,0.009509369098551377,0.022633344479471587,-1.880786,26646,True,False,-1.5913125020048948,-0.730590408466159,-1.1480569265812917,0.7971277502969916,0.8271683151958313,0.2068155847986216
63475000,0.007786382793336995,0.028828918652754897,-2.226362,27315,0.009142960245991654,0.022615372465041365,-1.932314,27318,True,False,-1.6119594104697246,-0.7677960440712122,-1.246437711220872,0.5296309660539488,0.8516260143152876,0.33195839282148554
63485000,0.007145397082778025,0.028802702687694356,-2.293464,27012,0.008606799111604663,0.02230900810660744,-1.992198,27015,True,False,-1.7785006928817357,-1.1662912651997523,-1.3903969871110253,0.21875576368610375,0.8302037714745532,0.2223471162192406
63495000,0.007416975289498862,0.02883080350367853,-2.265725,30311,0.00840035128983308,0.022186042521607177,-2.015717,30314,True,False,-1.7079390842883075,-1.0015590822710092,-1.445828231610529,0.09666181731496305,0.8829363241601104,0.4921639818635895
63505000,0.007219511087035031,0.02851568533766703,-2.277955,27690,0.008436645000541653,0.02201720889755534,-2.000711,27693,True,False,-1.7592443489253513,-1.0741887587993084,-1.4360833695198691,0.1745623130522538,0.85573247263237,0.3529699247042914
63515000,0.006630348998024273,0.028423243049675417,-2.338715,28344,0.0077735867202935365,0.021362720364098222,-2.063289,28344,True,False,-1.912320787660352,-1.4350210683544644,-1.6141145317499028,-0.15029822421605057,0.8529330457863479,0.33864608603677326
63525000,0.006294973270093389,0.028206534634899624,-2.369398,27198,0.007475481138318994,0.02097191576586514,-2.087235,27198,True,False,-1.999458305547863,-1.6172366337606652,-1.694155886796896,-0.27460885136020335,0.842082690547586,0.28312802949383054
63535000,0.006026746474636183,0.027675901064189823,-2.385802,26593,0.0073359340803970975,0.02072353307261309,-2.095117,26593,True,False,-2.0691491485055824,-1.7146542309618302,-1.7316242747918706,-0.3155265980882667,0.8215377085708426,0.1780054371031383
63545000,0.005485883039523464,0.027708849915479353,-2.445942,24846,0.007445358931015053,0.02055761035981647,-2.068357,24846,True,False,-2.209676602721195,-2.0718045781745866,-1.7022437000932595,-0.17660768125967036,0.7368191500709226,-0.2554743538840425
63555000,0.005423379789520491,0.028019589935522123,-2.459697,26986,0.007093444633793947,0.02061126458711518,-2.127048,26993,True,False,-2.2259162337128693,-2.1534906943354004,-1.7967326963187418,-0.48128967481673507,0.764562221812928,-0.1135212664731157
63565000,0.005187265133708057,0.028090702980752853,-2.487047,29355,0.00764698508276003,0.020787119916899393,-2.050382,29362,True,False,-2.287263681756574,-2.3159127428267365,-1.6481070740975852,-0.08329424590862526,0.6783412125914354,-0.5546886531452065
63575000,0.004805554010380962,0.028274224757614336,-2.532001,30633,0.007756519712793734,0.020817084693211488,-2.035145,30640,True,False,-2.3864400891906605,-2.5828787672464615,-1.6186970236235305,-0.004194562212164579,0.6195502865098893,-0.8555044224526537
63585000,0.005225371009112386,0.029116221565980427,-2.503002,29630,0.008224452711138105,0.021312072949353847,-1.991971,29637,True,False,-2.2773629909100728,-2.410663886654131,-1.493057003699702,0.2199341864858081,0.6353457418553624,-0.7746837521893667
63595000,0.005036450523148464,0.02887532616426178,-2.518342,29246,0.007806990739475122,0.02103878830645161,-2.04001,29264,True,False,-2.326448422126464,-2.5017627613838234,-1.6051455518951805,-0.02945018741287942,0.6451205965548608,-0.7246687136063789
63605000,0.004954124436579747,0.02877786648192047,-2.525315,29951,0.008511861758227088,0.021175773479741006,-1.939899,29962,True,False,-2.3478384341146565,-2.543172960437939,-1.4158876684950636,0.4902550324162476,0.5820259512311003,-1.047505340570231
63615000,0.004969795989416516,0.02880082077705055,-2.523976,28724,0.00792773426135375,0.020979619001218024,-2.017893,28735,True,False,-2.343766642085865,-2.535221109508145,-1.5727259137243765,0.08536557056537353,0.6268873079718829,-0.8179630550577348
63625000,0.005663626750233364,0.028701060474729964,-2.448499,29996,0.008188335921618288,0.021109962842003532,-1.985543,30007,True,False,-2.1634951277917747,-2.0869897035125144,-1.5027543624474495,0.2533037977479228,0.69167005414136,-0.4864889156677566
63635000,0.005132254018886397,0.028010951078545936,-2.491604,31663,0.007833516006819474,0.020725942287049312,-2.01785,31674,True,False,-2.301556701801162,-2.3429751660433737,-1.5980235170538237,0.08558879602963365,0.6551660856272596,-0.6732689190327781
63645000,0.0051687018690408535,0.028266990212792827,-2.492754,31674,0.008009747584769843,0.021071192839552944,-2.010847,31674,True,False,-2.292086800045332,-2.349804612323631,-1.5507053346575546,0.12194339896500961,0.6453014672857976,-0.7237432516057207
63655000,0.004793625442484932,0.0280535070638135,-2.529255,31357,0.007236735150645624,0.020756219002072376,-2.112886,31365,True,False,-2.3895393766818143,-2.5665712372589944,-1.7582591895221742,-0.40777062772680506,0.6624016690810177,-0.6362465799049433
63665000,0.004866522937875228,0.028273580559906027,-2.525413,30648,0.007933982352557411,0.020971136253914405,-2.016594,30656,True,False,-2.37059910677106,-2.543754948033995,-1.5710483011044258,0.09210905610200791,0.6133770812215849,-0.8870908869236904
63675000,0.004863842205929231,0.02826861031417136,-2.52541,28233,0.00801297719627492,0.0211014402464502,-2.011835,28241,True,False,-2.3712956161139895,-2.5437371320871773,-1.5498381839003315,0.11681440457686873,0.6069956380495304,-0.9197428430168922
63685000,0.005672492540525032,0.029257128317314588,-2.458889,27884,0.00830925247382762,0.02182346213968163,-2.008606,27892,True,False,-2.1611916129700743,-2.148692265992404,-1.470288265629202,0.13357707955592527,0.6826718237762275,-0.5325301973774285
63695000,0.005971393178184402,0.02944682238408243,-2.431774,28145,0.00838344212247219,0.022190511106372393,-2.018255,28137,True,False,-2.083531074381547,-1.9876658000018164,-1.45036834340353,0.08348632363368641,0.7122841776622775,-0.3810125464582913
63705000,0.006444493110795454,0.02905106100852273,-2.373642,28160,0.008449430429221149,0.0219518662592382,-1.995155,28144,True,False,-1.9606099730400346,-1.6424402598592833,-1.4326504816497891,0.20340511955074622,0.7627133171613668,-0.12298156438310341
63715000,0.00640615710001764,0.02823288890456871,-2.358123,28345,0.007613053350752065,0.021472909151896053,-2.093607,28322,True,False,-1.9705704577939462,-1.550278366969448,-1.657217744857319,-0.30768775038979157,0.8414701440894014,0.2799938105533127
63725000,0.006223675492453313,0.02794100591583525,-2.371014,31272,0.008073020604044023,0.020969336415408244,-1.995026,31256,True,False,-2.017982935856626,-1.626833490446663,-1.5337165276480553,0.20407479594353004,0.7709227806672119,-0.0809761692531336
63735000,0.0066333816428166175,0.02710315529849335,-2.303862,31726,0.007786939798170924,0.02012062270577105,-1.988405,31710,True,False,-1.91153284411575,-1.2280413368711558,-1.6105292300582175,0.2384463261498874,0.8518598852369109,0.3331550411122298
63745000,0.006909619942907766,0.02652171798405355,-2.255588,30477,0.007615869689314655,0.01926351392670844,-1.961146,30481,True,False,-1.8397604473358353,-0.941358997972775,-1.6564615578938693,0.3799556966218847,0.9072660411459268,0.6166519431855343
63755000,0.007113559085298512,0.02700992870135776,-2.246983,30786,0.007469529360181877,0.01923542055862293,-1.983972,30790,True,False,-1.7867728600179493,-0.8902569238496344,-1.6957539393522305,0.2614593141282561,0.9523436808775463,0.8473008847521722
63765000,0.00732608738667196,0.027291329792866127,-2.231495,30222,0.007355274964442827,0.01927759388747395,-2.005908,30233,True,False,-1.7315536323869394,-0.7982791290769158,-1.7264312470177072,0.14758317961584905,0.9960317489268632,1.0708397992707601
63775000,0.007336255648358416,0.02761796093298949,-2.239731,25981,0.006511115220319415,0.01959367319607466,-2.165187,25985,True,False,-1.7289117086852603,-0.847189841741437,-1.953088156117555,-0.6792802790366823,1.1267279721089811,1.73957369313006
63785000,0.006098694740008272,0.027207964770462837,-2.36627,26597,0.005905554640802977,0.019283860381188678,-2.249732,26601,True,False,-2.050455508093633,-1.5986605398783666,-2.1156811844885484,-1.1181778808032559,1.0327048196067548,1.258485048371552
63795000,0.005404444113155407,0.027273306159552032,-2.44564,27502,0.0058187606585977545,0.019370948860538653,-2.268856,27513,True,False,-2.2308361122269007,-2.0700111061949014,-2.138985370541072,-1.2174561082109563,0.9287964276670916,0.726816558994909
63805000,0.005030157185136468,0.027076780189265227,-2.483382,27369,0.006268106935466199,0.02010297195135313,-2.231944,27381,True,False,-2.328083560891501,-2.294147594464005,-2.0183358857255103,-1.0258352166572533,0.8025002184750288,0.08059623451783138
63815000,0.00501174963527314,0.027040462473658617,-2.484401,24676,0.006597781796824367,0.02056925656189242,-2.202625,24688,True,False,-2.3328662212687954,-2.3001990777332058,-1.9298181784982407,-0.873631789060184,0.7596113041636792,-0.13885364683689572
63825000,0.005546725799692695,0.027097425653024164,-2.425788,28636,0.007267295378385926,0.020747490051661547,-2.10739,28648,True,False,-2.1938684011698166,-1.9521170474508425,-1.7500537677294103,-0.37923929862030475,0.7632448539506905,-0.12026184794295341
63835000,0.006064388216303471,0.02783383788769745,-2.385404,26019,0.008240970880872805,0.02183345657101149,-2.019131,26031,True,False,-2.0593690491582426,-1.7122906486839666,-1.4886218747775788,0.07893875371059852,0.7358827380859753,-0.26026569687547496
63845000,0.006541269979826195,0.028052849821539414,-2.338741,25776,0.008793812817628118,0.02227302032819956,-1.962815,25777,True,False,-1.9354653502961927,-1.4351754732268882,-1.3401838030997455,0.37129143383463087,0.7438491261394073,-0.2195040468961759
63855000,0.006269486418705147,0.02799355413226329,-2.366854,25918,0.008415094451094722,0.021545129474456498,-1.976486,25897,True,False,-2.006080314190054,-1.602128710858949,-1.4418696925008556,0.3003213100691707,0.7450286452684495,-0.21346879659711604
63865000,0.005898112582108757,0.028028094027222863,-2.408436,29534,0.008358960085386101,0.02127352454850405,-1.969179,29513,True,False,-2.1025708817365536,-1.8490696110551712,-1.456941770877453,0.3382540651239739,0.7056036303391826,-0.41519492997108287
63875000,0.005343273579458615,0.027778235981387765,-2.46356,29443,0.007877509895266595,0.020933966267682264,-2.023056,29408,True,False,-2.246729476088018,-2.176431695188128,-1.5862111570779729,0.05856294098443042,0.6782947467535723,-0.5549264050857685
63885000,0.005221519419920105,0.02786298442378059,-2.478709,29789,0.007756800161322847,0.02077025122672582,-2.032296,29754,True,False,-2.2783637130678995,-2.2663962879704007,-1.618621723187549,0.010595422617605571,0.6731537891044012,-0.5812311638859168
63895000,0.004871258991289688,0.02804732853329587,-2.520464,28472,0.007781049166490821,0.02108260617570514,-2.046432,28434,True,False,-2.3693685826014517,-2.5143645744331327,-1.6121108647885543,-0.06278865093579397,0.6260414099769247,-0.8222912647504349
63905000,0.005131672857715139,0.028233695218325503,-2.495752,27459,0.00820543338677939,0.021599812003498288,-2.01134,27442,True,False,-2.3017076994367645,-2.3676086818438136,-1.4981636926911208,0.11938409306080529,0.6253993684213317,-0.8255764013751782
63915000,0.005411319208252022,0.028277269270978535,-2.466556,28696,0.008480629415251578,0.022031508385926987,-1.995132,28679,True,False,-2.229049820995703,-2.1942238874104327,-1.4242735532426554,0.20352451921767717,0.6380799046023986,-0.7606938506011414
63925000,0.005126432231915916,0.027860585834993474,-2.489015,29114,0.008226086268451768,0.0215793652248541,-2.007219,29130,True,False,-2.3030693218986484,-2.3276000039393865,-1.492618393526533,0.1407773986008144,0.6231921310595205,-0.8368701817132596
63935000,0.005596983364016737,0.02770056130543933,-2.434005,29875,0.008761497273426783,0.02152736087785621,-1.923612,29891,True,False,-2.1808104513972215,-2.000914925785516,-1.348860527399315,0.5748055704725746,0.6388158541111608,-0.7569282147725329
63945000,0.0056143553214126375,0.027309996945464533,-2.423157,29137,0.008731943750857457,0.02147489398408561,-1.924785,29156,True,False,-2.176296859260827,-1.9364924620914015,-1.3567956488324413,0.5687161874591247,0.6429674172902592,-0.7356858946597876
63955000,0.005580195389227748,0.026521866742479066,-2.408369,29019,0.008497784282664095,0.021012016840002753,-1.931815,29038,True,False,-2.185172312830951,-1.8486717215762343,-1.419667470980611,0.5322214196973521,0.6566647497291295,-0.6656006983602186
63965000,0.005919777496888612,0.02637202212974487,-2.365116,25712,0.008187192374956279,0.020357809296179703,-1.938737,25731,True,False,-2.0969418909004904,-1.5918073390023515,-1.5030614047503157,0.496287311241167,0.72305342610448,-0.325909489389404
63975000,0.006926346517412935,0.02720065281923715,-2.273026,24120,0.008777659038142621,0.02076112309286899,-1.871712,24120,True,False,-1.8354145389597785,-1.0449171581772334,-1.3445210932322726,0.8442335145459703,0.7890881255828058,0.011970524560467457
63985000,0.006672914439131457,0.027290936035117973,-2.304076,25514,0.008743192600141099,0.020576418436936587,-1.864971,25514,True,False,-1.9012614098432685,-1.2293122077441758,-1.3537753325625534,0.879227999536313,0.7632125636834043,-0.12042706768420022
63995000,0.006993419368090828,0.026886274200776817,-2.256582,26776,0.008360848955803789,0.019888352971943062,-1.879681,26767,True,False,-1.8179876316466899,-0.9472620150184926,-1.456434609130469,0.8028641255995183,0.8364484761127345,0.2542994217030279
64005000,0.007540543965485723,0.027109195349347373,-2.201623,27351,0.008715585107161144,0.019820377221856485,-1.817011,27342,True,False,-1.6758333985829896,-0.620879807960532,-1.361187945009893,1.1282022615355431,0.8651793164511754,0.40130662868714057
64015000,0.00711362590544157,0.026819791150758252,-2.241051,28025,0.008676378372583355,0.019969904620662546,-1.834136,27983,True,False,-1.786755498769278,-0.8550288583413856,-1.3717149540708709,1.0393014225710553,0.8198842420150838,0.1695451380885451
64025000,0.006822082008762084,0.026493859154929578,-2.264597,27619,0.008661788736990972,0.020258922000217575,-1.856574,27577,True,False,-1.8625046046113645,-0.9948602862674176,-1.3756322715351104,0.9228192605456443,0.7876066036600212,0.0043900153449783165
64035000,0.00706024572724784,0.026991980288630764,-2.25203,25569,0.008329806831981822,0.020468357660516315,-1.923178,25527,True,False,-1.8006247679047989,-0.9202292850465534,-1.4647694200313226,0.577058590274653,0.8475881697688865,0.3112979372966866
64045000,0.007129358841101608,0.027627195318574292,-2.262684,24437,0.008644881371906245,0.020967548762497953,-1.905808,24404,True,False,-1.7826677582194246,-0.983499650846433,-1.3801718994169234,0.6672312952564431,0.824691344437679,0.19414165850033305
64055000,0.006868864525655223,0.028153093515442353,-2.305648,24381,0.008535066685852896,0.02196210039879949,-1.982696,24323,True,False,-1.850349543695809,-1.2386477638768425,-1.4096571449381592,0.2680833999979607,0.8047815885305913,0.09226932990991811
64065000,0.007089470090226162,0.0282159062363369,-2.283548,25159,0.008812382191453806,0.02218037399538474,-1.954672,25134,True,False,-1.7930316768141417,-1.1074036223171169,-1.3351979258359334,0.41356410721786135,0.8044896301821187,0.09077546544723378
64075000,0.006445515236351889,0.02800350446861204,-2.348107,27861,0.008832190113522058,0.02169688108923696,-1.923205,27836,True,False,-1.96034440377983,-1.4907968591928786,-1.3298794983428732,0.5769184254482564,0.7297754184982752,-0.2915150437157028
64085000,0.0052907112972053775,0.026985142490454646,-2.452323,31167,0.009179413910474601,0.02083239364844904,-1.814513,31142,True,False,-2.2603862390216607,-2.1096990970566036,-1.2366499015384196,1.141170103622158,0.5763670043430729,-1.0764604970042493
64095000,0.004786146876707339,0.026709046196806897,-2.503872,32946,0.008630384617721212,0.020464543999270984,-1.875932,32921,True,False,-2.391482462018485,-2.4158305112313685,-1.3840642782213308,0.8223262713091746,0.5545693603132933,-1.1879925903890858
64105000,0.004195182720498412,0.02649144918152944,-2.567398,32744,0.008376233897580054,0.01973519130408213,-1.867055,32728,True,False,-2.545027114907455,-2.793089123752777,-1.4523037519390847,0.868409351454445,0.5008435499527332,-1.4628916615971315
64115000,0.0036977099716316384,0.026305418357075314,-2.621656,32783,0.008395159106875591,0.019593164330003972,-1.853926,32739,True,False,-2.6742807756311118,-3.115308337904254,-1.447222332844114,0.9365657961122407,0.44045740224306573,-1.7718697078623116
64125000,0.0035758611874457625,0.02624153330199595,-2.634316,27656,0.008424042517745907,0.019610050195567146,-1.849928,27612,True,False,-2.705939598042244,-3.1904916334764764,-1.4394671364163043,0.9573205729986649,0.42448280382167236,-1.8536070002268445
64135000,0.003976838478676002,0.02622487189688097,-2.587131,25136,0.007306581951530612,0.01980398230229592,-2.0463,25088,True,False,-2.60175744358931,-2.9102764832730514,-1.739505322011537,-0.062103400673411815,0.5442816497586698,-1.24063176060064
64145000,0.0042579536873676785,0.026174034800635147,-2.553137,22672,0.007940449721541546,0.020085094453107598,-1.960394,22445,True,False,-2.5287179255629173,-2.7083980512286487,-1.5693118123957936,0.3838595466015228,0.5362358350832862,-1.2817998130977815
64155000,0.004261802377283733,0.025625655866167732,-2.541997,22715,0.007932680190188411,0.01966877137397796,-1.934482,22504,True,False,-2.527717956696736,-2.6422415020442434,-1.571397931727964,0.5183762496232917,0.537246211255935,-1.276630017247931
64165000,0.0048275702418232435,0.026210537578288104,-2.487613,22992,0.007373272021407264,0.019641152658361114,-2.025022,22796,True,False,-2.3807198190537804,-2.319274018126411,-1.721599036843211,0.048356865106814396,0.6547392023252456,-0.6754531545510574
64175000,0.0051256817777089545,0.026213578839379043,-2.453359,25831,0.007250655080944021,0.019819198439633316,-2.05644,25635,True,False,-2.303264305349855,-2.1158515373577744,-1.7545216879434933,-0.11474307992012046,0.7069267149640224,-0.408425097518912
64185000,0.005468691166749298,0.026391544538092875,-2.417573,24204,0.007773001207729469,0.020193256496751622,-1.994387,24012,True,False,-2.214143405165788,-1.9033310464140494,-1.6142717418857029,0.207392030168249,0.7035495068894668,-0.42570527173575656
64195000,0.005513810874351607,0.02669543452625294,-2.419936,26797,0.008138718906588887,0.020446877084735623,-1.952229,26742,True,False,-2.2024203763332255,-1.9173640738577424,-1.5160765320292304,0.426246428361817,0.6774789666083411,-0.5591005106549355
64205000,0.00557189869963076,0.02737804563332798,-2.429039,24916,0.008303086480833433,0.02132900627488838,-1.980537,24861,True,False,-2.1873279635771303,-1.9714235951526833,-1.4719438348781777,0.2792913948198194,0.6710635511857843,-0.5919262926997098
64215000,0.005244208512413937,0.02684666380137701,-2.453805,23965,0.00874697165907286,0.02133052903063997,-1.913031,23923,True,False,-2.2724686197788584,-2.1185001747847276,-1.352760655159678,0.6297346085504291,0.5995456161075294,-0.957862400424984
64225000,0.005277579187705818,0.02687447780461032,-2.450479,22775,0.008662801170105133,0.02146562437865658,-1.93398,22733,True,False,-2.263798231396537,-2.098748228412436,-1.3753604332226068,0.5209822771362944,0.6092231697431154,-0.9083452225893272
64235000,0.005786957088869926,0.02755581726197733,-2.409225,24609,0.009036071026894866,0.022231972412387935,-1.924971,24540,True,False,-2.1314513670362825,-1.8537552050683226,-1.275137468802575,0.5677506075439482,0.6404284640576294,-0.7486769669359715
64245000,0.005761491019447541,0.027833728849250592,-2.418393,24219,0.008750961350859789,0.022419809441137566,-1.977241,24192,True,False,-2.1380679760959427,-1.90820073854432,-1.3516894228307479,0.29640188621993313,0.658383780758153,-0.6568049253400452
64255000,0.005782106383794982,0.0280510461520755,-2.421267,26066,0.009268969238450017,0.022859225584699872,-1.92833,26039,True,False,-2.132711680067409,-1.9252684155960227,-1.2126042940883641,0.5503130648822417,0.6238133103095596,-0.8336917913317384
64265000,0.005540907551990915,0.02854612683653914,-2.458185,28178,0.008863537210045824,0.022992979219210685,-1.993384,28151,True,False,-2.195380101692438,-2.1445114571390973,-1.321462802265155,0.21259889390438735,0.6251350246164611,-0.8269289703909054
64275000,0.006258839774585174,0.029315790586843846,-2.399138,28747,0.00956423610724234,0.02363371197771588,-1.931219,28720,True,False,-2.008846531495551,-1.7938520532170579,-1.133325133590663,0.5353154284578098,0.654400383303564,-0.6771867912099151
64285000,0.005377011271450858,0.028704901950078004,-2.478647,25640,0.008941507683307332,0.02299653221528861,-1.982344,25640,True,False,-2.2379637292118364,-2.266028091736162,-1.3005277285500996,0.2699107340309821,0.6013539843497602,-0.9486095153245987
64295000,0.005532565288276271,0.02820796379872536,-2.451851,26988,0.009994521342819031,0.023337766637023864,-1.854594,26988,True,False,-2.1975475935325366,-2.1068960547572293,-1.0177935387639205,0.9330980144813917,0.5535598052678498,-1.1931581847740436
64305000,0.00644995185056271,0.028240198360211934,-2.353347,25857,0.009995420624467344,0.023401604207019446,-1.85816,25814,True,False,-1.959191680079339,-1.5219153796350922,-1.0175520816223833,0.9145858748173123,0.6452906878950307,-0.7237984065580634
64315000,0.007668303907901245,0.028291335926608804,-2.22287,22237,0.011363833874020006,0.023942800036045774,-1.703792,22194,True,False,-1.642638735581515,-0.7470582819749874,-0.6501330952586589,1.7159549089352681,0.6747990152718194,-0.5728130284996805
64325000,0.006416888027670126,0.02745795132724924,-2.336897,23997,0.01048055017951073,0.023195183894130417,-1.77779,23954,True,False,-1.9677823418917104,-1.424224604582718,-0.8872947858622069,1.331809841391085,0.6122663331372638,-0.8927742561400278
64335000,0.0058839961027457935,0.027246127900797168,-2.391417,28225,0.010148829394649067,0.023059960967993755,-1.816222,28182,True,False,-2.1062386336653764,-1.7479997447563045,-0.976361823593312,1.1322981892402424,0.5797709148454214,-1.059043694367097
64345000,0.005322117125142531,0.027396150976339795,-2.457579,28064,0.00930102109508852,0.023395924721587667,-1.954293,28016,True,False,-2.2522263584288416,-2.1409126358818495,-1.2039983699049759,0.4155316060772793,0.5722078329607185,-1.0977417460413716
64355000,0.0045904248943661975,0.027440660000000002,-2.539906,28400,0.008828082197569994,0.023103099418911782,-2.004354,28395,True,False,-2.4423350620037323,-2.629823787112056,-1.3309824738626355,0.15565044406844927,0.5199798542462316,-1.3649768560068
64365000,0.003986702535339125,0.027305253728439893,-2.605014,30844,0.007975104348390025,0.022739568079380004,-2.106382,30839,True,False,-2.599194558614809,-3.0164773422555227,-1.560007044356136,-0.3740064784348324,0.49989346360639675,-1.4677529722488003
64375000,0.004327744102331108,0.027464919337364137,-2.569551,28613,0.007832509577740492,0.02235323989793065,-2.107185,28608,True,False,-2.5105849391068853,-2.805875034919208,-1.598293743282755,-0.378175084197663,0.5525360753634172,-1.198396307717332
64385000,0.004861733752310536,0.028091993974121994,-2.522212,27050,0.007971399630245886,0.02221801778517286,-2.079826,27045,True,False,-2.3718434357670324,-2.524745332779124,-1.5610017612559675,-0.2361465847390129,0.6098971294656533,-0.9048967701506588
64395000,0.004976082720280889,0.02827829936465474,-2.51303,23924,0.007939824402273867,0.021232208200969736,-2.030134,23924,True,False,-2.342133219993789,-2.4702166582179745,-1.5694797106323528,0.021818991309064912,0.6267245304387086,-0.818795939520209
64405000,0.004936052536728697,0.02829910499510284,-2.517927,25525,0.007519401332027424,0.020558030362389814,-2.056785,25525,True,False,-2.352533885709343,-2.49929822207399,-1.6823633138599379,-0.11653407492407793,0.6564422244234449,-0.6667392944919929
64415000,0.004776460885167464,0.028172612200956938,-2.532753,25080,0.00826330629984051,0.020134570733652313,-1.911911,25080,True,False,-2.393999082008463,-2.5873446312488553,-1.4826248143137126,0.6355488532009532,0.5780326556767785,-1.0679378520870446
64425000,0.004204823897213009,0.027886869609973695,-2.590071,26229,0.007807627664035991,0.019960874490068243,-1.974467,26229,True,False,-2.5425221387316066,-2.9277361111547533,-1.604974537637155,0.3108025243097137,0.5385533324778723,-1.2699418648039675
64435000,0.003977158168197196,0.028145181045593683,-2.618829,24828,0.007593857821814081,0.020071217013049782,-2.015826,24828,True,False,-2.601674381670836,-3.098519777352698,-1.6623717447819875,0.09609596671950955,0.5237335569771178,-1.3457702700588807
64445000,0.004019030136783185,0.02782605767876339,-2.609504,26977,0.0073394608740779185,0.019676825925788635,-2.033355,26977,True,False,-2.5907951822900186,-3.0431418759932205,-1.7306773306141927,0.005097846648941899,0.5475920106036548,-1.223693623873755
64455000,0.0046058238539011245,0.02778758355969744,-2.544136,23929,0.008395802457269421,0.019897116720297547,-1.874259,23929,True,False,-2.4383340953261428,-2.6549442721255225,-1.4470495932498029,0.8310112992558951,0.5485864963286765,-1.2186051347415592
64465000,0.00497438810151615,0.027918226392551086,-2.506299,24272,0.008001044372116017,0.019971861074489124,-1.943526,24272,True,False,-2.342573516832908,-2.4302436122071804,-1.553042147438651,0.471426224070309,0.6217173496565156,-0.8444162016839247
64475000,0.004795996277915633,0.027573326391350583,-2.518968,22568,0.00804002995391705,0.019431006026231833,-1.900539,22568,True,False,-2.3889233848328346,-2.5054803556198593,-1.5425745179028965,0.6945842015632391,0.5965147276073337,-0.9733705598747406
64485000,0.004786633879557559,0.02725045051208521,-2.51394,24410,0.007832728103236378,0.019009040065546906,-1.906304,24410,True,False,-2.391355928652955,-2.475620828752785,-1.5982350691825011,0.6646564154826393,0.6111068604027996,-0.8987069349708572
64495000,0.0050652919119925635,0.0283616215137899,-2.505239,25816,0.009495774162271176,0.02048849565622091,-1.739955,25784,True,False,-2.3189548355994707,-2.423948644331466,-1.151707167259233,1.5282222934916039,0.533425903505382,-1.2961774013694156
64505000,0.004986705533314269,0.028478543966256792,-2.516115,27976,0.008977812446321214,0.020678272044088175,-1.835214,27944,True,False,-2.3393731944951566,-2.488537390195882,-1.2907798989152315,1.0337052120949264,0.5554477288459776,-1.1834982385646495
64515000,0.005070677557021948,0.028717961339836465,-2.511661,27884,0.008711764397529801,0.020894927725118483,-1.89113,27852,True,False,-2.3175555341563427,-2.462086647819999,-1.3622138056264845,0.7434290479175084,0.582049436329996,-1.047385174269708
64525000,0.005375231600072979,0.02910534997263273,-2.486903,27405,0.008849152376429328,0.021129765754575678,-1.885055,27373,True,False,-2.238426124470672,-2.3150575773794686,-1.3253251303945497,0.7749661338567355,0.6074289797959055,-0.9175255615502242
64535000,0.005547869119194348,0.029088925372012624,-2.468407,26612,0.008804771369450714,0.02127811354401806,-1.901231,26580,True,False,-2.1935713432278443,-2.205216326597176,-1.3372414317042705,0.6909918289755943,0.6300980328056437,-0.8015347263125365
64545000,0.005714078919647748,0.028582191842582056,-2.44,23733,0.006886971712828296,0.02006909417815438,-2.129756,23721,True,False,-2.150386615610727,-2.0365171261769435,-1.8521706799523818,-0.49534768777532456,0.8296939726068844,0.21973862629075852
64555000,0.005021235960064182,0.027936296131217685,-2.501297,22436,0.006267177399215127,0.019213416384231182,-2.184421,22424,True,False,-2.330401478810341,-2.400538490212533,-2.0185854662285267,-0.7791295483297012,0.8011957601029484,0.0739217070885024
64565000,0.005082703132648067,0.02729912640724425,-2.481839,24516,0.005445337210251388,0.018487420135488083,-2.287213,24504,True,False,-2.3144310420599905,-2.28498425915058,-2.239249574297299,-1.3127526162910201,0.9334046609784558,0.7503955250207791
64575000,0.00498419722334004,0.027200059275653922,-2.490844,24850,0.005305966462678154,0.018503555318463642,-2.312523,24838,True,False,-2.3400249050604836,-2.3384617928494644,-2.2766706229599394,-1.4441441628131333,0.9393570913797855,0.7808523497345353
64585000,0.005866371821624546,0.02764474650282093,-2.402672,25878,0.005943374719579175,0.019192164926123616,-2.238481,25854,True,False,-2.1108177846997465,-1.8148392385687335,-2.1055264925395414,-1.0597706785148227,0.9870439099690349,1.024851687316878
64595000,0.005749998240890325,0.027405261497038234,-2.410137,27855,0.006075014258520993,0.01929305434040872,-2.221875,27843,True,False,-2.141054036546069,-1.8591712529010136,-2.070181273557482,-0.9735641189910675,0.9464995465360776,0.8173981789259955
64605000,0.006310205277102312,0.027892278082241498,-2.360067,27553,0.006042711266838532,0.01933597701608511,-2.229531,27541,True,False,-1.995500716573278,-1.561823100507552,-2.0788546275054687,-1.013308634209295,1.044267216891819,1.3176464133332224
64615000,0.006062557291459088,0.027938185564545057,-2.387998,25091,0.00643091108098409,0.019195670959767135,-2.156203,25079,True,False,-2.059844761122738,-1.7276955040326525,-1.9746229692205364,-0.6326417308756929,0.9427213679545022,0.798066357293843
64625000,0.006567558335568412,0.028582521246024752,-2.349194,26099,0.006714737378771035,0.01937336424272626,-2.118826,26087,True,False,-1.9286350943237247,-1.4972521705899542,-1.8984156022790528,-0.4386068895340483,0.978081191430072,0.9789921091118233
64635000,0.005766623381926579,0.02799902409244967,-2.421609,24489,0.005886277137014315,0.018192132719836402,-2.193059,24450,True,False,-2.136734482673263,-1.9272994335332834,-2.1208571946623525,-0.8239719101968682,0.9796724224322833,0.9871339672178192
64645000,0.005641932332818362,0.02787328474950342,-2.432175,22655,0.0057297639724089135,0.017769377078174744,-2.196246,22616,True,False,-2.169131784019766,-1.990047198226498,-2.1628809826596513,-0.8405165510015296,0.9846709847013776,1.012710131000699
64655000,0.005195656530289222,0.02734005539834045,-2.469576,20849,0.005999403027390678,0.017649232099951947,-2.139217,20810,True,False,-2.285083424186345,-2.212158607207281,-2.090482890710557,-0.5444624812026536,0.8660289209723205,0.40565380357737557
64665000,0.005332968073359259,0.027496402371693315,-2.457661,20829,0.006432457960557961,0.017617902741702742,-2.057584,20790,True,False,-2.24940705871337,-2.141399605094876,-1.9742076320223294,-0.12068191552744173,0.829071578245755,0.21655401854540554
64675000,0.004826762112139358,0.026561228579205228,-2.494343,18370,0.006338256628477906,0.017189633060556465,-2.045155,18330,True,False,-2.380929787781152,-2.359241125488265,-1.9995006916724616,-0.05615937377622329,0.7615283499965314,-0.12904469066894558
64685000,0.004902147138695502,0.026916127289784233,-2.493538,20253,0.007952997734024875,0.01824330837403696,-1.827987,19859,True,False,-2.361343206067224,-2.354460513092084,-1.565942670779391,1.071222663960406,0.6163898573393167,-0.8716754031745563
64695000,0.005033675660843318,0.026942642092746726,-2.479473,21866,0.007846088254470938,0.018312654340536513,-1.852571,21472,True,False,-2.327169388474392,-2.2709334157600685,-1.594647868294266,0.9435999938814015,0.6415522611506412,-0.7429268298040795
64705000,0.0051082410458159165,0.027151231989181214,-2.475848,24402,0.007372067727424192,0.01821319580973009,-1.929733,24008,True,False,-2.3077957665163416,-2.24940581335491,-1.7219223898030638,0.5430296851994879,0.6929183554314335,-0.4801017274071037
64715000,0.005143459693190213,0.02703058228673243,-2.469119,23011,0.007320007693328028,0.018481436706901888,-1.95775,22617,True,False,-2.298645236946163,-2.2094446446419966,-1.7359005100557918,0.39758531700865235,0.7026576895374476,-0.4302684371884881
64725000,0.005201039225422046,0.02722171118834823,-2.466916,24168,0.0070987896950578345,0.018786088664563615,-2.016987,23775,True,False,-2.283684889187067,-2.196361801028598,-1.7952975472566646,0.09006887918445862,0.7326656301767892,-0.27672668592852284
64735000,0.004848597298775613,0.02721482719737451,-2.506209,23767,0.005802298662450323,0.018350877825733945,-2.216831,23401,True,False,-2.3752565568117188,-2.4297091338026404,-2.1434054168538292,-0.9473792529042436,0.8356338721674903,0.25013133440109225
64745000,0.004728019581363943,0.027561990501913124,-2.526218,22215,0.006192773536546296,0.018821041237585243,-2.175003,21849,True,False,-2.4065851299097694,-2.5485355604301763,-2.038562904924231,-0.7302379803666322,0.7634736767720971,-0.11909102928700908
64755000,0.004402410468442697,0.027995790452351153,-2.569863,22372,0.006845707579750977,0.019804157684267926,-2.121305,22006,True,False,-2.4911850801702093,-2.8077278933882845,-1.8632501005538724,-0.4514760971132001,0.6430906399602364,-0.7350554007258445
64765000,0.004305317394317394,0.0282932729036729,-2.585295,21645,0.006625431552234598,0.02019432576718831,-2.178264,21279,True,False,-2.516411859506759,-2.8993731238203977,-1.9223942185874807,-0.7471667766214182,0.649816900284075,-0.7006391173172254
64775000,0.004140856563826236,0.028753488007248106,-2.610109,20971,0.006671918709051201,0.020426675612715363,-2.182901,20605,True,False,-2.5591421687248177,-3.0467347586015308,-1.9099124160018424,-0.7712387877325626,0.6206395407978671,-0.8499310306310146
64785000,0.0044427416437519095,0.02914613589978613,-2.583537,16365,0.007307511943307471,0.02131159050644511,-2.129369,16369,True,False,-2.4807062106002116,-2.888932978985015,-1.7392556191998374,-0.4933386585969743,0.6079691252260984,-0.9147617972425147
64795000,0.004642481509721692,0.028873231033168127,-2.557846,15738,0.006532698322957693,0.02070828751111676,-2.217895,15742,True,False,-2.4288096817393696,-2.7363631490840676,-1.9472930926040055,-0.9529027853222414,0.7106529767962405,-0.38935891852821364
64805000,0.00562587351516358,0.028893687172340567,-2.454269,15069,0.007587468652557553,0.021497441451602203,-2.096415,15073,True,False,-2.1733041954201946,-2.1212557078925878,-1.6640872368621082,-0.3222648923350338,0.7414690950014315,-0.23168196184775885
64815000,0.0061070080626715465,0.02948756221408966,-2.417183,17488,0.00918643419849074,0.022268575005716898,-1.904146,17492,True,False,-2.0482955357344377,-1.901014973327702,-1.2347649540580337,0.6758592190146319,0.6647854794055871,-0.6240493279740291
64825000,0.0054924993324432575,0.02908488330119171,-2.473325,20223,0.009726409452711722,0.022001932070994216,-1.808846,20227,True,False,-2.207957553623026,-2.2344226020809193,-1.0897815869120167,1.1705891432958373,0.5646995799577355,-1.1361592545547519
64835000,0.005455582473140931,0.02875768957236149,-2.471152,23735,0.008894761365072678,0.021016688771855908,-1.870304,23735,True,False,-2.217549313610112,-2.221517917935703,-1.31307911598195,0.8515428506780581,0.613347817802457,-0.887240619178721
64845000,0.0058103884648006785,0.029257597455470737,-2.444084,23580,0.008864603095843936,0.02122062773536896,-1.888111,23580,True,False,-2.125363413230288,-2.060770568445267,-1.3211766119058832,0.7591015520245903,0.6554595171356076,-0.6717675168470004
64855000,0.004958900378454834,0.028291422187392487,-2.515387,26159,0.007089515846618495,0.019855928279236917,-2.085021,26157,True,False,-2.3465975461018664,-2.484214053768032,-1.7977875757582058,-0.2631153355956831,0.6994695386455894,-0.44658126175383517
64865000,0.004418012622100735,0.028014127346545004,-2.568811,24877,0.0066814243618090454,0.01956460152763819,-2.135206,24875,True,False,-2.4871313194766476,-2.8014804347040863,-1.907360148035894,-0.5236402175479653,0.6612381406806086,-0.6422000103781196
64875000,0.004537197403760072,0.027579806848701878,-2.547674,22340,0.005894031515802668,0.019035276613841884,-2.238022,22338,True,False,-2.4561646597608915,-2.675955212072959,-2.1187751437941453,-1.05738787646608,0.7697952397429931,-0.08674546246130702
64885000,0.004343026186361823,0.028144658380965037,-2.57888,22569,0.00693880633724795,0.02001254154664303,-2.118025,22565,True,False,-2.5066143390911937,-2.8612766908744405,-1.8382530822025507,-0.43444866635095,0.6259039343767508,-0.8229946867099723
64895000,0.003995680117715254,0.028010477371025994,-2.614404,22427,0.007445108058689738,0.02038528435088971,-2.058098,22423,True,False,-2.596861997908306,-3.0722412557960563,-1.7023110593178974,-0.12335023851884479,0.5366853088252492,-1.2794999889840304
64905000,0.005229089186068885,0.02937979815278045,-2.506568,20788,0.009232629433562732,0.0219432025602772,-1.878045,20779,True,False,-2.2763969319974175,-2.4318411087718688,-1.22236153246698,0.8113570758211767,0.5663705257204349,-1.1276095196112972
64915000,0.00568067308856163,0.029032938723017956,-2.452459,19828,0.008836435693021848,0.02143795988697714,-1.905575,19819,True,False,-2.1590661381920797,-2.110506753312358,-1.3287395601576435,0.6684408657953465,0.6428692841671071,-0.7361880128079964
64925000,0.007294992491007194,0.029712332508992807,-2.300853,22240,0.010203362781701229,0.02230643614772165,-1.759407,22231,True,False,-1.7396327263747942,-1.2101719422126391,-0.9617196080197373,1.427241323007679,0.7149596311610205,-0.3673230427183035
64935000,0.007795705834451045,0.030016669955930258,-2.257425,20876,0.010586385949779566,0.023195783160820393,-1.762663,20868,True,False,-1.6095370924717776,-0.952268296074369,-0.8588778793130252,1.410338483202226,0.7363897246362315,-0.25767159674287404
64945000,0.007298382296816723,0.029929938112585652,-2.30607,23058,0.010760760630195413,0.023182028158593375,-1.737651,22977,True,False,-1.7387519850457023,-1.2411538737292496,-0.8120582739439359,1.5401830253441098,0.6782403723707946,-0.5552046227100869
64955000,0.006102488424951595,0.028650351628924996,-2.400116,23758,0.009555251308900524,0.022039188650565783,-1.836923,23684,True,False,-2.0494698306516552,-1.7996600518797459,-1.1357375521349236,1.0248332977130095,0.6386528441452137,-0.757762288524716
64965000,0.0057524206518308075,0.02881185045770202,-2.441006,25344,0.009989178472497032,0.022199416739216462,-1.783869,25270,True,False,-2.140424644317956,-2.042491407009933,-1.0192280995580545,1.3002519902923921,0.575865239335628,-1.079027880047624
64975000,0.004743712097745655,0.028805267423851314,-2.547418,23244,0.009602740742339232,0.022145716486836428,-1.836685,23170,True,False,-2.402507891120463,-2.674434917944483,-1.122986638255113,1.0260688247012468,0.4939956440592277,-1.497930369384156
64985000,0.0043579192606627735,0.028004879703027726,-2.575308,25861,0.00911735303241818,0.02141489696758182,-1.862401,25788,True,False,-2.5027448118111315,-2.8400638368630697,-1.2533132486053875,0.8925696144933191,0.47798075221695463,-1.5798738312583023
64995000,0.0048637147014925376,0.027842154291044773,-2.51721,26800,0.00915712974364715,0.021670677040188067,-1.872876,26799,True,False,-2.371328744391345,-2.495040210784474,-1.2426332008015468,0.8381908531413187,0.5311396515776996,-1.3078754758563267
65005000,0.005525977565084227,0.028239382924961712,-2.453146,26120,0.009775898809295915,0.022341054672843527,-1.824181,26119,True,False,-2.1992592196273235,-2.114586605133692,-1.0764936936254665,1.090980713192455,0.5652654219200355,-1.1332640086972596
65015000,0.00663500323997408,0.028254643602851178,-2.333905,27778,0.009955537531050869,0.0228260847463729,-1.829009,27777,True,False,-1.9111115197933652,-1.4064561669561713,-1.0282606930458122,1.0659171657168023,0.6664635856456577,-0.6154629549870434
65025000,0.006973999103615418,0.028115232927193652,-2.293748,30121,0.010084794156706508,0.0231355302124834,-1.830012,30120,True,False,-1.8230334161271187,-1.1679778414985273,-0.9935552863313453,1.060710301980664,0.6915360884166015,-0.4871743786335575
65035000,0.007655512656437814,0.028700405536307712,-2.23665,28286,0.010449600035354428,0.023718193424076366,-1.814775,28285,True,False,-1.6459621660219792,-0.8288928643592877,-0.8956049002208898,1.1398099856771247,0.7326129833234479,-0.2769960642959856
65045000,0.007749900804289544,0.028897532079767894,-2.232167,27229,0.01045234815821367,0.023800410958904106,-1.819263,27229,True,False,-1.6214381822127093,-0.8022699011641631,-0.8948670291752273,1.1165114767560955,0.7414506948086601,-0.2317761101885465
65055000,0.0073620836514461906,0.02869267963588313,-2.267539,27244,0.010279143003964174,0.023455725003670533,-1.822251,27244,True,False,-1.7222010618088608,-1.0123317914469974,-0.9413726167439871,1.1009999026348758,0.7162157048118688,-0.360896085587833
65065000,0.0065385620303694434,0.028504229766750155,-2.350311,25552,0.009894091695366312,0.023023943918284284,-1.849646,25552,True,False,-1.9361689313086945,-1.5038856414552142,-1.0447589012229634,0.9587845167410296,0.6608552085111199,-0.6441593609588118
65075000,0.005579128479163463,0.027897609987697986,-2.439979,26012,0.009014533279563697,0.02227608787494719,-1.930882,26037,True,False,-2.185449518028192,-2.0363924145492183,-1.2809203544152092,0.5370648931428338,0.6189037530996272,-0.8588125425683532
65085000,0.00516579506789449,0.027567070040580614,-2.478322,25628,0.008775806437734669,0.02177549030037547,-1.936157,25568,True,False,-2.292842046820194,-2.2640980308308714,-1.345018516480878,0.5096808390968388,0.5886404975481611,-1.0136606646720072
65095000,0.004739140839353844,0.027142316462375193,-2.517158,24638,0.008328163764342094,0.02114657986817479,-1.965742,24578,True,False,-2.4036955981508514,-2.4947314010396267,-1.4652105837272407,0.3560965283952694,0.5690499098546755,-1.1138999039727582
65105000,0.0051764117673022605,0.028146924920550848,-2.488641,22656,0.008583708819886765,0.0215373324044586,-1.950238,22608,True,False,-2.2900836097673443,-2.325378949236066,-1.3965967309242382,0.4365822864860973,0.6030507180427105,-0.9399278311741099
65115000,0.00490003274056839,0.0280189518032242,-2.516331,24068,0.008223446003330559,0.02122799329725229,-1.986579,24020,True,False,-2.361892570225922,-2.4898201383667824,-1.493327304767259,0.24792562144618777,0.5958612409668452,-0.9767142576116672
65125000,0.006867112722787018,0.03002640091028968,-2.352323,23509,0.010594878392217101,0.022862978963987028,-1.740189,23436,True,False,-1.850804698142153,-1.5158342031211953,-0.8565976583394476,1.5270075316628333,0.648153991822269,-0.7091477277706857
65135000,0.006545068604651163,0.029633544933554818,-2.37625,24080,0.010611864726880292,0.022710505395982065,-1.727726,24092,True,False,-1.934478389371275,-1.6579282562931212,-0.8520368271241514,1.5917065772695134,0.6167689442998866,-0.869735727389894
65145000,0.006533549479166667,0.02953496999198718,-2.375276,24960,0.011009905494153453,0.023139802258529553,-1.700182,24972,True,False,-1.9374712952954647,-1.6521440122261888,-0.7451628727169191,1.734695465353475,0.5934246649652126,-0.9891814958958629
65155000,0.005895371935176359,0.028497420324118207,-2.419049,26225,0.010957764118207817,0.022756621277407053,-1.681701,26225,True,False,-2.1032829582263117,-1.9120964922485348,-0.7591628332579459,1.8306356933769907,0.5380086550120563,-1.2727288181966832
65165000,0.006091454388908513,0.028733751501236315,-2.403043,22648,0.01131533168491699,0.02312615484811021,-1.656205,22648,True,False,-2.05233670035331,-1.8170424773252334,-0.6631559340556942,1.9629928198142792,0.5383363527052631,-1.2710520860842216
65175000,0.004202075455606428,0.026665557859771972,-2.568673,22278,0.008692626043630488,0.021288655085734805,-1.91847,22278,True,False,-2.5432362404381723,-2.8006609011504544,-1.367352454052064,0.6014991829663213,0.4834069054063926,-1.5521098112835738
65185000,0.0047135445032886305,0.026784122747074403,-2.512752,23414,0.008073392841889468,0.021047448065260103,-1.998816,23414,True,False,-2.410346053165881,-2.4685657138128327,-1.5336165817787033,0.18439980734934588,0.5838368819156197,-1.0382393442110218
65195000,0.0048998990498812355,0.026379950373260946,-2.482962,23576,0.007362762936884967,0.02035277184424839,-2.069492,23576,True,False,-2.361927305818492,-2.2916533619094754,-1.7244207262590767,-0.18249979525819315,0.665497326463465,-0.6204070172533613
65205000,0.005452137851430456,0.02634185860334735,-2.418298,24258,0.007169540151702531,0.020000579231593704,-2.080199,24258,True,False,-2.2184442972386647,-1.9076365668950817,-1.7763010481554882,-0.2380829358592307,0.7604585142236426,-0.13451872369587523
65215000,0.005620066371516798,0.02557103660850478,-2.379455,26879,0.006791820529037538,0.019191671490754864,-2.095227,26879,True,False,-2.174813010880749,-1.6769616261437505,-1.8777187748068693,-0.3160976399735852,0.8274756889539323,0.20838832535011104
65225000,0.00633869942175377,0.02561348935002196,-2.295048,27324,0.007274731847460109,0.01935707429366125,-2.024207,27324,True,False,-1.9880973512356188,-1.175698085119688,-1.7480570756261626,0.052587766348042915,0.8713310063747375,0.43278300540436426
65235000,0.0061554955931168685,0.024957059368919073,-2.2974,26209,0.006821387538631768,0.01867661486512267,-2.058276,26209,True,False,-2.035697477200007,-1.1896657874250498,-1.869780032107272,-0.12427428811508887,0.9023817453936266,0.5916604473513758
65245000,0.005904956862745099,0.02470670843137255,-2.320595,25500,0.006429123899024851,0.018268967088707143,-2.101293,25432,True,False,-2.1007925967364556,-1.3274127495733672,-1.9751028276142824,-0.3475880043040139,0.9184699121509765,0.6739788352799138
65255000,0.005826669438922472,0.024723143656943485,-2.330635,24649,0.005935208087547292,0.018110924535210123,-2.1796,24581,True,False,-2.1211332810065984,-1.3870367849244827,-2.10771923341233,-0.754102339883116,0.9817127475526012,0.9975737070146448
65265000,0.00571688364601924,0.025082800069646978,-2.354108,22973,0.005930336040165903,0.018433240733464307,-2.198824,22905,True,False,-2.149657889963605,-1.526434691477942,-2.109027378236981,-0.8538996962774691,0.9640066949493318,0.9069770760334828
65275000,0.005401935153285945,0.025674940168331082,-2.407609,22931,0.0053891818939427166,0.01794180402649239,-2.267899,22799,True,False,-2.2314879916483874,-1.8441583483823247,-2.254327277910452,-1.2124880438086776,1.0023664555389311,1.1032526182184161
65285000,0.005681169559714311,0.026217839526263446,-2.388369,22122,0.005789109049567986,0.01861321036834925,-2.233375,21990,True,False,-2.1589371447666634,-1.7298987427891521,-2.1469468281908957,-1.0332639524562723,0.9813547319752546,0.9957418472617607
65295000,0.0060526301050729805,0.026514875386297723,-2.352925,21033,0.006220948018503505,0.018816650913252898,-2.169727,20969,True,False,-2.0624240484988072,-1.5194092697826853,-2.030998055924541,-0.7028487350307712,0.9729433660384428,0.9527033771465107
65305000,0.006199818830758109,0.026498162781241532,-2.335715,22134,0.00700310231082918,0.01910839723606706,-2.053674,22070,True,False,-2.0241813876588104,-1.4172051215364014,-1.8209896119400353,-0.10038397214927337,0.8852960524610756,0.5042380132069095
65315000,0.00625654899907865,0.026296774520479103,-2.323882,23878,0.007455869782480893,0.019605051818258168,-2.009265,23814,True,False,-2.009441722128181,-1.3469330886370232,-1.6994215362530154,0.13015601953387482,0.8391440813223033,0.2680920357833175
65325000,0.005996071773347325,0.025235295403987407,-2.324709,23825,0.008028314375655824,0.019739897250786988,-1.923686,23825,True,False,-2.0771190673447975,-1.3518443513098697,-1.5457201509131087,0.5744214150224513,0.7468655925494339,-0.20406968101352957
65335000,0.00577007778208608,0.024960306475378054,-2.344541,25790,0.007926425746413338,0.019865470763861963,-1.948918,25790,True,False,-2.1358369584023613,-1.4696196370751407,-1.5730772500134726,0.4434347891099293,0.7279545619533504,-0.30083182776500167
65345000,0.006393648752116616,0.025422397518957522,-2.282748,27166,0.008210167451962012,0.020156569498638,-1.922144,27166,True,False,-1.9738203840652753,-1.1026527031656341,-1.4968925960897488,0.5824263839966547,0.7787476673924237,-0.040938539692351984
65355000,0.006818014041883549,0.02563565875801961,-2.238418,24783,0.007752262488903236,0.02036609450407554,-2.008409,24782,True,False,-1.8635615461462545,-0.8393923956840643,-1.619840088327911,0.13459976365963353,0.8794869951376142,0.4745147861006674
65365000,0.0075895692527562265,0.026155597182523478,-2.164608,24490,0.008220068130791526,0.020213584765481487,-1.923991,24497,True,False,-1.663095619755554,-0.40106071747033845,-1.4942342636152262,0.5728380716131567,0.9232976092164594,0.6986807323842764
65375000,0.007637230259218069,0.02648548464368209,-2.170048,23378,0.0074662981825956804,0.02007767829805431,-2.036627,23385,True,False,-1.6507123091661797,-0.43336696770042543,-1.6966215106022675,-0.01188805379437705,1.0228938186557885,1.2082850601174568
65385000,0.00819371905350521,0.026772549708634998,-2.116036,22652,0.007866861865042587,0.019919678803124587,-1.961731,22659,True,False,-1.5061250649861584,-0.1126086611880307,-1.589070153417678,0.37691879204996004,1.0415486116408188,1.303736114847899
65395000,0.007782319578495827,0.026999691705133586,-2.170214,21447,0.007501048522420061,0.01988870224666729,-2.019168,21454,True,False,-1.613015117327485,-0.4343527834243589,-1.6872910436265622,0.07874667598553507,1.0374975652050602,1.2830081091624193
65405000,0.007024848998081867,0.02615767779455577,-2.230515,24503,0.007160943453959447,0.01939173481294113,-2.045074,24511,True,False,-1.8098215667903013,-0.7924592531163502,-1.7786092616808042,-0.05573887929703476,0.9809948986816354,0.9939006867926714
65415000,0.006192570431498132,0.025771514882785233,-2.316665,24357,0.0065837500102639895,0.019277953894157738,-2.135044,24357,True,False,-2.026064670996185,-1.3040738592417058,-1.9335857134856222,-0.5227992285895859,0.9405840777435333,0.7871304758254318
65425000,0.006453794266093,0.02640922310938276,-2.304244,24172,0.007083170623521461,0.019822788399797227,-2.083788,23672,True,False,-1.958193341427739,-1.2303099007659897,-1.7994912682935755,-0.25671447519024215,0.9111448261124111,0.6364985379143319
65435000,0.0061352878072459295,0.0264808927231808,-2.342752,22661,0.006677211996935418,0.019772401775654605,-2.147158,22189,True,False,-2.0409478759502675,-1.458995394122636,-1.9084911680932988,-0.5856865140328441,0.9188397507914665,0.6758711901478113
65445000,0.006443503466605038,0.026520870888221245,-2.308775,25962,0.007103140643389565,0.020283000196155355,-2.107208,25490,True,False,-1.9608671029727125,-1.2572179191102009,-1.7941293175378366,-0.3782944838645939,0.9071344339213657,0.6159785479672341
65455000,0.006338904572642846,0.02689426314339682,-2.330904,25412,0.007282245549318364,0.020431714995990377,-2.087001,24940,True,False,-1.988044048811568,-1.3886342814891681,-1.7460396465187624,-0.2733940895314316,0.8704601526703782,0.42832710473241864
65465000,0.006156453221668931,0.027346216915648106,-2.363289,26508,0.007121792766185947,0.02057484446916232,-2.120493,26072,True,False,-2.035448665589221,-1.5809574273901514,-1.7891212221736483,-0.4472607697415711,0.8644527331516274,0.3975889169791074
65475000,0.005477985362357113,0.026831550609273024,-2.427188,26507,0.006797901113367938,0.020276726811103585,-2.155807,26586,True,False,-2.211728581824151,-1.96043115596594,-1.876086137785922,-0.6305859800885418,0.8058348115103887,0.09765836019123353
65485000,0.005515112689277989,0.027069849271458307,-2.428289,24501,0.006830431078103321,0.02032425124459316,-2.152902,24506,True,False,-2.2020821380172517,-1.9669696084481676,-1.8673518415684383,-0.6155052830262463,0.8074325948413535,0.10583374462426882
65495000,0.005174784123910939,0.02693255988735369,-2.463409,22726,0.007179741410408692,0.02017777453697594,-2.088573,22731,True,False,-2.2905065050257485,-2.1755349591982838,-1.7735620099777467,-0.2815547972016311,0.7207479807572031,-0.33770577092399684
65505000,0.005513676687089523,0.027637808921408734,-2.441045,22687,0.00775239194429755,0.020862008372994886,-2.037521,22692,True,False,-2.2024552409461844,-2.0427230143185686,-1.6198053295518076,-0.01652906693506187,0.7112226428573745,-0.38644410588874845
65515000,0.005961114540530444,0.02734485426783713,-2.384416,21416,0.008236113818096797,0.021472997147533316,-1.998661,21385,True,False,-2.0862016760316933,-1.7064232635318848,-1.4899259962353693,0.185204457278659,0.7237775815375922,-0.3222042003553842
65525000,0.006458853687568443,0.027370191639289627,-2.329523,21003,0.008734069952760415,0.021835399532375815,-1.94535,20957,True,False,-1.9568787995792971,-1.380433007303921,-1.356224763576657,0.46195731135374196,0.7395010255816779,-0.24175199060921257
65535000,0.006426304760625196,0.027243241031842003,-2.329991,22329,0.008754502082493619,0.021927831206054908,-1.948013,22329,True,False,-1.9653356808248024,-1.3832122950075394,-1.350738736312393,0.4481329064391471,0.7340571399801116,-0.26960674208881075
65545000,0.006526368466522678,0.02745323100551956,-2.324184,20835,0.008598992944564435,0.02227869978401728,-1.990861,20835,True,False,-1.9393370702028394,-1.3487265606167083,-1.392492943125953,0.22569651823766654,0.7589689291055999,-0.14214048989515965
65555000,0.006238940625782227,0.026698830488110135,-2.336291,19975,0.008229121121121123,0.02190242842842843,-2.023909,19980,True,False,-2.0140167399821958,-1.42062578332547,-1.4918035355208086,0.054134770728271185,0.7581539430461371,-0.14631053236246278
65565000,0.005934555872656596,0.026939625744230675,-2.377198,20323,0.008156257724857311,0.02159609323951978,-2.01758,20324,True,False,-2.0931021646603836,-1.6635580954876272,-1.5113673589542775,0.08699044429359926,0.7276076937306952,-0.3026066498030419
65575000,0.0057539948984281645,0.026630370300579097,-2.390263,21758,0.008277728526127119,0.021242741762029504,-1.978852,21759,True,False,-2.1400156226458074,-1.741146543880289,-1.4787524462516037,0.288038718244938,0.6951176135176146,-0.46884877466091734
65585000,0.005752961198249134,0.026525818028451578,-2.387798,21932,0.00836561801851092,0.02106381087858478,-1.954589,21933,True,False,-2.140284199231228,-1.7265077742447816,-1.455154115693028,0.4139949842767844,0.6876911168450841,-0.5068479602275432
65595000,0.00548393122886133,0.026254118470499816,-2.412063,21288,0.008498134576541876,0.020788648034196062,-1.916735,21289,True,False,-2.2101837233095996,-1.8706090907582076,-1.419573417067039,0.6105060708847663,0.6453100006204999,-0.7236995890575297
65605000,0.005537726368920159,0.026721485826450495,-2.416835,19614,0.00883588011218766,0.021274344263131056,-1.895318,19610,True,False,-2.1962066385394596,-1.8989483234968052,-1.3288887336233401,0.7216879259564409,0.6267317232249187,-0.818759136161911
65615000,0.005722374208218289,0.02712700709219858,-2.405359,18471,0.009338155053868227,0.02171169010881923,-1.847307,18471,True,False,-2.148231328880059,-1.8307963882687774,-1.1940279011894965,0.9709269437388646,0.6127949445268484,-0.890069508104557
65625000,0.00531230673231051,0.027424312399816807,-2.457732,17468,0.00860095088161209,0.021583131440348065,-1.949477,17468,True,False,-2.2547753004353424,-2.141821249169571,-1.391967236987366,0.4405328580745339,0.6176417939634619,-0.8652696139853535
65635000,0.005150598969603297,0.027594081349819683,-2.479665,19410,0.008640187532199898,0.02215893549716641,-1.977806,19410,True,False,-2.2967903059707253,-2.2720736363564233,-1.3814321954770674,0.2934688074453387,0.5961212011207229,-0.9753841184407088
65645000,0.005120770224616509,0.027625697315558802,-2.484034,21904,0.008381870982468955,0.022107277027027028,-2.013141,21904,True,False,-2.3045404279484965,-2.2980195935724614,-1.4507901945275328,0.11003458001116811,0.6109340307583857,-0.8995912531115747
65655000,0.00522198433384797,0.027618452320406866,-2.472728,22022,0.008330077967487057,0.02189674221233312,-2.008977,22022,True,False,-2.278242918859102,-2.2308772286641254,-1.464696620142449,0.13165111101543966,0.6268830080858524,-0.8179850563019812
65665000,0.005387460155608177,0.02733337664910839,-2.448012,20693,0.007658797904191617,0.02132183450840255,-2.077491,20708,True,False,-2.2352488940155624,-2.0840975814790483,-1.6449353312940804,-0.22402492290064352,0.7034341711327374,-0.4262954106687798
65675000,0.00588001158021713,0.027643946489746683,-2.400481,20725,0.00721176899710704,0.02113331851494696,-2.135653,20740,True,False,-2.107273894640453,-1.8018276587426099,-1.764962602273802,-0.5259607241183076,0.8153355414705966,0.1462707836117814
65685000,0.005982723054660879,0.027741129953787986,-2.391584,21423,0.006127699505550891,0.01979072870603601,-2.238053,21438,True,False,-2.080587339245367,-1.7489914991291755,-2.0560352836188605,-1.0575488064519423,0.9763408028153661,0.970087055646591
65695000,0.00609887491291066,0.02801085197491827,-2.384833,18659,0.005304066808964781,0.01923109855923159,-2.346918,18740,True,False,-2.0504086954647,-1.7088996801395961,-2.2771806800220427,-1.622698577772756,1.149848810841243,1.8578761822017862
65705000,0.006003775024828812,0.02826902127437144,-2.401274,19131,0.004792010358109515,0.018749360399750156,-2.412456,19212,True,False,-2.0751176040370582,-1.8065370073515166,-2.4146678478755774,-1.9629253330460164,1.2528718796837799,2.3850147353059796
65715000,0.005824977801714045,0.02810165587973587,-2.417168,21353,0.004722708623185023,0.01869666431672814,-2.422662,21419,True,False,-2.121572803176011,-1.9009258935936124,-2.4332753651643264,-2.015907637423916,1.2333976678378362,2.2853709567751195
65725000,0.005761160693005776,0.027959093088275735,-2.420958,21818,0.004994038201425699,0.0188175027874246,-2.38131,21884,True,False,-2.138153801705344,-1.9234333730737643,-2.3604233676845627,-1.8012374188627793,1.153607653894413,1.8771090696575299
65735000,0.005458339085820896,0.02783120372097844,-2.450812,19296,0.005174011723995455,0.019469549530007232,-2.379739,19362,True,False,-2.216833088890478,-2.1007257985092407,-2.3121004730790733,-1.7930819024824447,1.0549529798138686,1.3723222997034208
65745000,0.00500117308663514,0.027185389376061703,-2.488222,21781,0.004832181212983793,0.01902129571645012,-2.418138,21781,True,False,-2.3356142263251467,-2.322890655330477,-2.4038819724946596,-1.9924222420676918,1.0349721722350302,1.2700864207367348
65755000,0.004897139895068205,0.02674406287513116,-2.491064,23825,0.005014659985743637,0.01924070724139377,-2.397225,23849,True,False,-2.362644191036627,-2.339768295616123,-2.354886418160298,-1.8838567970887545,0.9765646941149482,0.9712326411648669
65765000,0.004853598721161324,0.026685054393847753,-2.494706,23146,0.005325842123435477,0.01975953448424687,-2.368343,23170,True,False,-2.373957084320711,-2.3613968550532487,-2.271334007627435,-1.7339219631633618,0.911329815768266,0.6374450752347802
65775000,0.004824407449423331,0.027012329504632258,-2.504459,21156,0.005527033286118981,0.02013092837582625,-2.351766,21180,True,False,-2.381541577625941,-2.4193164981587714,-2.2173141762039403,-1.647865951045739,0.8728746869572365,0.4406815620854634
65785000,0.0047871641072656426,0.02643450391932157,-2.496883,21815,0.005388776683914099,0.019365917074957644,-2.339715,21839,True,False,-2.3912181645795596,-2.374325293794223,-2.2544360768116816,-1.5853057168640723,0.8883582282330766,0.5199062603668785
65795000,0.005360159640984267,0.027045578055667607,-2.444506,19832,0.006293277195809831,0.019905167103142628,-2.216558,19856,True,False,-2.2423421297009702,-2.063276678297674,-2.011577670292423,-0.9459620307706785,0.851727879482752,0.33247960673592397
65805000,0.005174150153217569,0.027008936272840768,-2.464217,17622,0.006540508909317898,0.019483256611054364,-2.152591,17622,True,False,-2.2906712236622893,-2.1803333875412827,-1.9451959500015708,-0.6138907918777529,0.7910928988792058,0.02222835619603452
65815000,0.005149776644186985,0.027435965242953483,-2.476014,17349,0.007002260187907085,0.01909035621649663,-2.051655,17349,True,False,-2.297003963041603,-2.2503916290788437,-1.8212157219623775,-0.08990275790872919,0.7354449143550332,-0.26250591133070744
65825000,0.005830973347748425,0.027415569051424275,-2.400592,21274,0.007961867906713247,0.019011514399018034,-1.88397,21182,True,False,-2.1200150368968607,-1.802486848774878,-1.563561029225498,0.7805986833619308,0.7323624827827017,-0.27827780142616787
65835000,0.006802000143526936,0.02848963668548464,-2.321182,20902,0.008859181499279193,0.020071969966362325,-1.810907,20810,True,False,-1.867722286588347,-1.3308987365007674,-1.322632310697854,1.159889894880899,0.7677910362351607,-0.0970003786574061
65845000,0.006838109507754551,0.028575416048550236,-2.319711,22245,0.008600872934910174,0.020397841473323103,-1.875082,22154,True,False,-1.8583403304441057,-1.3221629839109776,-1.3919881656784743,0.8267388676957331,0.7950483118985837,0.042467033993055237
65855000,0.006872361922791999,0.02854702860317722,-2.31557,24298,0.008421582930557276,0.021007772132027928,-1.942818,24207,True,False,-1.8494408479251112,-1.2975710386531139,-1.4401275356283225,0.47510165729581966,0.8160415897415189,0.1498834236557751
65865000,0.0062328583079298465,0.02788061277168534,-2.368015,25259,0.007913076724411952,0.020747837968849336,-2.006089,25168,True,False,-2.0155970513658765,-1.6090234822775402,-1.576661462702366,0.1466435561500055,0.7876655977189494,0.004691870484943837
65875000,0.005299002930242729,0.027216837262191124,-2.455664,22865,0.006993105833989329,0.020663347983906236,-2.145075,22866,True,False,-2.2582319020737653,-2.129540123162987,-1.8236736661823534,-0.574873057240841,0.7577467088353542,-0.14839422929615384
65885000,0.0043225476733384,0.026400944177012078,-2.550115,23682,0.0065644245661444925,0.020222294852848034,-2.189924,23683,True,False,-2.5119350783286376,-2.69045145413392,-1.9387745956392666,-0.8076972164652677,0.6584808203344437,-0.6563084025474859
65895000,0.004298154187133102,0.0263011800646939,-2.551214,25041,0.006695261171678448,0.02031835637554411,-2.17423,25041,True,False,-2.5182730081891758,-2.69697802931827,-1.9036449642941513,-0.7262251132997989,0.6419696075956943,-0.7407913915603914
65905000,0.003976126698464868,0.02602412341175999,-2.5836,24949,0.006471231672612129,0.019720181089422424,-2.178542,24949,True,False,-2.6019423787402887,-2.8893071138681936,-1.9637968895180762,-0.7486099552043173,0.6144312087129922,-0.8816972285241613
65915000,0.004268435382403164,0.02633685701446931,-2.554947,22254,0.006450044306641503,0.02012376220005392,-2.202951,22254,True,False,-2.5259945654250773,-2.719147005808879,-1.9694856977280153,-0.8753241495566773,0.661768381654065,-0.6394869242442596
65925000,0.005172910048807189,0.02737949952105095,-2.473118,21923,0.007354889953462907,0.020710842230130488,-2.09081,21918,True,False,-2.290993428315883,-2.2331933017504726,-1.7265346224739355,-0.29316771263308,0.7033293606754273,-0.4268316947596867
65935000,0.005571503098355309,0.027767605087825557,-2.437377,21463,0.007550717261627365,0.020478720290800636,-2.04664,21458,True,False,-2.1874307489320177,-2.020940050009019,-1.6739549861019236,-0.06386843922803526,0.7378773307629471,-0.25005995645651885
65945000,0.005466052109312815,0.027522851843990448,-2.44313,18845,0.007556152600849257,0.020287415392781314,-2.033958,18840,True,False,-2.2148290866132694,-2.0551050973571225,-1.6724955974062183,0.0019674988594168014,0.7233909104348251,-0.3241826819511073
65955000,0.0062174576966932725,0.027712301425313567,-2.364364,17540,0.008571547818648417,0.021024031936127747,-1.919572,17535,True,False,-2.0195984471895545,-1.587341474999958,-1.3998619600132014,0.5957783815333941,0.7253599732788584,-0.3141075701316234
65965000,0.006124828216955623,0.02770141694501882,-2.37456,18861,0.009718013576580399,0.02157736274925753,-1.781613,18856,True,False,-2.04366549282028,-1.6478919395856102,-1.0920358798303398,1.3119635402313052,0.6302551615811638,-0.8007307448712023
65975000,0.005541580137441809,0.027098438372866327,-2.424924,18044,0.008793044502327645,0.02101735995344713,-1.885109,18044,True,False,-2.195205350147001,-1.9469860547672406,-1.3403900957741257,0.7746858042039424,0.6302231423911108,-0.8008945775904733
65985000,0.005225252069917204,0.026294594350343634,-2.442513,18479,0.007873163158179555,0.020883306672438984,-2.019242,18479,True,False,-2.2773938937613663,-2.0514409509615406,-1.5873782560775125,0.07836252053541048,0.6636788753054871,-0.6297114936495387
65995000,0.005202615561738463,0.026229207761680896,-2.444081,20846,0.007758489556385935,0.020713408977675575,-2.027605,20874,True,False,-2.2832753245628896,-2.0607527524984492,-1.6181681205774818,0.034947763381543095,0.6705706728001254,-0.5944482055294439
66005000,0.00494999910339295,0.026475987966589586,-2.4789,21191,0.007677478156369292,0.02045168688439606,-2.02492,21219,True,False,-2.348910280597329,-2.2675305699178177,-1.6399196831904217,0.048886376673201656,0.6447428442745088,-0.7266015602273711
66015000,0.004637768816965278,0.025666474947761524,-2.498112,22493,0.006487755206251943,0.019157548243861285,-2.144016,22521,True,False,-2.430034136329134,-2.381623893340689,-1.959360320387317,-0.5693754812721774,0.714849538789022,-0.3678863528034628
66025000,0.00443517576142132,0.02524893024534687,-2.51358,23640,0.0066119423271928345,0.019044716199087375,-2.116536,23668,True,False,-2.4826719825747787,-2.47348291513462,-1.926016075795672,-0.42671883573967356,0.670782584291584,-0.5933639171438555
66035000,0.005012447050968173,0.025705255909192076,-2.454501,22465,0.007616241141688526,0.01977640559285111,-1.993491,22493,True,False,-2.3326850183147947,-2.122633474446518,-1.6563618229236514,0.21204342588866837,0.6581260962880845,-0.6581234205104514
66045000,0.004755233453806189,0.025380573243731646,-2.476819,17708,0.0076685208945109565,0.01940458572396657,-1.959817,17708,True,False,-2.399514405646703,-2.255172241475022,-1.6423247081882868,0.38685492085451634,0.620097867531395,-0.8527026124247948
66055000,0.0049173017442226555,0.024727374598576914,-2.441131,15881,0.007661577293621308,0.01977955985139475,-1.984808,15881,True,False,-2.3574057275909266,-2.0432337381273533,-1.644189065173593,0.25711939579983,0.6418132397250087,-0.741591479676881
66065000,0.005454846776648202,0.024840786753515552,-2.378142,16427,0.008110989407682475,0.02009702915931089,-1.932417,16427,True,False,-2.2177404627033703,-1.669164180086378,-1.5235219030703968,0.5290962631976954,0.6725254469549106,-0.5844462047040377
66075000,0.005253487424061773,0.023787599273264064,-2.374431,17613,0.007339251575540793,0.01937343331630046,-2.012799,17613,True,False,-2.270057767524647,-1.6471258538724347,-1.730733527275825,0.11181000114552608,0.7158069688699382,-0.3629874664353622
66085000,0.004618131904955321,0.023310342455320876,-2.444121,19696,0.006483812601543461,0.01833140256904955,-2.094495,19696,True,False,-2.4351362102987673,-2.060990298456022,-1.960418909834691,-0.31229761579127974,0.7122556108200878,-0.38115871453528416
66095000,0.004414644774100841,0.022946448797599425,-2.462236,23661,0.006101534677317105,0.01808442770804277,-2.148072,23661,True,False,-2.4880063557147905,-2.168568923992421,-2.0630605405514295,-0.5904313529708604,0.7235302276511845,-0.32346983698658344
66105000,0.00409941181678214,0.022691072401847572,-2.49828,25980,0.005770121555042341,0.017581780715935334,-2.178162,25980,True,False,-2.5699103671546175,-2.3826215863625,-2.1520449708714637,-0.7466372650550309,0.7104550186121787,-0.3903718119693995
66115000,0.003933089590970878,0.02251901639411789,-2.516325,24277,0.005608385673682909,0.017501520657412364,-2.202962,24277,True,False,-2.6131243051940043,-2.4897845064731468,-2.195471058427363,-0.8753812537452079,0.7012872901067984,-0.437280365498946
66125000,0.00375240857486884,0.02266355461425991,-2.543888,23254,0.005616628192999054,0.017727162595682463,-2.214552,23254,True,False,-2.6600689525292744,-2.6534714871885625,-2.1932579418171496,-0.9355483032983997,0.668089189087876,-0.6071452232782173
66135000,0.0034251517368223045,0.02283214881076788,-2.59145,23923,0.00627483066505037,0.018614610082347532,-2.149198,23923,True,False,-2.7450970156959897,-2.9359255080421227,-2.016530564190362,-0.5962767453605847,0.5458556445036449,-1.23257809532177
66145000,0.003459537022571229,0.023049172223821073,-2.591306,24323,0.006788310570242158,0.019257756280064136,-2.099433,24323,True,False,-2.7361630106309853,-2.935070342594855,-1.8786611988174513,-0.3379322051522496,0.5096315182951062,-1.4179262284298824
66155000,0.003381771807572832,0.023139254260767357,-2.603271,23822,0.007120738057257997,0.01997372869616321,-2.086493,23822,True,False,-2.756368014298828,-3.0061262771542268,-1.789404411543046,-0.2707569142792299,0.474918720556765,-1.5955413410407826
66165000,0.0032265554760200427,0.022959087708956164,-2.620344,23749,0.007085428018021811,0.020166547602004294,-2.103245,23749,True,False,-2.796696412392987,-3.1075168304958187,-1.7988851578226248,-0.3577214021234974,0.4553790494820196,-1.6955200550724534
66175000,0.0032012727158212966,0.02288912743533759,-2.622402,23816,0.007430602326167283,0.020154909640577763,-2.047064,23816,True,False,-2.803265393942892,-3.1197385700130114,-1.7062058488060918,-0.06606954613144901,0.4308227752342277,-1.8211672428532368
66185000,0.004202110038522547,0.022891943802401993,-2.488871,22065,0.007388771901200997,0.019651103240426012,-2.022966,22065,True,False,-2.5432272550846684,-2.3267448384921186,-1.7174373187917127,0.05903015707241972,0.5687156261840376,-1.1156103345825836
66195000,0.00443978455454757,0.022753710025587348,-2.453501,21495,0.007229764503372877,0.019029560269830194,-2.010024,21495,True,False,-2.481474523247724,-2.1166948255071647,-1.7601308084619127,0.12621583052517163,0.6140980874932085,-0.8834017112169985
66205000,0.0046258262275933335,0.022569966440540906,-2.423637,22259,0.006967175389729997,0.01823574006020037,-2.003061,22259,True,False,-2.4331370668883645,-1.9393430135822918,-1.8306359910128382,0.16236278186588465,0.6639457124062152,-0.628346167176811
66215000,0.0045657363316080205,0.022720497846983604,-2.435987,22991,0.007100550606759167,0.01836568887825671,-1.988432,22991,True,False,-2.448749658826914,-2.0126853279833155,-1.7948247424277204,0.23830616132349083,0.6430115894479785,-0.7354598788016962
66225000,0.004107132391138273,0.022229603628724216,-2.485742,26180,0.006669362375859435,0.018131270970206264,-2.049741,26180,True,False,-2.56790440300745,-2.30816280596088,-1.910598791517743,-0.07996662910417407,0.6158208475827519,-0.8745868576977777
66235000,0.0036683424958110587,0.022007519508497567,-2.540659,25066,0.006565637118008458,0.018252077275991384,-2.075933,25066,True,False,-2.6819110503841914,-2.6342955897633873,-1.93844902543822,-0.2159368932885742,0.5587184350699799,-1.1667630027973612
66245000,0.003349330409228475,0.021817954647133646,-2.580415,22799,0.006410709022325541,0.018235621474626082,-2.102065,22799,True,False,-2.764796957400846,-2.8703925169963496,-1.9800472223964034,-0.3515956800809823,0.5224586543491996,-1.3522935694924931
66255000,0.0034415532433983926,0.022607536548029085,-2.584105,20904,0.006749871699196327,0.0187192113471106,-2.072528,20904,True,False,-2.740835566659492,-2.8923061315825676,-1.8889820365039047,-0.19826055129300815,0.5098694311194332,-1.4167088989192238
66265000,0.0035203291876026066,0.022579340132331725,-2.572712,20101,0.006612694343564997,0.018473795383314263,-2.080846,20101,True,False,-2.720367954737931,-2.824647104216506,-1.9258141593838867,-0.2414417004028832,0.5323592781856521,-1.3016350074576801
66275000,0.004553854343918514,0.023798594847213903,-2.464074,16690,0.007250129598562013,0.01926553337327741,-2.020631,16690,True,False,-2.45183684382155,-2.1794841607429554,-1.7546627799741448,0.07115181891078912,0.6281066127178917,-0.8117242335313972
66285000,0.004264244481896271,0.0239173595194085,-2.504356,18394,0.007105242524736327,0.019143744264434055,-2.037825,18394,True,False,-2.527083447647226,-2.418704817318017,-1.7935649623519039,-0.01810721905449143,0.6001546698864463,-0.9547460524906046
66295000,0.005095340252425159,0.024187763377490352,-2.405934,19174,0.007243439240638365,0.019787811202670282,-2.054668,19174,True,False,-2.311147658204466,-1.834211111408906,-1.7564591412177388,-0.10554411427661323,0.7034421195719323,-0.4262547408577979
66305000,0.005437760815462008,0.024109509240137675,-2.360484,18885,0.006740830288588827,0.019721048186391314,-2.133172,18885,True,False,-2.222179747137199,-1.5642995171152634,-1.8914096554426951,-0.5130811339594237,0.80669006378447,0.10203443296176341
66315000,0.005712715647548322,0.024713457839574446,-2.343495,18987,0.006262162426923685,0.01982311212935166,-2.217184,18987,True,False,-2.150740821765365,-1.4634078102845758,-2.019931986394541,-0.9492117782271323,0.9122592577584608,0.6422007548258671
66325000,0.006564083287093552,0.02598987809344135,-2.278244,18022,0.006216972533570081,0.020563228997891467,-2.261083,18022,True,False,-1.9295379834520054,-1.0759050283427816,-2.0320654737130055,-1.1771042120783466,1.0558327629162203,1.3768238894621962
66335000,0.006907245892628107,0.026406045929273803,-2.250445,16373,0.0061422962804617365,0.021124512123618152,-2.298229,16373,True,False,-1.8403772744687525,-0.9108165264776774,-2.0521160492474633,-1.3699398654608188,1.1245380517705776,1.7283685188757008
66345000,0.006620033426704015,0.027004635667600373,-2.300545,16065,0.006263706680779528,0.021180861465662164,-2.282075,16061,True,False,-1.9150009854372887,-1.2083428383393182,-2.0195173542016795,-1.28607976895674,1.0568875210932038,1.3822207748931645
66355000,0.006517385407166123,0.026822445798045602,-2.306905,15350,0.007121878078978235,0.021416427668447802,-2.162599,15346,True,False,-1.941671053941602,-1.2461126455936098,-1.7890983156871196,-0.6658452208620793,0.9151217326232525,0.6568471915460706
66365000,0.006246976371481405,0.02633968146017396,-2.3243,14601,0.007271128656573268,0.021236471398232513,-2.130392,14597,True,False,-2.0119288878322457,-1.3494154438936747,-1.749024532455268,-0.49864934813044404,0.859148100183043,0.370446680010004
66375000,0.005530381784665802,0.02565770574179013,-2.390075,14647,0.008179447312709144,0.02096540934234788,-1.975649,14643,True,False,-2.19811491271836,-1.7400300778796902,-1.5051409541270089,0.30466641968746405,0.6761314760317301,-0.5659952211392633
66385000,0.005400808192457737,0.025371051170351107,-2.398404,15380,0.008564653225806452,0.021107428720083247,-1.925297,15376,True,False,-2.231780799270252,-1.789493084895572,-1.4017131583366709,0.5660582470474561,0.6305927455631684,-0.7990034275448564
66395000,0.0046471868709460976,0.02469414236188772,-2.474203,17884,0.007378918027286961,0.020174507995974054,-2.055426,17884,True,False,-2.4275871320325426,-2.239636735849673,-1.7200830841454424,-0.10947911199545145,0.629792451110173,-0.8030982974099161
66405000,0.004608570616211745,0.024826529931761786,-2.482363,19344,0.006683807227047146,0.0199066757133995,-2.152934,19344,True,False,-2.4376204299352366,-2.288096111194801,-1.9067203486692113,-0.6156714043019758,0.6895127970720627,-0.4975269616409477
66415000,0.004870049963759363,0.02529957530804542,-2.461778,20695,0.006997013723121527,0.020746361633244746,-2.148497,20695,True,False,-2.3696827128418847,-2.1658490227781964,-1.822624397867944,-0.5926376511641391,0.6960183524674756,-0.4642399600324187
66425000,0.004561059926677947,0.024827978849407784,-2.488605,21276,0.006183990128331688,0.02070725374888356,-2.273822,21273,True,False,-2.449964685092403,-2.325165157874251,-2.0409212502150886,-1.2432360536881912,0.7375593802748237,-0.2516868150053001
66435000,0.005488243499511242,0.02558562145650049,-2.394678,20460,0.006133470401329618,0.020918645891381923,-2.291316,20457,True,False,-2.209063306625868,-1.7673656789475365,-2.0544857979805684,-1.3340524786134322,0.8948023126224749,0.5528787330302648
66445000,0.005979823661790709,0.025938423779671007,-2.345504,18663,0.005983834565916399,0.020757162540192924,-2.306849,18660,True,False,-2.081340661197573,-1.475338556003739,-2.094663022944728,-1.414688784110389,0.9993297100577385,1.0877144903302998
66455000,0.0065413806588325955,0.026819746436139474,-2.30527,20764,0.006184952314435721,0.020830734165020955,-2.279336,20761,True,False,-1.935436593611982,-1.2364029545777668,-2.040662903225864,-1.2718608260122883,1.0576283092053869,1.3860111684234697
66465000,0.006618101591128254,0.026750437608486017,-2.294586,20740,0.006200019240970246,0.020072793653855427,-2.240399,20737,True,False,-1.9155029160870622,-1.1729544293097054,-2.0366174331335936,-1.0697275724788446,1.0674324278536567,1.4361759419715174
66475000,0.006799660285885646,0.02704780592762895,-2.282331,20008,0.006294131647341063,0.019383573170731708,-2.188756,20008,True,False,-1.8683302297699542,-1.1001762865579228,-2.0113482500382673,-0.8016337899011505,1.080317455507646,1.5021048150922824
66485000,0.006047700757575758,0.02654559602272727,-2.354314,21120,0.005885234753787879,0.018578278693181818,-2.214524,21120,True,False,-2.063704794450111,-1.5276580531594486,-2.1211370745806337,-0.9354029471821369,1.0276056963884597,1.2323943439730993
66495000,0.005919028543969245,0.026614553676117255,-2.370813,20810,0.006645871456030755,0.018942180778471887,-2.104112,20810,True,False,-2.0971364842862754,-1.625639822009852,-1.9169061039871498,-0.36222225043778916,0.890632414895425,0.5315426004618475
66505000,0.0047427837809483845,0.025602077318506087,-2.483591,19064,0.006552735574905581,0.01848761671212757,-2.091989,19064,True,False,-2.4027490869339663,-2.295388772092329,-1.9419130900334265,-0.2992882433857302,0.7237868408899932,-0.3221568229894971
66515000,0.004403655068078669,0.025814910010955188,-2.528348,19169,0.006642402837915384,0.018819267306588762,-2.096897,19169,True,False,-2.4908617075644717,-2.561184882670999,-1.9178374280242774,-0.32476709405070514,0.6629611566077025,-0.6333838478138692
66525000,0.004102393846780766,0.025501708078647108,-2.558021,19632,0.006833566778728607,0.019062254074979624,-2.07914,19632,True,False,-2.5691355743753377,-2.737402412648455,-1.8665099058844195,-0.23258535989056706,0.6003298101294068,-0.9538499117009566
66535000,0.003720596844727373,0.025635118682535287,-2.605637,18065,0.007040926930528647,0.01949038477719347,-2.069909,18065,True,False,-2.668334294870346,-3.0201771205447403,-1.8108337007530348,-0.18466456313254068,0.5284242943347834,-1.3217691552455475
66545000,0.003789175417928868,0.026198471446202177,-2.607209,17826,0.007158615617637159,0.020240138281162348,-2.094543,17826,True,False,-2.65051616985005,-3.0295126766774048,-1.7792342857824308,-0.31254679770487154,0.5293167869766918,-1.3172025345343086
66555000,0.005018562395911101,0.02682765542985126,-2.477871,17413,0.008032563774191696,0.02124371211164073,-2.015477,17413,True,False,-2.3310961258131218,-2.2614197001592227,-1.5445791873166101,0.09790772688293145,0.6247771616872236,-0.8287600490885919
66565000,0.005897843061114762,0.026485614134655593,-2.369099,16739,0.008196225401756378,0.021012654877830217,-1.976543,16739,True,False,-2.1026409088389326,-1.615460977727798,-1.500636036863989,0.30002540654677806,0.7195803887788282,-0.343679993522989
66575000,0.007185623663915573,0.027382000744148288,-2.247593,14782,0.008289162900825328,0.0215575036530916,-1.99406,14782,True,False,-1.7680489990306265,-0.8938794997026405,-1.475682316403992,0.20908958195460722,0.8668696405037619,0.409955516604851
66585000,0.007528145568099928,0.027765619505164544,-2.221596,16652,0.008980445472015375,0.021698217271198656,-1.899471,16652,True,False,-1.6790547574471106,-0.7394924432262502,-1.2900729314608208,0.7001284991407035,0.8382819751602452,0.26368089369645004
66595000,0.008421979945709378,0.027667311949476484,-2.120461,18051,0.009892343471275829,0.021884012963270735,-1.776146,18051,True,False,-1.4468181863990501,-0.13888718274467465,-1.045228299428127,1.3403443219316755,0.8513634782459878,0.33061507345366614
66605000,0.007890276256617522,0.02733037980303979,-2.168187,17567,0.009569319121079297,0.02168061000740024,-1.81056,17567,True,False,-1.5849657500433858,-0.4223151420242881,-1.1319603442682429,1.1616912724645887,0.8245389412541192,0.19336185651449841
66615000,0.007976480548588506,0.028463774107476386,-2.194361,18739,0.00973642281376951,0.02247808306606799,-1.837574,18708,True,False,-1.562568100458113,-0.5777533393629406,-1.0870929992568261,1.0214537680098927,0.8192413888710701,0.16625584880604666
66625000,0.007730865863943028,0.028225802848575714,-2.214068,21344,0.009651426124900294,0.0219896206540609,-1.819261,21313,True,False,-1.6263838515524836,-0.694786294010794,-1.1099146120107286,1.116521859335829,0.8010076193815235,0.07295904669810539
66635000,0.007808654369312065,0.0283600957530091,-2.209543,20438,0.009047750379771647,0.021662278874895868,-1.887923,20407,True,False,-1.606172796566912,-0.6679139075602161,-1.2720015623088505,0.7600775145195,0.8630492709845456,0.390407816431397
66645000,0.006927946234901054,0.02822069041377538,-2.300375,19455,0.008401310543657331,0.021189313478171334,-1.956349,19424,True,False,-1.8349988994258863,-1.2073332680196267,-1.4455706719384875,0.4048583141116751,0.8246268482637378,0.19381165066622263
66655000,0.007067939730722155,0.02853161165238678,-2.293765,20425,0.008525438689425152,0.0213550086815774,-1.947682,20388,True,False,-1.7986257074196947,-1.1680787985304972,-1.4122422621820558,0.4498512233849721,0.8290411776099146,0.21639846748902195
66665000,0.006413150194514207,0.02795394238439947,-2.349492,20307,0.00912734944091424,0.021151104625387912,-1.8429,20301,True,False,-1.9687535078896012,-1.4990218879738837,-1.250629212713378,0.993804958180704,0.7026300719644447,-0.43040974813599275
66675000,0.0059226522718174536,0.02818135768614892,-2.408177,19984,0.009398562969266193,0.021428304985484033,-1.819956,19978,True,False,-2.096194965196206,-1.8475315009798772,-1.1778083746311838,1.1129139128785845,0.6301657275888713,-0.801188352141351
66685000,0.006132431775319843,0.028215288240990878,-2.38622,19619,0.01053583169326467,0.02201063906592566,-1.690097,19613,True,False,-2.0416899318366073,-1.717136586218479,-0.8724516982534269,1.7870496236575255,0.5820548347635597,-1.0473575520828542
66695000,0.008119782551432853,0.029526350742540532,-2.210906,22019,0.011436957570526507,0.022525809567074,-1.596272,22013,True,False,-1.5253352902210557,-0.6760082860645557,-0.6304993812045381,2.274122395385586,0.7099600135229892,-0.3929046065116919
66705000,0.008264363864959256,0.029433319115250288,-2.193198,21475,0.011283712968568102,0.022163219464493598,-1.591653,21475,True,False,-1.487770088733955,-0.5708466906464742,-0.6716455600621865,2.298100963279131,0.7324152863494896,-0.2780076212023786
66715000,0.008806191682218075,0.029556147587310053,-2.140474,18755,0.010766298533724341,0.021845281631564916,-1.643989,18755,True,False,-1.346992068184801,-0.25773736396796865,-0.8105713467296282,2.0264096168239245,0.8179405070956903,0.1595996217635245
66725000,0.009401042374345098,0.029320798318843915,-2.071064,17369,0.010880516667626232,0.021880327825436124,-1.629384,17369,True,False,-1.1924376132592527,0.15446425891260201,-0.7799037753681937,2.1022284053247327,0.864025364008389,0.39540219555507006
66735000,0.009650657958998238,0.029307377647793745,-2.044694,17609,0.0098064060423647,0.021522160202169346,-1.764306,17609,True,False,-1.1275823459836285,0.3110664314433697,-1.0683025009031224,1.4018091939515025,0.9841177203255083,1.0098792409305766
66745000,0.007352856244497548,0.028041810778518427,-2.248645,15902,0.008753700037731103,0.02172036574015847,-1.934478,15902,True,False,-1.724598532081988,-0.9001269583868386,-1.350954085348043,0.5183970147827583,0.8399712364833736,0.2723243439420432
66755000,0.007094635107376284,0.028147185247432305,-2.279654,16065,0.010273083037659508,0.02282834721444133,-1.782424,16065,True,False,-1.7916896990357116,-1.0842785233472703,-0.94299971782459,1.307753404149541,0.6906042792965331,-0.4919421701276442
66765000,0.008249675086344657,0.029720668745811637,-2.202715,19399,0.012393353781122739,0.024878942832104747,-1.627268,19399,True,False,-1.4915865357892382,-0.6273648126023059,-0.37370697848975326,2.11321317468233,0.6656531583008923,-0.619609671860413
66775000,0.00798864404691768,0.030017534893685395,-2.23751,18671,0.01233051111349151,0.02555857827647153,-1.678161,18671,True,False,-1.5594077732043423,-0.8340001024471313,-0.390580236074044,1.8490128595045396,0.6478761483112288,-0.710569370787581
66785000,0.006987120365589176,0.029169878446762366,-2.31864,19366,0.011668680006196428,0.02491666167510069,-1.724018,19366,True,False,-1.8196242421627442,-1.3158026908969291,-0.5682819023403077,1.6109558800946417,0.5987926965071285,-0.9617148671901291
66795000,0.007206125359251711,0.02897105643517793,-2.290518,19137,0.010766634477713331,0.023883453101322047,-1.780631,19137,True,False,-1.7627222365511273,-1.1487960054244144,-0.8104811457614995,1.317061386880246,0.6693015699723264,-0.6009418291023247
66805000,0.00704071269296741,0.028991596698113204,-2.308367,18656,0.00959088652444254,0.023301169114493998,-1.907538,18656,True,False,-1.8056998523019592,-1.2547949503429459,-1.1261694960103716,0.6582503637873299,0.7341044725139885,-0.26936455552124927
66815000,0.006561015776910985,0.027756493334109563,-2.327648,17177,0.007451902776969204,0.02128175181929324,-2.106041,17177,True,False,-1.930334985742698,-1.3692980405426316,-1.700486677316565,-0.3722362485903417,0.880448386576971,0.4794339415675259
66825000,0.006356642797299295,0.027614948450051746,-2.347101,20291,0.0070074356889414545,0.020365991868716734,-2.126267,20292,True,False,-1.9834352929012042,-1.4848225783598865,-1.8198260998255018,-0.4772352774309682,0.9071282391261634,0.6159468510335624
66835000,0.006720547778157163,0.028046809326374322,-2.318432,20501,0.007139032387084187,0.02094759101551068,-2.137023,20502,True,False,-1.888885287823342,-1.3145674519175448,-1.7844923835989,-0.5330727912354671,0.9413807661547889,0.7912068946421348
66845000,0.007141229491671867,0.02829706734507752,-2.279643,20833,0.007577723864836326,0.021692730872612077,-2.109605,20834,True,False,-1.7795835188417453,-1.084213198208939,-1.6667037125707682,-0.39073800567468997,0.9423976934300856,0.7964102105454051
66855000,0.0073087688514950015,0.027905399240059713,-2.250671,22107,0.008380608603220553,0.021648888411434777,-1.987262,22108,True,False,-1.7360533443311463,-0.9121586611379718,-1.4511291433823512,0.2443799704673414,0.8721047834982225,0.43674219394224845
66865000,0.006933377122943227,0.0275872762803829,-2.282995,22669,0.008197265998764233,0.021461656280342484,-2.004063,22658,True,False,-1.8335878429167003,-1.104119549453654,-1.5003566365454346,0.15716110941961361,0.8458158029748526,0.302229260951926
66875000,0.00732573613849483,0.027471400192353935,-2.235939,20795,0.009144499687244383,0.022051170716450946,-1.897698,20783,True,False,-1.731644893893866,-0.8246704849634074,-1.2460243712120485,0.7093326560740769,0.8011084683739956,0.07347506114585017
66885000,0.00723815009509721,0.027455870245139475,-2.244894,18928,0.010150464738845422,0.022433647018397125,-1.774992,18916,True,False,-1.7544015509433866,-0.8778510862153224,-0.9759227336421024,1.3463350704376627,0.7130855858645664,-0.37691197786771574
66895000,0.007465172742126316,0.027408389430390444,-2.218017,17749,0.010465169814512038,0.022092532108022776,-1.705904,17737,True,False,-1.6954163939422644,-0.7182380186723032,-0.8914244141887162,1.7049909047371363,0.7133350795487686,-0.3756353925244853
66905000,0.008246399676188274,0.028033442118653867,-2.151569,17294,0.009729894271345164,0.02215489340424302,-1.817717,17299,True,False,-1.4924375547727873,-0.3236266739501002,-1.088845913035445,1.1245372108897658,0.8475323005794804,0.3110120711892454
66915000,0.008970965515246196,0.028667068448764682,-2.094417,17283,0.010218301502890173,0.023319459884393063,-1.821105,17300,True,False,-1.3041804344644248,0.015778990231864628,-0.957708561065459,1.1069491208219304,0.8779311818807483,0.4665541501155548
66925000,0.00890568008136786,0.02868445357083952,-2.102104,18189,0.009361698615840932,0.02281570421838954,-1.911551,18206,True,False,-1.321142934098685,-0.029871404164951664,-1.1877064543033087,0.637417717552907,0.9512889109993945,0.8419039394497891
66935000,0.00896265025199496,0.028749663639227218,-2.098362,19048,0.00927811716535433,0.02219229160104987,-1.886457,19050,True,False,-1.3063409110283197,-0.007648979833886502,-1.210148075521633,0.7676879454638467,0.9659988219875728,0.9171702005087705
66945000,0.008269081642875032,0.028215009166040573,-2.155384,19965,0.00908092617819402,0.02174774257524916,-1.888239,19967,True,False,-1.48654431291511,-0.34628261965373813,-1.2630938597327899,0.7584370669216737,0.9105989279740577,0.633705338701506
66955000,0.0077722546961623345,0.028084138758813715,-2.204909,18579,0.009555143711284676,0.022068638621061135,-1.838061,18565,True,False,-1.6156301809451812,-0.6403942083752476,-1.135766442097048,1.0189256098448884,0.8134105494387552,0.1364211690953189
66965000,0.006355612639001898,0.026895095145104422,-2.328001,18435,0.008327176971934205,0.020786262363606752,-1.942712,18421,True,False,-1.983702949232866,-1.3713943836182239,-1.4654755375095696,0.4756519340216725,0.7632373684890764,-0.12030014883467514
66975000,0.0065553341083983835,0.027434900238055695,-2.319981,18063,0.008521601220527046,0.021146190846047158,-1.934995,18025,True,False,-1.9318112001804637,-1.3237664191246032,-1.4132726226621266,0.515713117921757,0.7692608394544127,-0.0894798305796875
66985000,0.006986625611572006,0.02786708753456711,-2.284299,18804,0.008446424965385025,0.02195170598572798,-1.99433,18778,True,False,-1.8197527894410075,-1.1118635476705703,-1.4334574487531717,0.20768793369064162,0.8271695587428362,0.20682194766061165
66995000,0.007097002038795363,0.027955122094716605,-2.27435,17167,0.008241296832156818,0.022021454582579782,-2.028122,17141,True,False,-1.7910747215293163,-1.0527799293729376,-1.4885343568509475,0.03226386652054054,0.861151125039385,0.3806955653952536
67005000,0.0069363099539894515,0.027603455616653574,-2.282329,17822,0.00738173978591044,0.021099202432326405,-2.10713,17843,True,False,-1.8328258330380245,-1.1001644092600424,-1.7193254418955295,-0.3778895632550049,0.9396578794647865,0.7823913933458332
67015000,0.0067987406546990495,0.02742573416050686,-2.292853,18940,0.007495038078160435,0.020590284109487895,-2.061423,18961,True,False,-1.868569168883009,-1.1626627506978062,-1.6889048480370277,-0.1406112773250873,0.9070988811263941,0.6157966348373818
67025000,0.006383666840489021,0.02670230992525639,-2.319314,17259,0.007267156148867315,0.020133471509477578,-2.07084,17304,True,False,-1.976413890185612,-1.3198053402820542,-1.7500911508580936,-0.18949765399828894,0.8784270916600577,0.4690915736894435
67035000,0.005729832875457875,0.02608892916012559,-2.377929,15288,0.006808511312512226,0.019200606246332397,-2.090559,15337,True,False,-2.146293413593177,-1.6678992478622954,-1.8732372990919193,-0.2918646988765786,0.841569120246297,0.28050024225568754
67045000,0.005530007799015533,0.026110077286965416,-2.401904,15643,0.006471218901351007,0.019186146061687486,-2.146763,15692,True,False,-2.1982120818888626,-1.8102783561833105,-1.9638003186019568,-0.5836359545355603,0.8545542784622886,0.34694145382810593
67055000,0.005524420982079865,0.026176496895724564,-2.403719,14174,0.00637551396253093,0.019318201131141743,-2.169707,14145,True,False,-2.1996636519344044,-1.8210570040082388,-1.9894970966934946,-0.7027449092334397,0.8665059812506157,0.40809477983317294
67065000,0.005670571629831822,0.026649260808312057,-2.397252,11357,0.006026644862288136,0.01945014777542373,-2.233514,11328,True,False,-2.1616907051104706,-1.7826517613174344,-2.083168457466079,-1.0339855417477206,0.9409168383747896,0.7888331134934923
67075000,0.0059260314211807665,0.026362457090687765,-2.361481,13144,0.005972222112085398,0.019281082195958827,-2.234873,13115,True,False,-2.0953169926312065,-1.570220350107799,-2.0977809670432497,-1.0410405046763471,0.9922657446361279,1.0515702698817977
67085000,0.0062093214906352575,0.0259400043122868,-2.317809,15537,0.0048463535177661705,0.018096819242922554,-2.3714,15507,True,False,-2.0217124010087253,-1.3108676736283271,-2.400076708361708,-1.7497917362853732,1.2812357719825027,2.530144377770858
67095000,0.006698293059290562,0.026272974900755537,-2.270421,15618,0.004895503143443675,0.017792344880677446,-2.347534,15588,True,False,-1.8946675219023676,-1.0294469776902135,-2.386880032830768,-1.6258964123305442,1.3682542658074444,2.9753922571394686
67105000,0.007185804988123515,0.027094177256532067,-2.239576,16840,0.0054391188242280284,0.01855264851543943,-2.289879,16840,True,False,-1.768001887268811,-0.8462693511558376,-2.240919211075712,-1.3265925950752144,1.3211340329825194,2.734291971229445
67115000,0.007781469774651246,0.027698241385477523,-2.191727,16774,0.005780798056863563,0.01897622542766883,-2.252852,16777,True,False,-1.6132359138596757,-0.5621109380566843,-2.1491783299073064,-1.134374705186859,1.3460891901270065,2.861980124741343
67125000,0.008347163156832402,0.02888745744466124,-2.166984,14863,0.006444904002690885,0.019572692902791792,-2.1725,14865,True,False,-1.4662571282666534,-0.4151709473502434,-1.9708658694471615,-0.7172441818306845,1.295157096730577,2.6013756764250435
67135000,0.008580581001865173,0.02959300073274714,-2.164076,15012,0.007985450046623151,0.021272589782869323,-2.023642,15014,True,False,-1.4056103671778517,-0.39790135623460354,-1.5572292241623586,0.0555208451226373,1.0745269147972052,1.4724763320147876
67145000,0.007898716101179619,0.02845860555758239,-2.202076,16446,0.007433785627431907,0.021083704523346302,-2.097923,16448,True,False,-1.5827729046904,-0.6235700159300582,-1.7053511323494068,-0.3300933574537767,1.0625428949729248,1.4111576493011266
67155000,0.007315675197526623,0.02755289339287759,-2.238871,17466,0.006446898500114495,0.020041741069384018,-2.198135,17468,True,False,-1.7342589334637273,-0.8420826036535932,-1.9703303468468596,-0.8503228975594238,1.1347588607757202,1.7806653736583902
67165000,0.006540267640658999,0.026969399699513005,-2.309291,19302,0.006336478265374851,0.019792026527122947,-2.203473,19301,True,False,-1.9357257786451663,-1.2602822619629086,-1.9999781822031362,-0.8780340028670092,1.0321612995025544,1.255704016855697
67175000,0.0065342834429824555,0.027024610895135567,-2.311618,20064,0.006865347188995216,0.020369453598484848,-2.149023,20064,True,False,-1.9372805963873425,-1.2741014980447867,-1.8579768650576092,-0.5953682696339401,0.9517775668296226,0.8444042467130687
67185000,0.006106336284732335,0.02661830820760762,-2.348736,17167,0.00669681552889096,0.020421033084808946,-2.177845,17168,True,False,-2.048470077471717,-1.4945322693757321,-1.9032276193498114,-0.7449916261673385,0.9118268613475736,0.6399883103611143
67195000,0.00597242849944009,0.027407778555431132,-2.384045,17860,0.008573266950338726,0.02174047018643973,-1.96307,17861,True,False,-2.083262076607041,-1.7042200247753851,-1.3994003731180982,0.36996765491866274,0.6966339126071565,-0.4610903209755978
67205000,0.0056472604310965815,0.027201474871169723,-2.415458,18047,0.009239589581601553,0.022090538985868664,-1.885657,18045,True,False,-2.167747434407201,-1.8907708039073163,-1.2204927325717723,0.7718409773570789,0.6112025194649077,-0.8982174758608007
67215000,0.005196937392123019,0.02700521517861813,-2.461888,19119,0.00951309725490196,0.0222008074248366,-1.852679,19125,True,False,-2.2847506299151474,-2.166502274161527,-1.1470559165225358,0.9430393345758152,0.546292889988601,-1.2303408395801125
67225000,0.004771605982439605,0.02684620283744233,-2.50689,20159,0.008960631190570523,0.02178035499207607,-1.908214,20192,True,False,-2.3952604856762263,-2.433753353730339,-1.2953930664466322,0.6547410518375486,0.5325077978280007,-1.3008750764028707
67235000,0.004878221966892208,0.027002581514106984,-2.498534,23499,0.008789111219677981,0.021526418709375928,-1.918763,23539,True,False,-2.3675594582057835,-2.384130003193096,-1.3414461822485104,0.5999781350354249,0.5550301782471855,-1.1856347214026
67245000,0.004919460167182377,0.026844879693345036,-2.490325,21653,0.0077926415894528185,0.020895842668141797,-2.033078,21693,True,False,-2.356844924874457,-2.3353796340499384,-1.6089982989787823,0.006535833941971439,0.6312955768222122,-0.7954072479985549
67255000,0.004972568107588857,0.027095754851104704,-2.489419,20820,0.007922627344048985,0.021092492489475697,-2.024272,20904,True,False,-2.3430463887201283,-2.3299992181108835,-1.574097121128407,0.0522503325067191,0.6276412977222714,-0.814105112651819
67265000,0.005694581961816984,0.027512107358079706,-2.417739,19747,0.007436176850171406,0.020893451300665458,-2.087917,19836,True,False,-2.1554523266036236,-1.904316862137983,-1.7047090889934222,-0.27814931104918245,0.765794315621437,-0.10721700709894831
67275000,0.005985348522880865,0.027647813718864645,-2.388954,20716,0.007344328825143187,0.02085442455599942,-2.100207,20777,True,False,-2.079905188556068,-1.7333728524186747,-1.7293702856505067,-0.3419502635089525,0.8149619475628765,0.1443592141528566
67285000,0.005771396853317698,0.027547080914687775,-2.410168,20466,0.007299519664701009,0.020815762658998975,-2.10501,20519,True,False,-2.1354942365430634,-1.8593553510181329,-1.741401546174224,-0.36688402873794074,0.7906543332196224,0.01998434551152177
67295000,0.005810181827520674,0.02776209445785608,-2.410709,19469,0.007638254977422002,0.021198669181034482,-2.073614,19488,True,False,-2.1254171018492993,-1.8625681600943242,-1.650451107564957,-0.20389829208806953,0.7606687449810265,-0.13344303512912584
67305000,0.006091871552643608,0.02817955381177307,-2.389776,19689,0.00786239878985102,0.021467940560329486,-2.054503,19667,True,False,-2.05222831262754,-1.738254421846823,-1.590268489200737,-0.10468755144863438,0.7748108071683095,-0.061082288326795346
67315000,0.005586677649724193,0.028093273394405045,-2.442675,20304,0.008043788642754946,0.021565723666683113,-2.032748,20269,True,False,-2.1834880881154493,-2.052403012089716,-1.5415653098706534,0.00824895959792914,0.6945331233629718,-0.47183943779960685
67325000,0.005192431264998286,0.027745648905431217,-2.478379,20419,0.007744031052244298,0.021593931665440276,-2.079357,20385,True,False,-2.285921414501609,-2.2644365338204144,-1.6220502292444308,-0.2337118697916045,0.6705075470343663,-0.594771201390465
67335000,0.005846125710116224,0.028044373534163756,-2.413207,19187,0.007531632046857023,0.021838400638008577,-2.1237,19122,True,False,-2.116078141239539,-1.8774029051448289,-1.6790793666702537,-0.4639092363435616,0.776209681214556,-0.053924663835522905
67345000,0.006420194914083015,0.028251885428663567,-2.356355,21707,0.007703162068647351,0.02222177698837424,-2.118493,21676,True,False,-1.9669231447287765,-1.5397788356446713,-1.633023552202108,-0.4368781900084911,0.8334492844456509,0.23895344556747866
67355000,0.0058854485187777,0.02778308570095638,-2.40326,21435,0.007335046626798729,0.021888382171556718,-2.155806,21404,True,False,-2.105861266082036,-1.8183311641450741,-1.7318625561017484,-0.6305807887986769,0.8023737023395469,0.079948888895617
67365000,0.0064044295282327055,0.027800450305548768,-2.346592,20455,0.007543722042694869,0.021971950499412456,-2.128988,20424,True,False,-1.9710193165060554,-1.4817998060497548,-1.675833202532823,-0.49136077715782295,0.8489747490676142,0.31839265320359356
67375000,0.007537494870938499,0.02823188439333938,-2.235079,20959,0.008870795059250765,0.021921731938073393,-1.930244,20928,True,False,-1.6766256161125308,-0.819563246875561,-1.3195140696005656,0.5403769360776854,0.8496977802545607,0.3220921898027093
67385000,0.007968525860860626,0.02832332481427837,-2.191375,21403,0.009882046818054387,0.021930080646668536,-1.781304,21402,True,False,-1.5646348920785265,-0.5600205336300296,-1.047992951035233,1.3135676488000654,0.8063639049252651,0.10036557460746476
67395000,0.007560794510841325,0.02771230332089376,-2.217226,21169,0.010766335191308455,0.021471666650921116,-1.61649,21170,True,False,-1.6705718900384021,-0.7135405473612743,-0.8105615041675205,2.1691648968638915,0.7022625969276037,-0.4322900091435379
67405000,0.007805907877589538,0.027725111490585538,-2.190801,22253,0.01100238150444864,0.021777888649231598,-1.604379,22254,True,False,-1.6068863916534617,-0.5566117491388413,-0.747183064111337,2.2320366084375505,0.7094743873799816,-0.39538941176211473
67415000,0.0075678610300390645,0.02753974644156077,-2.211363,22271,0.011107396910919541,0.02180283661099138,-1.59064,22272,True,False,-1.6687358628852316,-0.6787222486298401,-0.7189864252592016,2.303359739913935,0.681335248099327,-0.5393690595502535
67425000,0.006532004321243047,0.027560012182227735,-2.326519,21753,0.010047465661487542,0.021875560908338695,-1.753185,21754,True,False,-1.9378727591313811,-1.3625933058900999,-1.0035779880848683,1.459541528557287,0.6501146200758425,-0.6991157732543274
67435000,0.005689507154213036,0.02740927099704747,-2.416291,22015,0.008882201389835127,0.021482092292319573,-1.901769,22017,True,False,-2.156770866084978,-1.8957176984737987,-1.316451469598113,0.6881989150273953,0.6405514696755424,-0.7480475835932033
67445000,0.005797823940292795,0.028053906659649793,-2.418969,20902,0.008681920233649335,0.0214956761945801,-1.932656,20886,True,False,-2.128627935340485,-1.9116214003333887,-1.3702269642577813,0.5278555449195932,0.6678043317907509,-0.6086027537627455
67455000,0.005617275057574847,0.028460899769700614,-2.447218,19974,0.008528171992387057,0.02125370474807172,-1.941005,19966,True,False,-2.1755382517025788,-2.0793822942212015,-1.411508370279141,0.4845134658238548,0.658672815532952,-0.6553260199386033
67465000,0.006189697522206638,0.029452979325749314,-2.408221,19251,0.00888783477130977,0.021822239397089396,-1.921427,19240,True,False,-2.0268111119694816,-1.847792801533211,-1.3149389065533674,0.5861485388309639,0.6964235588837892,-0.4621666387228919
67475000,0.006669894571580628,0.029388560138371475,-2.356908,18790,0.0096256232493743,0.02180174833590713,-1.810397,18779,True,False,-1.9020460335975031,-1.5430629085081318,-1.1168426846336217,1.1625374527128343,0.6929311898857246,-0.4800360573029139
67485000,0.006599731784356765,0.029229509556186094,-2.360423,18679,0.00964661645596743,0.021852486286693805,-1.810594,18668,True,False,-1.9202757700321476,-1.5639372595299623,-1.1112060082206348,1.1615147686091258,0.6841499104356064,-0.524967265388104
67495000,0.005821330737913486,0.028681310992366413,-2.43012,19650,0.008601952175019079,0.02162096962604935,-1.952044,19655,True,False,-2.122520385426875,-1.9778432746561259,-1.391698389686473,0.4272068169871273,0.6767453037950161,-0.56285444613975
67505000,0.005497943431372549,0.028250906470588234,-2.45567,20400,0.00824152164534,0.021663793499043977,-2.00867,20397,True,False,-2.206543064653418,-2.129575755056623,-1.488473994506522,0.1332448370044664,0.6671029535524242,-0.6121914986320661
67515000,0.004888425444728342,0.027949396519307716,-2.515783,20743,0.0078812448900887,0.021326045362514465,-2.043911,20744,True,False,-2.364908384623487,-2.486565758748015,-1.5852083108894695,-0.0497014091822493,0.6202605696056889,-0.8518701140630791
67525000,0.004229166165335546,0.027622690903433254,-2.581932,19282,0.007265488668775605,0.021119757143597987,-2.126407,19283,True,False,-2.536197516383303,-2.879401447437351,-1.7505388692978836,-0.47796205801228386,0.582089706300272,-1.047179124749893
67535000,0.004171250721539284,0.027551912773917695,-2.587012,18710,0.007248986802030457,0.020859166764627304,-2.114865,18715,True,False,-2.5512451408816386,-2.90956978404927,-1.7549696208669683,-0.4180441903726863,0.5754253436315966,-1.081278696175945
67545000,0.004867696300386527,0.02783246162341248,-2.515293,18110,0.007629453546784432,0.02057961622964394,-2.039448,18115,True,False,-2.3702942430367413,-2.483655820767731,-1.6528142918767603,-0.026532682507884525,0.6380137542665953,-0.7610323222919428
67555000,0.005133187686394061,0.027890617801047117,-2.486607,15089,0.007733004770107328,0.020090300318007157,-1.992521,15094,True,False,-2.3013141157629535,-2.3132997372934194,-1.6250107862307435,0.21707897705921114,0.6638024725184305,-0.6290790832900853
67565000,0.006171925480927057,0.028544574157967302,-2.388704,15231,0.009344033278634723,0.02093013646209386,-1.793437,15235,True,False,-2.0314286541346567,-1.731888190183837,-1.1924495977157248,1.250581728849343,0.6605204944035528,-0.6458719939870142
67575000,0.0067234462974925125,0.028726840859709907,-2.33485,17029,0.009388498802500147,0.020800302003621707,-1.777938,17119,True,False,-1.8881321928334645,-1.4120681902038594,-1.1805106036201132,1.331041530490837,0.7161364600378994,-0.3613015576433697
67585000,0.007325700636570695,0.029493080885358874,-2.291256,17123,0.009932684874193737,0.021636805043872394,-1.753151,17209,True,False,-1.7316541180245701,-1.1531787283416586,-1.0343966318938977,1.4597180324127499,0.7375347883635885,-0.2518126445369983
67595000,0.006706746388617357,0.029214718529379822,-2.348855,18414,0.00956010550508328,0.02169203606965174,-1.812878,18492,True,False,-1.8924711729299268,-1.495238968599514,-1.1344342003574819,1.1496578625539502,0.7015347670641562,-0.4360140991501186
67605000,0.007032978761149164,0.029511888188045135,-2.322552,20293,0.010070327917137106,0.02197196917186196,-1.756163,20371,True,False,-1.8077092869927491,-1.3390346855476831,-0.9974394719608121,1.444081867334733,0.6983862709357105,-0.4521240220270981
67615000,0.007386906535178099,0.029191815866941417,-2.277595,20382,0.009182321798631475,0.021411148338220918,-1.851634,20460,True,False,-1.715751565631682,-1.0720508451811401,-1.2358691335069736,0.9484642324863487,0.804470448452268,0.09067731821251107
67625000,0.007423651675055474,0.029325274016344643,-2.276986,18477,0.008995835183280091,0.02167493789593373,-1.896129,18469,True,False,-1.7062044218860746,-1.0684342079770741,-1.2859407936616865,0.717477789874678,0.8252320683746273,0.19690838285589818
67635000,0.007313949927833906,0.02886032879982236,-2.275999,18014,0.008938279240253248,0.02134372509163612,-1.883841,18006,True,False,-1.7347071940448893,-1.0625727614739326,-1.3013945655782067,0.7812683597547135,0.8182727045375549,0.16129937775814573
67645000,0.007177275665175418,0.028512659995290793,-2.280935,16988,0.008918780728953373,0.021445546598022582,-1.893046,17093,True,False,-1.7702179809484089,-1.0918859326385835,-1.3066299162734325,0.7334825365332187,0.804737315928797,0.092042800109222
67655000,0.008042488871715612,0.028902587686759403,-2.200532,19410,0.009494998933577086,0.022967330337192768,-1.901809,19692,True,False,-1.5454177793162138,-0.6144007419676956,-1.151915316179945,0.6879912634327335,0.8470236729858941,0.3084095743235994
67665000,0.006572486989425669,0.02787251259589467,-2.329836,19292,0.008944227546745682,0.022531963318688057,-1.955076,19574,True,False,-1.927354528594363,-1.3822918044219374,-1.2997974451595427,0.41146682611177904,0.7348300292088431,-0.2656520966456036
67675000,0.006661551424908787,0.027432365447194556,-2.308518,20282,0.008724610970628283,0.021843198356350905,-1.947155,20564,True,False,-1.9042137548480569,-1.2556916863327872,-1.3587645004786173,0.45258703314463805,0.7635356404239845,-0.11877397961873637
67685000,0.006850433165057067,0.027645452644863913,-2.29305,18224,0.008594327677509997,0.02206229644439641,-1.978815,18506,True,False,-1.855138390592159,-1.163832664538859,-1.3937455674284567,0.2882307959700003,0.7970877329920261,0.05290214815190949
67695000,0.006822781694265482,0.027537451946115756,-2.293242,18781,0.008410242365103644,0.021835397647555252,-1.993074,18959,True,False,-1.862322811914427,-1.1649728851352135,-1.4431724776917871,0.21420819376301473,0.8112467391635511,0.1253495923069543
67705000,0.005679776531231049,0.02623068671922377,-2.387733,16490,0.006539400764053119,0.01979566836456249,-2.169685,16491,True,False,-2.159299082242362,-1.7261217620637224,-1.9454934870285339,-0.702630700856376,0.8685469412507338,0.41853776812204035
67715000,0.006051093316662878,0.026353831779949988,-2.348168,17596,0.006276648178666818,0.01944766846621583,-2.194549,17597,True,False,-2.0628233377628247,-1.491159116778177,-2.016042561746016,-0.8317069320980118,0.9640644408315636,0.9072725446226969
67725000,0.006654455075388151,0.026724739196233395,-2.289174,17841,0.007435439636812017,0.02071656069947315,-2.077705,17842,True,False,-1.9060575325331788,-1.1408144612499225,-1.7049070307959655,-0.22513585893208146,0.8949645751197682,0.5537089822065636
67735000,0.006839925252016129,0.026416071723790326,-2.259246,19840,0.007698072274582934,0.020188783075449825,-2.005464,19841,True,False,-1.8578685627075182,-0.9630825757929332,-1.634390162015744,0.14988811231659196,0.8885244263813699,0.5207566471045691
67745000,0.008126281091905564,0.027286225442664416,-2.140657,18976,0.008359490615773934,0.02069921936946436,-1.93229,18968,True,False,-1.5236468356325943,-0.2588241367238694,-1.4567993234571313,0.5297555570107458,0.972102424108436,0.9484005261713957
67755000,0.00857582298693086,0.02763638200885329,-2.102613,18976,0.009124803880219317,0.02094065979544496,-1.828965,18968,True,False,-1.406846597402399,-0.03289417647508082,-1.2513126958136491,1.066145582470931,0.9398364172540153,0.7833049183742165
67765000,0.009557861795477556,0.02841418663516706,-2.023026,17778,0.010282428362408554,0.022173238041643218,-1.738225,17770,True,False,-1.151692699492402,0.43974507666129187,-0.940490497932385,1.537203224960717,0.9295335166564412,0.7305880252084488
67775000,0.009721940158820193,0.02867746176971072,-2.015001,17630,0.010128567270044828,0.02170807575327697,-1.728888,17623,True,False,-1.1090617631126856,0.48740273439961085,-0.9818022044768634,1.585674298444595,0.9598534422111968,0.8857261109471803
67785000,0.00972705590062112,0.028452157332350774,-2.006474,18998,0.010319012090813094,0.021923074234424498,-1.715838,18940,True,False,-1.1077325880843187,0.538041593905483,-0.9306677660842421,1.6534206312029345,0.9426344125791861,0.7976214323732038
67795000,0.009448471968971944,0.02843365174029114,-2.035795,19853,0.01081594586678786,0.02215107887693784,-1.658988,19803,True,False,-1.1801144282282658,0.3639144683546818,-0.7972410367550473,1.9485454601157002,0.8735687183850495,0.44423271549970844
67805000,0.008744180715907443,0.028429896768272064,-2.111314,20701,0.010394255677691153,0.021691630720061982,-1.688546,20651,True,False,-1.3631037937394546,-0.08456636089640258,-0.910464861420651,1.7951013142405272,0.8412512629138793,0.2788738603570825
67815000,0.008314475707138733,0.028578195401192996,-2.162056,20788,0.010263129472466005,0.021413320040505352,-1.688182,20738,True,False,-1.474750000574235,-0.3859052853771088,-0.9456722502889591,1.7969909437519478,0.8101306457689018,0.11963887271963763
67825000,0.007546262637042787,0.028242424371786166,-2.234387,20614,0.009953195107717746,0.021078256139668336,-1.711078,20563,True,False,-1.674347569992558,-0.8154537018095285,-1.0288896337601556,1.6781311709676614,0.7581748931246597,-0.14620333701093746
67835000,0.0067106454545454546,0.02817462610993658,-2.322564,18920,0.009596732610993657,0.021071633985200847,-1.765162,18920,True,False,-1.8914581153388175,-1.3391059493349549,-1.124599821648107,1.397365449825745,0.6992635646488672,-0.44763516973608686
67845000,0.006525378639042686,0.027725385485503365,-2.330665,16797,0.008557803238673571,0.020344854081085908,-1.877338,16797,True,False,-1.9395942477579222,-1.3872149443926645,-1.4035523800263106,0.81502731775682,0.7625062714171605,-0.12404095618004249
67855000,0.007179127023368061,0.028197679204190945,-2.272122,16989,0.009588446583083172,0.02158164942021308,-1.800985,16989,True,False,-1.769736959979411,-1.039548619536056,-1.1268246203168182,1.211397872936703,0.7487268100376284,-0.19454638196253088
67865000,0.007281827788649707,0.02795762474055625,-2.2542,16863,0.009204308308130226,0.021244995552392815,-1.836675,16863,True,False,-1.7430531870450898,-0.9331161532449518,-1.2299657552428798,1.0261207375999115,0.7911325375984658,0.022431175791222294
67875000,0.0071436572783529,0.02815765323000405,-2.27492,17291,0.008563058990226129,0.021134427563472325,-1.92774,17291,True,False,-1.7789527298855774,-1.056164959268368,-1.4021412106236089,0.5533759259035005,0.8342412783219953,0.24300584383841045
67885000,0.0071830376119402985,0.028596398328358207,-2.282525,16750,0.008401121313432836,0.02133887928358209,-1.964821,16750,True,False,-1.7687209085681586,-1.1013283844521577,-1.4456214802577552,0.36087770636235306,0.8550093902887818,0.3492701263517801
67895000,0.006719254234407749,0.02902962833512717,-2.342906,17653,0.00823405761060443,0.021746569081742478,-2.013939,17653,True,False,-1.8892213771172757,-1.4599099460592977,-1.4904780879904338,0.10589193069766926,0.816031967732919,0.1498341906854483
67905000,0.005488699482739234,0.02761569627797144,-2.442455,17786,0.006690856741257169,0.020424002586303832,-2.179114,17786,True,False,-2.2089448327967367,-2.0510965093230573,-1.904827553955151,-0.751579373007978,0.820328351808044,0.1718175164627347
67915000,0.004832952748676963,0.02709626120531375,-2.504698,18518,0.0071636591964575015,0.020635424775893727,-2.115963,18518,True,False,-2.3793213329732907,-2.420735835255275,-1.7778800847628036,-0.42374422664614564,0.6746486140863464,-0.5735825868538059
67925000,0.004310321129178871,0.025450626401373598,-2.532158,19802,0.006895308908191092,0.019844332037167962,-2.115056,19802,True,False,-2.515111786186944,-2.5838111351299387,-1.8499321428216458,-0.41903572673719564,0.6251092136073185,-0.827061037685798
67935000,0.003829279408787204,0.023989476412229194,-2.562447,24695,0.006064667787001418,0.018179152217047984,-2.160531,24695,True,False,-2.6400963274770235,-2.7636868728540365,-2.072959301378687,-0.655109633418076,0.6314079424094113,-0.7948323065439821
67945000,0.0036161616401609504,0.023507082391262694,-2.580222,26095,0.00609706039471163,0.0175981342019544,-2.118936,26095,True,False,-2.6954687108346045,-2.869246357751055,-2.0642618855253585,-0.43917793141936906,0.59309919962372,-0.9908468057252778
67955000,0.003616331181619256,0.02345693209336251,-2.579353,27420,0.00645663931860372,0.01734422735048957,-2.035399,27473,True,False,-2.6954246604736944,-2.864085671822755,-1.967714936877076,-0.005513149838265467,0.5600949663084642,-1.1597196998409482
67965000,0.0039210688261929645,0.023136202647161267,-2.532769,28710,0.006100092441941315,0.0171833903838131,-2.091504,28764,True,False,-2.6162475473329607,-2.587439649631885,-2.0634477807802445,-0.29677046780045935,0.6427884271447385,-0.7366017342614394
67975000,0.004243942791530174,0.023591889466752218,-2.501164,29611,0.006167117377380752,0.01754684210348896,-2.10313,29665,True,False,-2.5323582447183695,-2.399748649903599,-2.045451584201249,-0.35712440378884724,0.688156643020248,-0.5044660005638962
67985000,0.005124926231131888,0.024894042589437823,-2.421621,25241,0.006629090254991105,0.018540050681952955,-2.083039,25295,True,False,-2.3034606119036423,-1.927370697320555,-1.921411856820199,-0.25282619908020243,0.773096463315352,-0.0698540784542312
67995000,0.005821358155204461,0.024768406056381663,-2.332747,25824,0.006351950459850066,0.01845368730195533,-2.126371,25878,True,False,-2.12251326185029,-1.399579211484398,-1.9958238976602436,-0.47777517157708765,0.9164678144139478,0.6637346936898045
68005000,0.00624429155914426,0.024270994464330307,-2.264646,24026,0.005923088650268448,0.01836053777000874,-2.196149,24027,True,False,-2.012626457344792,-0.9951512800654445,-2.11097330257729,-0.8400129958844763,1.0542289551687285,1.368617679872747
68015000,0.005723666512468986,0.023799538079818328,-2.31571,23779,0.005302205475419488,0.017562062281845325,-2.262988,23779,True,False,-2.147895561633407,-1.2984024495046236,-2.277680448118208,-1.186993619274103,1.0794878733016575,1.4978600884630056
68025000,0.00576038977734582,0.02362592984626259,-2.305393,22636,0.005182222875066266,0.01702183292101078,-2.254423,22636,True,False,-2.138354101463241,-1.2371334083973067,-2.309895778843393,-1.1425302215671935,1.111567355595867,1.6620013052884073
68035000,0.005492627312810015,0.023205344579166995,-2.327422,25402,0.004928648625226502,0.016775317222090916,-2.289358,25386,True,False,-2.207924301689243,-1.3679559058823372,-2.377980470273065,-1.3238879330547475,1.1144286660438476,1.6766417840324037
68045000,0.005322401864170157,0.023493106963948428,-2.358259,24354,0.005473002177664558,0.01737350797107404,-2.220549,24338,True,False,-2.2521523773680596,-1.5510860232251997,-2.231821529963429,-0.9666804686280378,0.9724830525175006,0.9503480890918066
68055000,0.006252820061967467,0.0247851148721921,-2.280146,25820,0.005831712718958301,0.018475412765462718,-2.21898,25804,True,False,-2.010410576750523,-1.087200338625432,-2.1355077420611157,-0.9585353348274378,1.0722098915538465,1.4606208098124767
68065000,0.0067932118583366495,0.025831965181058496,-2.24757,25130,0.006213017121924027,0.019071122401847575,-2.186137,25114,True,False,-1.870005663989251,-0.8937429107770346,-2.0331275018233876,-0.788037801740683,1.0933837337040768,1.5689610935967677
68075000,0.006706173199709044,0.026468784813707263,-2.276917,24746,0.006485954670440761,0.019577305418520017,-2.168282,24730,True,False,-1.8926200992075055,-1.0680244412002595,-1.9598437642905913,-0.6953473211736222,1.0339531403560238,1.2648723361991492
68085000,0.006597058106563968,0.027050763722544332,-2.305771,23629,0.007449265224935461,0.020154057260146428,-2.043984,23629,True,False,-1.9209704465608655,-1.2393782176963823,-1.7011948600932492,-0.050080373342506625,0.8855984996320391,0.5057855458700633
68095000,0.006293620987988103,0.02715692908732764,-2.343018,25891,0.00741872384226179,0.020040106330385075,-2.042387,25891,True,False,-1.9998096562757923,-1.4605750747405035,-1.7093952219852253,-0.04178988342564398,0.8483428042078636,0.3151591783833112
68105000,0.005661375801066809,0.026841777313020454,-2.406542,26059,0.007490419049080931,0.01948967159138877,-1.996488,26059,True,False,-2.1640799707214478,-1.8378218099640342,-1.6901450574422865,0.19648513015864905,0.7558156311376806,-0.15827498236359855
68115000,0.005516013176718621,0.02644578623597621,-2.413686,26562,0.007562885073501696,0.019651365661515267,-1.994864,26530,True,False,-2.201848172843476,-1.8802475179867815,-1.6706879283570555,0.2049157849019094,0.7293530343394004,-0.2936762584500817
68125000,0.005363351323828921,0.026099285859761418,-2.423138,27496,0.0071075186115052945,0.01947208132299967,-2.05929,27483,True,False,-2.241512864796551,-1.936379627761554,-1.792953833006435,-0.12953825603975788,0.7546025015181806,-0.16448220759514784
68135000,0.005403392981159955,0.0261540875877355,-2.419745,27070,0.007163670879994086,0.019857779428613664,-2.073123,27057,True,False,-2.2311092179570644,-1.9162297919103255,-1.7778769477329843,-0.20134936876359744,0.7542771117877509,-0.16614713054513153
68145000,0.004953861033519553,0.025397517088399605,-2.454555,24344,0.006281937939254449,0.01924232999054704,-2.18384,24331,True,False,-2.3479068716518956,-2.1229541614892433,-2.0146222609166795,-0.7761134089172421,0.7885880251321753,0.009411658561677779
68155000,0.004497699630108294,0.02520149431792861,-2.504821,22439,0.005452429456880407,0.01903570351377865,-2.313266,22426,True,False,-2.466426994424562,-2.421466289074817,-2.237345305927837,-1.4480012911839717,0.8248982707025504,0.19520043895687605
68165000,0.00479516153775067,0.025296142593105995,-2.470888,21642,0.004732967730021698,0.018682642906606345,-2.420317,21661,True,False,-2.389140267510972,-2.2199501146157132,-2.4305207947623226,-2.0037340626868807,1.0131405518221623,1.158380480255106
68175000,0.005229436985778892,0.025547189124393833,-2.424147,18353,0.004496415999128113,0.01876167069914446,-2.463811,18351,True,False,-2.2763065664732367,-1.9423717245413636,-2.4940349394959527,-2.229524024142148,1.1630233916952786,1.9252866133525528
68185000,0.004990125713032032,0.024951251206669592,-2.438352,18232,0.0034660066254175105,0.0180369087225538,-2.617455,18263,True,False,-2.3384845613994534,-2.026730232724889,-2.7706998780678296,-3.0271345643967282,1.4397334605299341,3.3411301419296837
68195000,0.0058805798771570635,0.02541819274641708,-2.342582,17095,0.0038512077937298563,0.018259762320539115,-2.556356,17065,True,False,-2.107126239396961,-1.457985823802947,-2.6672733562523536,-2.7099519448410367,1.526944322955314,3.787362314494342
68205000,0.007108236272195422,0.026411973570768757,-2.228091,19486,0.004493079204358552,0.018783057257401314,-2.465595,19456,True,False,-1.7881558364332193,-0.778063968087356,-2.4949308689619505,-2.238785285264053,1.5820411679589386,4.06927656420678
68215000,0.00757458694573951,0.027408694772344012,-2.206292,20162,0.005359528736774129,0.01934292071928866,-2.343171,20131,True,False,-1.6669883315320435,-0.6486073598583751,-2.262289151235581,-1.603246814642832,1.4132934662271466,3.2058445161233213
68225000,0.007683235819683228,0.026914596047109784,-2.178748,22161,0.005691927661304898,0.019336273179107175,-2.287557,22132,True,False,-1.6387591175244045,-0.48503321347280703,-2.173040032989019,-1.3145384200051102,1.349847762809026,2.881211628787927
68235000,0.008039239460218268,0.027163661911877916,-2.146783,22083,0.00614156991053994,0.01952680459561328,-2.222239,22021,True,False,-1.5462620433129572,-0.29520430012635307,-2.0523110795867843,-0.9754537485024892,1.3089876981489077,2.672142770650929
68245000,0.0076708787561292485,0.02697581002472654,-2.182334,23861,0.006420382912719041,0.01984348826192672,-2.193326,23854,True,False,-1.6419697370081552,-0.5063292085693301,-1.9774497826217334,-0.8253579845912343,1.1947696672316732,2.0877229098123276
68255000,0.007468699210209272,0.02674487550756325,-2.197698,22411,0.007343858730583824,0.02042001111408677,-2.076191,22404,True,False,-1.6945001449413182,-0.5975706108735661,-1.7294965060496095,-0.21727624607414187,1.016999302982987,1.178124567929442
68265000,0.007139293410404625,0.025839234497109828,-2.206511,21625,0.007775245200980619,0.02044818067440677,-2.009278,21619,True,False,-1.780086552609564,-0.6499079239760935,-1.613669229650445,0.13008853276560958,0.9182081369606468,0.672639409104599
68275000,0.007666084411821519,0.02645073560942631,-2.165202,20708,0.008521823060573858,0.021286776253502077,-1.944126,20702,True,False,-1.6432154063517632,-0.4045882749403147,-1.4132130586048792,0.46831145015038567,0.8995826781816901,0.5773384488250384
68285000,0.007761718907410293,0.02644988788492496,-2.153913,19257,0.008567882032102228,0.021196025349332504,-1.93125,19251,True,False,-1.6183675957441115,-0.33754686706394826,-1.4008462237781618,0.5351544984719476,0.9059087039630804,0.6097068505312497
68295000,0.007614288354520856,0.02633215025271864,-2.167024,19587,0.008522050798999337,0.020972038648082912,-1.924364,19587,True,False,-1.6566730882698453,-0.41540849330781915,-1.4131519108328352,0.5709017204929377,0.8934807517710325,0.5461166972756003
68305000,0.006589331840110268,0.025845890321945456,-2.271396,20314,0.008011644123731652,0.020269963107083046,-1.960371,20302,True,False,-1.9229778896321532,-1.0352371604060862,-1.5501961139063123,0.38397894626845264,0.8224693631350538,0.18277243778064506
68315000,0.006048234001127223,0.025856327150689144,-2.335365,19517,0.007865417482696743,0.020121311304793645,-1.974281,19505,True,False,-2.063566246798524,-1.415126594407627,-1.589457970107998,0.31176810422489015,0.7689654127619836,-0.09099144153192439
68325000,0.004807332943339461,0.02499462371162739,-2.46164,17949,0.007178142944751073,0.019160487037966214,-2.026436,17937,True,False,-2.38597788578838,-2.165029489224567,-1.773991198040528,0.04101638123552753,0.6697181959652619,-0.5988100771989008
68335000,0.004935536255525153,0.025122622026941696,-2.449336,19004,0.007362664227042965,0.019397566975568662,-2.010755,18992,True,False,-2.3526680261937667,-2.091960352674755,-1.724447229853736,0.12242099763273113,0.6703465081834095,-0.5955951895306039
68345000,0.004862254164711403,0.024857884561238854,-2.451426,17048,0.007034623150974408,0.018733135243014794,-2.023214,17036,True,False,-2.371708221912502,-2.1043721289580044,-1.8125262656962902,0.057742717185517815,0.6911890033566195,-0.4889503101640253
68355000,0.005349884750101038,0.024743858884548026,-2.387929,14846,0.007102122087542088,0.018798218989898988,-2.015087,14850,True,False,-2.2450117578629527,-1.7272857372558377,-1.7944027998043648,0.09993232993088356,0.7532797499335206,-0.17125033597928363
68365000,0.005990184783249778,0.025838208964907107,-2.341151,16955,0.007499371521226415,0.01987738313679245,-2.017763,16960,True,False,-2.078648628556915,-1.4494876171707303,-1.6877413184824228,0.08604043824802347,0.7987582381130212,0.061449628462172924
68375000,0.006288966089161209,0.026648293418550604,-2.329018,18932,0.008088172831026101,0.020345175103032864,-1.95266,18926,True,False,-2.0010190948129685,-1.3774339895895473,-1.529648154383818,0.42400898242933815,0.7775509030960411,-0.04706202840890445
68385000,0.007032606463878327,0.027201764628221378,-2.260391,18936,0.008876714157422081,0.020966820707871106,-1.869079,18930,True,False,-1.8078060174875206,-0.9698823288284921,-1.3179247916167376,0.8579021807645691,0.7922533427527525,0.028166004058136334
68395000,0.007004351185748326,0.027666792692613188,-2.276553,17626,0.009660673836549375,0.021776336208853577,-1.803279,17620,True,False,-1.8151473203857937,-1.065862772986333,-1.107431601237923,1.1994890539828615,0.7250375392292676,-0.3157573697375018
68405000,0.007950888280269314,0.02881965782266347,-2.207433,17526,0.009875256793788536,0.0220931804064855,-1.792451,17516,True,False,-1.569217498588991,-0.6553833582981785,-1.0498160726938106,1.2557003406577505,0.8051323065614218,0.0940638502770222
68415000,0.007787320379857554,0.028642148131950516,-2.219273,16006,0.01109831228508909,0.021850818755861208,-1.594616,15995,True,False,-1.6117158061912922,-0.7256969617401302,-0.7214256474862659,2.2827191714045743,0.7016670805271941,-0.4353370903185471
68425000,0.007282266709719083,0.028255456829189538,-2.262224,15485,0.012069796753750646,0.022214786601138126,-1.479812,15464,True,False,-1.742939146315995,-0.980767872334328,-0.46058204716274126,2.8787000132427654,0.6033462582918925,-0.9384156391855761
68435000,0.005838129362405442,0.027546879155807003,-2.401752,15731,0.0113660772119669,0.021681330362826226,-1.541639,15710,True,False,-2.118155756981089,-1.809375681544529,-0.6495307589726077,2.5577381346642327,0.5136450556801341,-1.3973901454560114
68445000,0.005854611131254532,0.027586211203770847,-2.401077,16548,0.01108917982694984,0.021585078659163794,-1.575795,16527,True,False,-2.113873454153851,-1.8053670935104638,-0.7238777126892516,2.3804244379827124,0.5279570917432661,-1.3241596926355315
68455000,0.004295261216776395,0.026687259144111193,-2.557189,16404,0.01066916524681288,0.02124678605522325,-1.613299,16551,True,False,-2.5190246614401754,-2.732461456730913,-0.8366516363138254,2.1857303028280186,0.4025864364655413,-1.9656442316549874
68465000,0.004650267740654603,0.027442623688240967,-2.531704,17629,0.008230423773627362,0.020861744824482446,-1.962312,17776,True,False,-2.426786658662003,-2.581114988511472,-1.4914537732954112,0.3739026526374998,0.5650095145228602,-1.1345734111116046
68475000,0.005158167738970588,0.02780302415236928,-2.483172,19584,0.006197975546780073,0.020523660034426894,-2.262604,19752,True,False,-2.294823783884593,-2.2929004781867404,-2.037166165066755,-1.1850001639653522,0.8322342836041554,0.23273664584677498
68485000,0.005765589415853795,0.02826194466868483,-2.426545,17838,0.0056422484589326374,0.020600243905148,-2.353267,18007,True,False,-2.137003128343354,-1.9566126046979342,-2.1863788998736693,-1.6556580771354157,1.0218602491221187,1.202996590703446
68495000,0.0059278118065018495,0.028334407338913764,-2.411195,20548,0.005941208124034003,0.021103756617078827,-2.329275,20704,True,False,-2.0948544118752292,-1.8654543434788502,-2.1061082234891124,-1.531108650657401,0.9977451862899802,1.079606951157962
68505000,0.006281887077943305,0.02864616700135432,-2.380616,21413,0.006718594318022523,0.02153809934115228,-2.230875,21401,True,False,-2.002858367650128,-1.683856397562339,-1.897380014008688,-1.020285727789924,0.9350002069766652,0.7585594616842543
68515000,0.0061086642778099805,0.028274821415397586,-2.390069,18977,0.0073527884282794395,0.02194834500288245,-2.155726,19081,True,False,-2.0478652169479794,-1.7399944459860543,-1.727098882030016,-0.6301654856093533,0.8307956005255838,0.2253753303187656
68525000,0.006431782175737458,0.028234945888394813,-2.353583,15967,0.008695408689157226,0.022312065044192708,-1.977739,16066,True,False,-1.9639125356250389,-1.5233169007847804,-1.366605313669451,0.29381662386639706,0.7396756616808126,-0.24085842937431737
68535000,0.005883734980967618,0.027936176587411043,-2.406418,18127,0.008447405925925926,0.022059394842249655,-2.000179,18225,True,False,-2.1063064784785865,-1.8370854174955542,-1.433194060827252,0.17732407926125152,0.6965138212323682,-0.4617047929987808
68545000,0.0058038450025367835,0.027676616628614918,-2.408587,15768,0.008485060268278858,0.021934147112538573,-1.986931,15879,True,False,-2.1270635394248227,-1.8499663470450125,-1.423083869111387,0.24609828741316636,0.6840075166271102,-0.5256958523640596
68555000,0.005992943685390009,0.0273041371358346,-2.378084,13833,0.007891984509466437,0.021762722174411935,-2.064682,13944,True,False,-2.0779318089883745,-1.6688197384478947,-1.582324722860056,-0.1575296910001387,0.7593709387292222,-0.140083525627728
68565000,0.006418541319857312,0.027282381985731272,-2.329879,13456,0.007911414839045425,0.02135210274329046,-2.038846,13451,True,False,-1.9673527825481554,-1.3825471663263311,-1.5771076789583263,-0.023407526008226695,0.8113013222590361,0.12562887785242657
68575000,0.007276602062108751,0.027565088560206213,-2.243284,16294,0.007595101665850074,0.021489733341499263,-2.09524,16328,True,False,-1.7444109383729722,-0.8682898614229629,-1.6620377726320918,-0.3161651267418504,0.9580651296383043,0.8765758447712284
68585000,0.007916090909090909,0.026860781597294124,-2.149036,14487,0.00748123083809655,0.02116960794711108,-2.094692,14521,True,False,-1.578258571931429,-0.3085840761867182,-1.6926120922853654,-0.313320299894988,1.0581268083294433,1.3885618409080998
68595000,0.008623586160542823,0.027377583984124952,-2.087632,15622,0.007152835015329586,0.021093978794072557,-2.141398,15656,True,False,-1.394436741684294,0.05607272328538113,-1.7807863776239228,-0.5557846844015771,1.205617932199079,2.143230271055367
68605000,0.00842242041248017,0.027237529349550503,-2.105509,17019,0.007006623819855744,0.021080565061865945,-2.163588,17053,True,False,-1.446703744064909,-0.05009250380345167,-1.8200440866921366,-0.6709794065400851,1.2020654496409906,2.125053269179595
68615000,0.00856361660899654,0.027470307426137874,-2.098196,18785,0.007422115787236303,0.021965604123492216,-2.146296,18819,True,False,-1.410018065660271,-0.006663164109955702,-1.708484484688035,-0.5812116221678864,1.1537972263546816,1.8780790558318603
68625000,0.008133443384297046,0.02692097516955972,-2.127182,17398,0.007427062306012185,0.021418446258190595,-2.117128,17398,True,False,-1.5217859246321803,-0.1788008422660721,-1.707156344292392,-0.42979207934066566,1.0951090820542932,1.5777891904798445
68635000,0.00785745464298486,0.0271487570032185,-2.16579,16778,0.007659367028251282,0.021602222791751103,-2.091713,16778,True,False,-1.5934934809041073,-0.4080802005166551,-1.644782521472058,-0.2978554473825656,1.0258621389995988,1.2234730768283297
68645000,0.006632639233833177,0.02615610959465792,-2.274958,17072,0.007519979866557416,0.021027120508018263,-2.081728,17086,True,False,-1.9117257372522733,-1.0563906279280633,-1.6822079773264342,-0.24602041806517005,0.8820022595179559,0.48738464953052063
68655000,0.006482631533502188,0.025828174130785173,-2.282866,17372,0.007515279190152996,0.020543209996548947,-2.055143,17386,True,False,-1.9507008257343765,-1.1033534637404756,-1.6834701090401547,-0.10800997696322062,0.8625935736354479,0.3880761479618431
68665000,0.007318063071194855,0.02589416574523299,-2.186569,17726,0.008219109301014656,0.02018231437429538,-1.92094,17740,True,False,-1.7336385147299018,-0.5314793868274946,-1.4944917094305366,0.588676696995968,0.8903717912951266,0.530209066631904
68675000,0.008131935174003733,0.026746018443297836,-2.12147,18218,0.009069593297498903,0.02123946988810882,-1.857168,18232,True,False,-1.5221777887131696,-0.14487927952448185,-1.266136738438431,0.91973563436492,0.8966151962124095,0.5621547218285123
68685000,0.008423960221340572,0.02725643365003132,-2.106397,19156,0.009125542775169537,0.021326918101199792,-1.854538,19170,True,False,-1.4463036700257277,-0.05536602406159679,-1.2511143025039322,0.9333887267139183,0.9231188137391718,0.6977658888423605
68695000,0.010487407531610775,0.028539623144584938,-1.928326,18190,0.010899244690216794,0.022350294596676572,-1.660778,18174,True,False,-0.9101775823749804,1.0021351312181266,-0.7748753009076674,1.9392530512545938,0.9622141560895788,0.8978051851984559
68705000,0.011625424733907755,0.029222777327251225,-1.835793,17757,0.01181117344005411,0.02320135888619582,-1.591395,17741,True,False,-0.6144972869247249,1.5516561335233796,-0.5300224123444375,2.2994403160646986,0.9842734756974744,1.0106761950723904
68715000,0.01061713859660046,0.02863914139841853,-1.918029,16061,0.011506950576503583,0.02320347285758803,-1.633719,16045,True,False,-0.8764707811528174,1.0632853993466558,-0.6117062576235919,2.0797241637532844,0.9226717822426335,0.6954785609756532
68725000,0.009350660811511539,0.028220806390977442,-2.037865,15428,0.010752869325551232,0.022346600129701685,-1.681171,15420,True,False,-1.2055277803971525,0.3516214650502174,-0.8141770894073203,1.8333870770062561,0.8695968051329582,0.42390961089521556
68735000,0.0086607912142768,0.027732523961063273,-2.095977,16026,0.010602118991134972,0.021915650643026596,-1.67287,16018,True,False,-1.38477010285133,0.006514697886472196,-0.8546535573773004,1.8764799741883993,0.8168924741854506,0.15423714753211015
68745000,0.007319980775539663,0.027460651991339152,-2.235119,15241,0.009237922617876582,0.021784758213653357,-1.866143,15249,True,False,-1.7331402556648239,-0.8198007928331368,-1.220940312367082,0.8731438078127279,0.7923838592644787,0.02883381842166237
68755000,0.006132333797909408,0.027874774722838135,-2.37725,15785,0.00878666903058317,0.021617307794592543,-1.923259,15793,True,False,-2.041715388384721,-1.6638669052324746,-1.342101910071971,0.5766380957954633,0.6979133704211464,-0.45454371400298493
68765000,0.005743500778722895,0.027882008865460647,-2.420167,16694,0.008978434079750928,0.021298624595856783,-1.874549,16702,True,False,-2.1427422109686214,-1.9187359017627352,-1.2906129903262433,0.8295058251945981,0.6396996099438117,-0.7524062977285647
68775000,0.00531977775197399,0.027811127786809105,-2.465126,17224,0.009551128135160241,0.021265902519739897,-1.785289,17224,True,False,-2.2528341757344554,-2.185731619427156,-1.136844624371144,1.2928803586819064,0.556978995223661,-1.1756632016955493
68785000,0.004995300764373546,0.026854501827849785,-2.481236,18054,0.008805770023263543,0.020578131826741994,-1.854083,18054,True,False,-2.3371399765315437,-2.28140325384015,-1.336973293134465,0.9357507636031941,0.5672758601663113,-1.1229771911897466
68795000,0.004457302511812982,0.026423724645610543,-2.534421,20105,0.007740893011688634,0.019570110271076847,-1.959229,20105,True,False,-2.4769229973397966,-2.5972502976796976,-1.6228927931998054,0.3899073992960405,0.5758124424510869,-1.0792980260803344
68805000,0.004216896500048342,0.025436038141738376,-2.543229,20686,0.006806202359083438,0.0185585104901866,-2.05249,20686,True,False,-2.5393854279982366,-2.6495579175375297,-1.8738572531362427,-0.09423748494729148,0.6195667242277253,-0.855420315515307
68815000,0.004640734581686995,0.025494402808795738,-2.494133,23284,0.0057088086239477755,0.0181721629874592,-2.223368,23284,True,False,-2.429263569603619,-2.3579940092110006,-2.1685074941634,-0.9813147147618108,0.8129077163700432,0.1338483210985375
68825000,0.004857543860404998,0.0247656,-2.450998,23210,0.004595797716501508,0.01737044954760879,-2.383863,23210,True,False,-2.3729320559337874,-2.101830387211959,-2.4673509462853085,-1.8144907818920535,1.0569533648018654,1.3825576776636297
68835000,0.005194593395072515,0.025141431984972915,-2.419066,22892,0.004676820679713437,0.017582727634107984,-2.379273,22892,True,False,-2.2853596486004797,-1.912197449280505,-2.4455962789541905,-1.7906627614046382,1.1107104058115829,1.6576165468605557
68845000,0.005403131729295369,0.024814902828742626,-2.384897,21529,0.005135197454596127,0.01763987556319383,-2.297568,21529,True,False,-2.2311770965694016,-1.7092797536717153,-2.3225221052313576,-1.3665084228590363,1.0521760413437335,1.3581135273997755
68855000,0.005488595509703222,0.02528541376175976,-2.387087,22003,0.005288872840516458,0.018175177850518275,-2.29819,21996,True,False,-2.2089718471317963,-1.7222853948489014,-2.2812602608708468,-1.3697374051560232,1.0377628041379157,1.2843652582831275
68865000,0.005976002179311743,0.025654933150879328,-2.338362,19731,0.00561282276290339,0.018365963962129694,-2.250339,19646,True,False,-2.0823335610115277,-1.4329247252788722,-2.1942796998780887,-1.1213289937522455,1.0647053063582732,1.4222220683841076
68875000,0.005710390998442451,0.02585238927976798,-2.374912,18619,0.005644994874285098,0.018721787093989424,-2.263398,18534,True,False,-2.1513448134563995,-1.649982344012265,-2.185641487293614,-1.1891220481193845,1.0115847977923338,1.1504201473172153
68885000,0.005966638546144827,0.026882412372285187,-2.371655,17911,0.006499680686839308,0.019606237709044128,-2.166263,17879,True,False,-2.0847664256604044,-1.6306401644167883,-1.9561583285981097,-0.6848661069330779,0.9179894880414977,0.6715206472954915
68895000,0.005639641817774793,0.02669310991717036,-2.404161,17868,0.005918336230096434,0.019257537396277193,-2.244533,17836,True,False,-2.169726906978759,-1.8236818868394336,-2.1122493274937004,-1.091188364787119,0.9529100068859894,0.8501986073305225
68905000,0.005483142935278031,0.02617440103312063,-2.40919,16455,0.005551898356664638,0.018431112842361534,-2.263613,16430,True,False,-2.210388538209709,-1.853547352355445,-2.2106379042380446,-1.1902381754406897,0.9876158717307799,1.0277782463769465
68915000,0.004586215917994254,0.025445977539827632,-2.497851,15316,0.005687566825076492,0.01822105741813684,-2.227774,15361,True,False,-2.443428640707716,-2.380073905967517,-2.1742109176083133,-1.0041875379137852,0.8063581596568887,0.1003361777695221
68925000,0.004966233360117852,0.02589311128967457,-2.462575,14934,0.006059295413579011,0.01825354529674878,-2.163475,14979,True,False,-2.3446922865150377,-2.1705821259828637,-2.074401783755903,-0.6703927907851672,0.8196057497029138,0.1681201753482842
68935000,0.004642375461440365,0.025100046177595814,-2.48325,14899,0.005626827815459002,0.017221558122355783,-2.179969,14891,True,False,-2.4288372352658816,-2.2933636928040086,-2.190519342971551,-0.7560179258438671,0.8250430995393216,0.1959414852518573
68945000,0.005028673213380639,0.02469588190572732,-2.42658,15784,0.0061242507606490875,0.01733200938133874,-2.09418,15776,True,False,-2.3284691273014975,-1.9568204574108117,-2.0569612716977264,-0.31066235948331944,0.8211083134759929,0.17580834948429547
68955000,0.00495918568949406,0.024406094913896673,-2.42756,14982,0.006296248764525177,0.01730425397355416,-2.05983,14974,True,False,-2.346523416420695,-1.96264033337138,-2.0107798040296845,-0.1323415525676891,0.7876413202469852,0.004567649845935308
68965000,0.005057806048652203,0.02410564852071006,-2.407394,15210,0.00577596204771893,0.01721517809386471,-2.151681,15256,True,False,-2.320899816993171,-1.8428815388603643,-2.150476798464628,-0.609166718099201,0.8756646956587353,0.45495721089480023
68975000,0.004790419659855312,0.022654290646021067,-2.402259,15758,0.00511824139458365,0.01670197766388256,-2.245848,15804,True,False,-2.3903723050006147,-1.8123865765567804,-2.3270748077022985,-1.098014910961618,0.9359503178034443,0.7634208975951031
68985000,0.004440399545253584,0.0219350452851639,-2.429597,15833,0.004523869324264752,0.01690695113042383,-2.371836,15879,True,False,-2.4813147360026053,-1.974737361260842,-2.4866637211177944,-1.752055138667185,0.9815490295965315,0.9967360106865372
68995000,0.00424083435651929,0.022022326724866235,-2.460278,17755,0.0047138734902533565,0.017219588450087073,-2.352685,17801,True,False,-2.5331658801219037,-2.1569410493691676,-2.4356475985428054,-1.6526367464330893,0.899649590785127,0.5776808208137241
69005000,0.004473438815590694,0.02267281312317454,-2.44651,19858,0.004964300657861698,0.01752476904534726,-2.322555,19913,True,False,-2.472730453449565,-2.075177730772139,-2.3684078987586403,-1.4962231827542558,0.9011216531590099,0.5852129283170817
69015000,0.004441292556078147,0.022244044229377712,-2.439689,22112,0.004904958636589666,0.016868620044301792,-2.298583,22121,True,False,-2.481082713407591,-2.0346702063568047,-2.38434123272166,-1.3717775820735725,0.905469930561148,0.607461776890619
69025000,0.005078340428265525,0.023116004453961454,-2.378982,23350,0.00521059976882572,0.017405419324457383,-2.271126,23359,True,False,-2.315564562465647,-1.6741526451954363,-2.302276582270532,-1.229240336208002,0.9746172520577221,0.9612681565127017
69035000,0.005651271386059768,0.02322762831635861,-2.307089,23859,0.00531181276185688,0.01713705769230769,-2.236811,23868,True,False,-2.1667053057415195,-1.2472053569984507,-2.2751008915071576,-1.0511012244377005,1.0639063610525725,1.4181341017064681
69045000,0.0060778937044178045,0.02359492815826976,-2.26356,23858,0.005391280806133993,0.017673371978045,-2.252856,23867,True,False,-2.0558600453331812,-0.9887019073173064,-2.2537637199428295,-1.1343954703463257,1.127356174344065,1.74278801804757
69055000,0.005706482899847999,0.023127958115183245,-2.296576,23684,0.005895265875696673,0.018317303749366663,-2.198539,23684,True,False,-2.152360217920167,-1.1847723406990212,-2.1184437181365734,-0.8524201786655038,0.9679771905408142,0.9272929268882036
69065000,0.0064321219217467395,0.024261958123255135,-2.240744,23999,0.007441450235387243,0.020257463775361414,-2.051422,24003,True,False,-1.9638242626180935,-0.8532056931170022,-1.703293184951758,-0.08869318736982704,0.8643640309733283,0.3971350541845787
69075000,0.005834615617288864,0.024035436798535384,-2.309038,25126,0.008383835336251491,0.02083777357739753,-1.938173,25130,True,False,-2.119068700293466,-1.258779783781253,-1.450262765495495,0.49921519872589526,0.6959363326305007,-0.4646596312640615
69085000,0.0049123197978769816,0.02392275868838156,-2.423373,27508,0.009949143428322187,0.02151955390375109,-1.743924,27512,True,False,-2.3587001398058143,-1.9377752102623047,-1.0299775097633102,1.5076180640113084,0.49374298735035826,-1.4992231389884962
69095000,0.00498630658575763,0.023486586792789577,-2.402136,28015,0.01078227238659481,0.02112609154502302,-1.588085,28019,True,False,-2.3394768492827804,-1.8116561227372405,-0.8062823668970303,2.3166234855229435,0.4624541476022175,-1.6593188719000551
69105000,0.005903565497373326,0.023854980918488394,-2.295056,29505,0.012460132129180927,0.02150321484970687,-1.364155,29509,True,False,-2.1011541021015545,-1.1757455943112043,-0.35577699062782325,3.479109025337113,0.47379638001971974,-1.6012840254068685
69115000,0.005433182372881355,0.022983921830508475,-2.328768,29500,0.012598190203389831,0.020728923050847458,-1.272282,29500,True,False,-2.223369320767735,-1.3759493273547097,-0.3187083947911885,3.9560483992456885,0.4312668950989034,-1.8188948129450595
69125000,0.005341572447877459,0.022717723693254345,-2.332682,30553,0.011802973914181914,0.020006235197852912,-1.329999,30553,True,False,-2.247171465090909,-1.3991931993033413,-0.5322239852140443,3.6564227220186334,0.45256157360978916,-1.7099362452653855
69135000,0.006704013367502424,0.023148967620168995,-2.16645,28876,0.011207007376367917,0.01978476610333841,-1.406158,28876,True,False,-1.8931812680753286,-0.4119997088166308,-0.6922410131856008,3.2610592770728584,0.598198354151091,-0.9647559411275499
69145000,0.006630186486486486,0.023716588276588277,-2.197109,28490,0.010522026155952673,0.019876367131271284,-1.526378,28483,True,False,-1.912363011503199,-0.5940727466482881,-0.876158485312847,2.6369624093174906,0.6301245015187081,-0.8013992937413262
69155000,0.005936566814943402,0.02349867458681422,-2.279113,27651,0.008105512624801041,0.018618503472724642,-1.83108,27644,True,False,-2.0925796804586545,-1.0810657142710816,-1.5249924193895632,1.0551660044031996,0.732411025649241,-0.2780294219445764
69165000,0.005716376429688858,0.023999668590300713,-2.323342,28765,0.0072324872909350114,0.018497047880663444,-1.974964,28759,True,False,-2.1497896752073795,-1.343726218209772,-1.759399739944058,0.3082224532460438,0.7903749014330931,0.018554575759006136
69175000,0.0069506951344243135,0.02510440466101695,-2.205348,27376,0.00876693631713555,0.019352211983924002,-1.773847,27370,True,False,-1.8290882670394613,-0.6430012752596246,-1.3474001440488057,1.35227909733485,0.7928305719340889,0.031119514945336352
69185000,0.00694210249955044,0.02528413576694839,-2.212445,27805,0.008853634842979963,0.019513393791143568,-1.771635,27799,True,False,-1.8313208104606633,-0.6851478667822227,-1.3241215880311723,1.3637622305196346,0.784096320061678,-0.013571066942759193
69195000,0.006521704895691372,0.025163674633958837,-2.259449,28617,0.008960951603335775,0.019705765902508807,-1.768439,28659,True,False,-1.9405487619052764,-0.9642881215276219,-1.2953070356124046,1.3803535929330943,0.7277915543326473,-0.3016658895172653
69205000,0.006216690615354304,0.025510908353582454,-2.306861,30454,0.010164922022560335,0.02073145786332634,-1.653299,30496,True,False,-2.0197977507119287,-1.2458513450402786,-0.9720409526597547,1.978078708166442,0.6115827156919447,-0.8962721242879187
69215000,0.006373068064076347,0.025655495023858214,-2.292382,29340,0.010369481467615125,0.021260048738980974,-1.661607,29381,True,False,-1.9791676704753873,-1.1598656470473698,-0.9171167373485344,1.9349494719552327,0.614598529731698,-0.880841096390888
69225000,0.004733338368862949,0.024661523143668655,-2.464764,32039,0.008887091365336658,0.020716758291770575,-1.852361,32080,True,False,-2.4052031994293084,-2.18358182851111,-1.315138511072826,0.944690164753375,0.5326082712871538,-1.3003609834479783
69235000,0.004055508627773212,0.024717692434106566,-2.549713,31642,0.008584414530993562,0.02087516175356647,-1.909945,31684,True,False,-2.5813173194143606,-2.6880641172603013,-1.3964072474771805,0.6457549290785692,0.4724269329179082,-1.6082910809325102
69245000,0.00385702555353902,0.024765628348457348,-2.574742,27550,0.008961948640702697,0.021168106747486478,-1.870253,27551,True,False,-2.6328873079110067,-2.8367025615633947,-1.2950393310583594,0.8518076064612518,0.430378002393528,-1.8234430138464774
69255000,0.004703303720577069,0.025268289004591965,-2.48212,27657,0.008514568045411815,0.02129290501843951,-1.946474,27658,True,False,-2.413006819322741,-2.2866530195025394,-1.4151610303288906,0.45612230154375105,0.5523831268353661,-1.1991789000695317
69265000,0.00493788379302972,0.025471542406100778,-2.458625,28062,0.007679715817980971,0.02081973805366497,-2.047035,28063,True,False,-2.3520580876255894,-2.1471244626724144,-1.6393188710004951,-0.06591899872531908,0.6429774108917365,-0.7356347603586815
69275000,0.005879508238695023,0.026543148461697294,-2.374002,24215,0.00764758614139412,0.021027532086223984,-2.063406,24216,True,False,-2.1074046731292735,-1.6445781734774516,-1.6479456898416562,-0.15090560513043527,0.7688057551743007,-0.0918083621566817
69285000,0.005830801950907492,0.026191533741104982,-2.370661,25014,0.007104295259828649,0.020588785090879972,-2.123876,24978,True,False,-2.1200595693243707,-1.6247371473710708,-1.7938193029995924,-0.4648229033600734,0.8207431895289958,0.1739401183076655
69295000,0.0060921741903827275,0.026108991343053414,-2.33833,28532,0.006838878346608653,0.020515577318502405,-2.162233,28499,True,False,-2.0521496811130633,-1.4327346885128127,-1.86508374979661,-0.6639452087709254,0.8908148210303799,0.532475918670456
69305000,0.005463837684928138,0.025446290613908705,-2.395035,28457,0.006037915458767239,0.02009151305235013,-2.268642,28424,True,False,-2.2154044396527417,-1.769485776618887,-2.0801423020737513,-1.216345172179516,0.9049211970986571,0.6046540701633093
69315000,0.006342252082811885,0.02597864172059928,-2.305336,27967,0.006502125322257232,0.020452551919220855,-2.212234,27928,True,False,-1.9871742967605388,-1.2367949054077636,-1.9555019439368415,-0.9235148933877622,0.9754121565608572,0.9653354475995077
69325000,0.007839717858113618,0.025856491132101114,-2.12529,29432,0.006613608069948627,0.0202979645153608,-2.186696,29393,True,False,-1.5981018627286359,-0.16756491847281543,-1.9255688238306123,-0.7909397327760784,1.1853919638413826,2.039739976939753
69335000,0.008414450346026659,0.02623640244775509,-2.071891,29333,0.0069698790658029326,0.020623630787589498,-2.147391,29330,True,False,-1.4487745313948155,0.1495529962397554,-1.8299100539302366,-0.5868960845717462,1.2072591599632456,2.151627947795511
69345000,0.008386166508154567,0.02636238624114974,-2.079777,28389,0.006671311502554166,0.020342410709881978,-2.179709,28385,True,False,-1.4561232547019916,0.1027208107040086,-1.910075450959102,-0.7546681904785673,1.2570491581668546,2.406388633018606
69355000,0.008894313213002032,0.027030693116111892,-2.046249,25596,0.007280606478587058,0.020523498984057517,-2.092525,25592,True,False,-1.324096280489204,0.3018318323426729,-1.746479737044685,-0.3020707747541969,1.221644548316275,2.2252337225744396
69365000,0.007586936714181985,0.026237642335766424,-2.167862,26167,0.007152656043410141,0.020224306966257787,-2.096046,26169,True,False,-1.6637796074684328,-0.42038508111899725,-1.7808344315880682,-0.32034930637428044,1.0607160009003864,1.401809973009864
69375000,0.005754407905803197,0.026466357723577236,-2.386538,24969,0.007203299827800248,0.020492227864322615,-2.10292,24971,True,False,-2.139908314827941,-1.719025076581194,-1.7672365744112841,-0.35603423291687375,0.7988571964747001,0.06195596911169028
69385000,0.005244954463937622,0.02622273980506823,-2.439677,25650,0.007032596366755029,0.020255529627319507,-2.116978,25652,True,False,-2.272274806217456,-2.034598942569533,-1.8130704573019367,-0.42901338586068427,0.7458062698908657,-0.2094899215458862
69395000,0.005788479051798507,0.026599685908255503,-2.386152,26661,0.007897649206408765,0.02110005403174365,-2.029323,26651,True,False,-2.13105592973755,-1.7167327580906047,-1.580803751611577,0.026029127390826672,0.7329369664964718,-0.27533833828397053
69405000,0.006303319776237554,0.02638072251345741,-2.321265,28423,0.008042527434624995,0.02124591539084222,-2.015733,28413,True,False,-1.9972897114372443,-1.3313916443627343,-1.5419039442801432,0.09657875667709834,0.7837486197560561,-0.015350146503080846
69415000,0.006915594044607956,0.026692401893155512,-2.259628,26094,0.008431072151510505,0.021624257437509585,-1.978755,26084,True,False,-1.8382082527361432,-0.9653511396877671,-1.4375796796022597,0.28854227336199234,0.820250843585648,0.1714209298276586
69425000,0.007090025252153427,0.02621829905028344,-2.225106,27166,0.00829388658123435,0.021569690897039327,-1.996287,27156,True,False,-1.7928874343173278,-0.7603371010033826,-1.474414008114551,0.19752857942182409,0.8548495548751819,0.348452295844434
69435000,0.006737672227036395,0.02588993251733102,-2.25617,27696,0.008089425124611716,0.021146115726359892,-2.002664,27686,True,False,-1.8844360034945864,-0.9448152916554796,-1.5293119135296707,0.1644237239429007,0.8328987688553204,0.2361366202194427
69445000,0.0063065955232029115,0.025176758762511374,-2.285814,27475,0.007436217179253867,0.020389263621474068,-2.060392,27475,True,False,-1.9964386049437906,-1.1208606008136912,-1.704698260633931,-0.135259057472684,0.848091895540321,0.3138753529890995
69455000,0.005921399382267442,0.025135887245639532,-2.331308,27520,0.006852570385174419,0.01994943030523256,-2.129138,27520,True,False,-2.0965204916922615,-1.3910334956606676,-1.8614074371529468,-0.49213947063780433,0.8641136171440761,0.395853760731449
69465000,0.0056006391344414486,0.025333391617461346,-2.375711,29299,0.0067675914786111775,0.019785361885903522,-2.13399,29291,True,False,-2.1798606069861743,-1.6547273245148075,-1.88422427535732,-0.5173276090702517,0.8275675551844617,0.20885837766348567
69475000,0.005877666121345757,0.025852698484956256,-2.356519,28118,0.007120574777659196,0.01997252262540021,-2.086973,28110,True,False,-2.107883293136938,-1.5407527740707245,-1.7894482521187676,-0.273248733415169,0.8254482685564845,0.19801461520099806
69485000,0.0057560212719378265,0.025779477578720764,-2.368866,27407,0.007148998649585752,0.02009171852987335,-2.089187,27399,True,False,-2.1394891290947253,-1.6140772725249302,-1.7818164419070486,-0.2847422491796869,0.8051507006888802,0.09415796758339813
69495000,0.007161852081620451,0.02662950168174004,-2.229617,26758,0.008761939364485981,0.021007211626168223,-1.890521,26750,True,False,-1.7742253454532948,-0.7871263463688112,-1.348741825940597,0.7465905434462313,0.8173820639125823,0.1567422332694542
69505000,0.00754125218192009,0.026655650652574265,-2.186839,24978,0.008785970004004806,0.021056628834601524,-1.889813,24970,True,False,-1.6756493893745754,-0.5330828220411201,-1.342289598723004,0.7502659766717409,0.8583289242374661,0.3662551991354713
69515000,0.008060658165671173,0.027280704849104054,-2.14865,25448,0.009467382505501415,0.021746660523420305,-1.83127,25448,True,False,-1.5406970227283,-0.3062917576961262,-1.159330327700673,1.0541796593285575,0.851413594093953,0.3308715014156826
69525000,0.007830522139274005,0.027263695935537388,-2.173817,25317,0.009242132361654224,0.02171430734289213,-1.862791,25317,True,False,-1.6004910997787316,-0.45574973555285186,-1.2198099960740045,0.8905450114453681,0.8472635786696785,0.3096371007063057
69535000,0.008140167550908949,0.027398328509011468,-2.143697,25634,0.009352914644612624,0.021939119606772254,-1.860619,25634,True,False,-1.5200388477282012,-0.27687762949950545,-1.190064950763357,0.901820493035492,0.8703348485702016,0.42768596073615417
69545000,0.006813094087629072,0.027135262329067496,-2.283983,25083,0.007688793764701192,0.021353504764182914,-2.07531,25083,True,False,-1.8648398515397313,-1.1099869346057356,-1.6368814421146687,-0.21270271970171997,0.886107014458834,0.5083874657414118
69555000,0.006213125721273262,0.0268721281287019,-2.344663,26169,0.008266825786235622,0.02190283331422676,-2.019204,26169,True,False,-2.020723983578184,-1.470344152245743,-1.4816798321424016,0.07855978955033889,0.7515733223286503,-0.17998162100810844
69565000,0.005211392250243533,0.02576406652956669,-2.432958,27717,0.008178193419201212,0.021539980878161415,-2.012038,27717,True,False,-2.280994960219524,-1.9946971603460135,-1.5054776245603325,0.11576057273396148,0.6372302516113082,-0.7650412734977414
69575000,0.004911195761578989,0.025452878351812536,-2.461103,25434,0.008280232090901942,0.02146724935126209,-1.992204,25434,True,False,-2.3589921875745268,-2.161840434744134,-1.4780802390567653,0.21872461594690362,0.5931229593159902,-0.9907252344117242
69585000,0.004899820574162679,0.02576448086124402,-2.469282,22990,0.008498400347977381,0.02172512853414528,-1.974221,22990,True,False,-2.3619476954256102,-2.210412644419112,-1.419502057431001,0.31207958161688226,0.5765579842715737,-1.075483309231521
69595000,0.004202973549419768,0.02517971804721889,-2.540402,24990,0.009226401520608243,0.021519889515806325,-1.852633,24990,True,False,-2.54300289717804,-2.6327693569859734,-1.2240337272266024,0.9432781339096761,0.4555376806474265,-1.694708386346708
69605000,0.004422828175424079,0.025612463508481585,-2.522773,24170,0.008668014351890149,0.020945321945570354,-1.900777,24178,True,False,-2.4858801395941916,-2.5280769148341005,-1.3739606938033877,0.6933486745750029,0.5102469834350973,-1.4147770754583586
69615000,0.0050517458805230155,0.025965920818548587,-2.45558,20573,0.008349190124416796,0.020862552828538102,-1.944469,20576,True,False,-2.3224743734228097,-2.1290412766520803,-1.4595650056037528,0.4665308377261627,0.6050581919016832,-0.9296561815591021
69625000,0.005575890499257754,0.02572729924212829,-2.388641,25598,0.008246497832115934,0.020506339478926605,-1.938811,25601,True,False,-2.1862908118621074,-1.7315140553006554,-1.4871378882522397,0.4959031557910424,0.6761525453317266,-0.5658874157667395
69635000,0.005198856746089753,0.025264988853968717,-2.422196,27364,0.008273998136509792,0.020205782154340837,-1.915143,27368,True,False,-2.2842519422443353,-1.9307854204606836,-1.4797540559425273,0.6187706043522972,0.6283367073953414,-0.8105469071644918
69645000,0.006169104786971541,0.026339737333442997,-2.335248,24316,0.008741405222039473,0.021250819449013157,-1.908929,24320,True,False,-2.0321615284888033,-1.414431772481723,-1.3542552436205344,0.6510292795829729,0.705733761365683,-0.41452908802137134
69655000,0.006392505923000987,0.026076139684106617,-2.301872,24312,0.009405884272020406,0.02146616020076521,-1.821955,24307,True,False,-1.9741173145948634,-1.2162234254818403,-1.1758426046872767,1.102536524435372,0.6796283834808294,-0.5481025806484723
69665000,0.00727489421960845,0.02616389952023524,-2.20171,25846,0.010343000386907065,0.021843268513503055,-1.707554,25846,True,False,-1.7448546710108026,-0.6213964704182542,-0.9242269080771152,1.6964252764573466,0.7033640092305855,-0.42665440835734536
69675000,0.007658726216015915,0.026736870928735813,-2.176136,25637,0.010956805757079337,0.022935050237928075,-1.693954,25638,True,False,-1.6451272170918736,-0.46952146244321374,-0.759420153241154,1.7670268186422828,0.6989926065876919,-0.44902158194380476
69685000,0.008435949606714087,0.027189134168830682,-2.103614,26571,0.010855780987849378,0.023071987698905314,-1.717447,26583,True,False,-1.4431885809019847,-0.03883876406337445,-0.7865453059099364,1.6450678458076726,0.7770928334088767,-0.04940583543024078
69695000,0.007605195261999725,0.02615820846513547,-2.163302,29084,0.009125831660709375,0.021391930815232336,-1.85993,29096,True,False,-1.6590356608898176,-0.39330484195554183,-1.2510367367303932,0.9053972917535373,0.8333701020087141,0.2385482924720885
69705000,0.007977972245639064,0.02611083130147202,-2.118271,30842,0.008486890001620484,0.02134050387295414,-1.953847,30855,True,False,-1.5621805268575193,-0.12588154156748835,-1.4225925856705728,0.41784692135775675,0.9400348353891418,0.7843201652488756
69715000,0.007785557255810783,0.02605877360098153,-2.138818,29342,0.007444393595639584,0.02078807208312042,-2.082047,29355,True,False,-1.612173902112876,-0.24790296132439762,-1.7025028926619312,-0.24767643953259708,1.045828267378424,1.3256338466729272
69725000,0.008544650860567209,0.026121030102431886,-2.05231,28702,0.0067949849202479625,0.02038288946158668,-2.162182,28714,True,False,-1.4149457575156326,0.26583768112124845,-1.8768691357001357,-0.6636804529877318,1.2574937193908293,2.4086633212316944
69735000,0.00837102911872018,0.02601662545607634,-2.068636,28504,0.006089945691832726,0.01984508293572832,-2.248005,28504,True,False,-1.4600562600829923,0.16888329853735173,-2.0661721833983884,-1.1092125232037433,1.3745654792860686,3.0076848686761974
69745000,0.009193864467731332,0.026319057461041725,-1.984367,25861,0.006594180000773366,0.02036635404663393,-2.192957,25861,True,False,-1.2462666981928368,0.6693273060077833,-1.9307852608138938,-0.823442398630481,1.394239233180331,3.1083496448128938
69755000,0.008898774959990152,0.026700336944478643,-2.033175,24369,0.00661112072715335,0.02040984057614182,-2.19231,24369,True,False,-1.3229370267758078,0.37947372857578865,-1.9262366754236004,-0.8200836340868307,1.3460312293861,2.86168355678388
69765000,0.008100415585409729,0.026673178627473496,-2.123589,26127,0.0065544889577831365,0.02077207869254028,-2.21976,26127,True,False,-1.5303672266664223,-0.15746327662697307,-1.9414423066938253,-0.9625845409233373,1.2358576904444822,2.2979581643980356
69775000,0.006603529936672424,0.026220137429064892,-2.281452,24318,0.0061351923266716015,0.02041182613701785,-2.268013,24318,True,False,-1.919288931874875,-1.0949562141402287,-2.054023460989932,-1.2130798508534628,1.0763362556646858,1.4817341937507236
69785000,0.006380810981770261,0.026193369119262025,-2.306396,22765,0.0072955410664089955,0.02140739625790583,-2.137515,22768,True,False,-1.977155901069123,-1.2430898732834779,-1.7424697998995353,-0.5356269058498042,0.8746179239740772,0.4496011899814215
69795000,0.006413997499711506,0.025895000769319537,-2.294281,25997,0.007601710961538462,0.021387294576923076,-2.090472,26000,True,False,-1.9685333605574096,-1.1711431413832025,-1.6602631766003744,-0.2914130566581911,0.8437570873404292,0.2916954223371821
69805000,0.006932490909090909,0.025431406877629414,-2.218418,27335,0.008879510638297871,0.021395365278639465,-1.897349,27401,True,False,-1.833818099518408,-0.7206194168969822,-1.3171739364426123,0.7111444162374999,0.7807289378302733,-0.03080096522820524
69815000,0.006902577917238674,0.025118913316336536,-2.21149,25495,0.00902961542975627,0.02099565353468174,-1.848306,25561,True,False,-1.8415901105660595,-0.679476457045138,-1.2768707967704318,0.9657408451621919,0.7644376408868822,-0.11415871020137967
69825000,0.007303434684199181,0.025381678271179133,-2.172258,27834,0.009328710860215054,0.02114949580645161,-1.812828,27900,True,False,-1.7374392707994157,-0.446491381856397,-1.1965636673845446,1.1499174270472765,0.7828986012790641,-0.019699439482872397
69835000,0.007858404050794552,0.025129209314699207,-2.096093,28192,0.009082801775043316,0.02067543184470139,-1.81858,28281,True,False,-1.5932468052114148,0.005825814609505772,-1.262590261939199,1.120057127734942,0.8651960315138635,0.40139215471601386
69845000,0.008083500486644317,0.02517732724126744,-2.070616,27741,0.009665944987423642,0.02062547833273446,-1.723384,27830,True,False,-1.5347621175260968,0.15712477363743269,-1.1060162971170175,1.6142471578700277,0.8362866224835499,0.2534712645838349
69855000,0.0076828253443939785,0.024968720656131527,-2.111254,26641,0.008646648629392132,0.020217668204147447,-1.856079,26667,True,False,-1.6388657674542608,-0.08421004196004164,-1.3796973907446928,0.9253889490295809,0.8885321554848573,0.5207961946396498
69865000,0.008079391035877782,0.025233902764469997,-2.07335,28179,0.008777316007800035,0.02067677971990782,-1.866586,28205,True,False,-1.5358298374290429,0.14088850743723716,-1.3446131968864912,0.8708440664018511,0.9204853771583436,0.6842913732362372
69875000,0.009278393745509289,0.02554609084066103,-1.942243,29227,0.008858689536115953,0.020897381738625098,-1.868606,29253,True,False,-1.2243042517753875,0.9194869539291358,-1.3227644028175591,0.8603576608714419,1.0473776857945236,1.3335617621504217
69885000,0.008846810230840258,0.025564940867959372,-1.994382,27075,0.008576489734879256,0.02086623391920833,-1.910221,27082,True,False,-1.3364385331124609,0.6098517368801514,-1.3985350554009996,0.6443221330754046,1.0315187803305648,1.2524164364092047
69895000,0.010021755634181987,0.026886202522882856,-1.912991,26002,0.008385755661501787,0.02181460198392864,-1.996543,26009,True,False,-1.0311635308569664,1.093204312703121,-1.449747158125292,0.1961996092159898,1.1950927309021082,2.089375931001727
69905000,0.010449487697683633,0.02764641784646421,-1.897259,27759,0.009847368904415474,0.02262623888928906,-1.831999,27766,True,False,-0.9200299358160103,1.1866311378170402,-1.057303971578613,1.0503952090158504,1.0611451443642144,1.40400577310724
69915000,0.010310833824475832,0.027974250279443145,-1.926029,29523,0.01033243148342532,0.02261528717028409,-1.761873,29533,True,False,-0.956055066290889,1.0157762078318229,-0.9270646588848541,1.4144396021967924,0.9979097215419106,1.080448829347106
69925000,0.009432926977893632,0.02804946626493788,-2.024521,29539,0.010455843878000068,0.022479971937307473,-1.735131,29541,True,False,-1.184153336906913,0.43086679649695864,-0.8939284283388572,1.5532650758077895,0.9021679252251714,0.5905663928304778
69935000,0.009368384527599255,0.02822548435341462,-2.038126,33298,0.010419818505657666,0.022510833981919418,-1.742631,33406,True,False,-1.2009227941116072,0.35007147767704555,-0.903601241572541,1.5143304018087438,0.899092870236894,0.5748322465324877
69945000,0.008775127009351506,0.02767960680887476,-2.083476,32722,0.010347379043557722,0.021841465336582395,-1.707281,32830,True,False,-1.3550633096675424,0.08075374827733707,-0.9230512386740711,1.6978424985909117,0.848053113006902,0.31367691424346794
69955000,0.007811757820927724,0.027208608509423186,-2.174638,31518,0.008995288844621514,0.0209698204957946,-1.852412,31626,True,False,-1.605366455952041,-0.46062536633206,-1.2860874856030364,0.9444254089701813,0.8684276798513869,0.4179275428375557
69965000,0.0072388505465644515,0.02695943256672345,-2.231099,28176,0.008362374314911072,0.02071298069375199,-1.933979,28281,True,False,-1.754219559233275,-0.7959274240969325,-1.4560250501779948,0.5209874684261617,0.8656453626641362,0.40369124923028626
69975000,0.0064217469157288164,0.026574574505936498,-2.312764,25857,0.008455838197920678,0.02093414528301887,-1.933132,25970,True,False,-1.9665199027529578,-1.2809071897292859,-1.4309299956188304,0.5253844909431197,0.7594453400619643,-0.13970283602751216
69985000,0.0058774565888600715,0.026282732452348606,-2.367528,24291,0.008628202708822197,0.02078753884154625,-1.896793,24291,True,False,-2.1079377339899836,-1.606131360244074,-1.3846501208067312,0.7140307734032959,0.6811912964041129,-0.5401056177714809
69995000,0.0042861559047476855,0.025322958308450286,-2.533498,26792,0.007669787436548224,0.020348238914601375,-2.020701,26792,True,False,-2.5213904089397574,-2.591768924708673,-1.6419846416245703,0.07078842862013128,0.5588363354534717,-1.166159741428208
70005000,0.0038929921384808445,0.02486765870672474,-2.572242,27094,0.00782788917183348,0.020246983207853557,-1.989282,27096,True,False,-2.623542448764352,-2.82185593921501,-1.5995343223662286,0.23389356493693225,0.49732335921268694,-1.4809034357968978
70015000,0.003818221152829191,0.024223260955402785,-2.569014,28365,0.007799691578242324,0.019861798568759473,-1.969643,28367,True,False,-2.642969490011149,-2.802685980438775,-1.607105376840121,0.3358453066258995,0.4895348892359196,-1.5207547316335972
70025000,0.003873021263126536,0.024215672786177107,-2.561793,26854,0.007471408236214023,0.019531661391815912,-2.002422,26857,True,False,-2.6287312932855453,-2.759802996447699,-1.6952494610979754,0.16568001609060365,0.5183790178073722,-1.3731678622893504
70035000,0.003950050992204111,0.02403810418143161,-2.548548,28220,0.006803960528646848,0.019350680367076496,-2.102799,28223,True,False,-2.608717384000045,-2.681145591245952,-1.874459184655746,-0.3554060868430223,0.5805517206593327,-1.055048542100476
70045000,0.0044890497900861755,0.02436752622081461,-2.487791,27154,0.006856723238943919,0.019580487204035792,-2.107362,27157,True,False,-2.4686744009208565,-2.3203310976376166,-1.8602923958282553,-0.3790939425040421,0.6546931578906172,-0.6756887502959834
70055000,0.00502967791433089,0.02469499949690959,-2.428588,27828,0.006633478943586059,0.019936029392741646,-2.164063,27830,True,False,-2.3282080853126685,-1.9687452644810348,-1.9202334938398997,-0.6734452692266926,0.7582262576101352,-0.14594052014032108
70065000,0.006077543071712561,0.025698283021646298,-2.328525,27164,0.007123665979305519,0.020651879073535367,-2.124521,27157,True,False,-2.055951146927842,-1.3745062356624453,-1.7886182644115385,-0.4681712853239914,0.8531482370689503,0.3397471561429748
70075000,0.006387712931618145,0.025700244617467838,-2.291984,29540,0.007441279527292429,0.020384955031829882,-2.059536,29532,True,False,-1.9753626324207354,-1.157502064769506,-1.7033390200788159,-0.13081531334692756,0.8584159361558572,0.366700413370291
70085000,0.006633840623372759,0.025498445138733915,-2.256288,26886,0.0075169959074335895,0.02045354669246224,-2.051246,26878,True,False,-1.911413591519065,-0.9455160522303238,-1.683009170414111,-0.08777952035331518,0.8825122036866517,0.48999388292135587
70095000,0.007583436683653804,0.025779215493983126,-2.152242,23351,0.007939399691556355,0.02061945551128818,-1.993995,23343,True,False,-1.6646889874484265,-0.3276233846862877,-1.5695937454689617,0.2094270157959322,0.9551649971368589,0.8617367250692228
70105000,0.00741899118585926,0.025834942588975177,-2.173268,20989,0.00767284956890392,0.020255905444672033,-2.013824,20993,True,False,-1.7074153129162786,-0.45248941728514697,-1.6411624590224876,0.10648892903232175,0.9669147191320572,0.9218565751330178
70115000,0.006244902013773865,0.025340809999128237,-2.29768,22942,0.00688385789588325,0.019350294837725986,-2.088699,22955,True,False,-2.0124678486657,-1.1913286091280693,-1.853006739867795,-0.2822088997248166,0.9071805531471677,0.6162145263964606
70125000,0.005768911280283443,0.025263078760892465,-2.352488,20886,0.006582373367146754,0.01939263247045313,-2.141257,20899,True,False,-2.1361400395833408,-1.5168140801961887,-1.9339553421916322,-0.5550527125303942,0.8764181182849067,0.45881225149394
70135000,0.005323345668338233,0.025356183079716408,-2.408982,23132,0.007174862950961331,0.019454625837113847,-2.046438,23145,True,False,-2.251907157616811,-1.8523121133760583,-1.7748718764422462,-0.06281979867499526,0.7419438816772074,-0.22925261894316967
70145000,0.0046368826906277305,0.025227315903323763,-2.488793,24039,0.0068561992349908535,0.019159700108099118,-2.082038,24052,True,False,-2.430264370192702,-2.3262816238748476,-1.8604330909007043,-0.2476297179237963,0.6763051264559579,-0.5651067033111515
70155000,0.0050360570372216685,0.025733604810568297,-2.452589,24072,0.00737768602525756,0.019896905284147556,-2.040179,24072,True,False,-2.3265506578702255,-2.1112787776744737,-1.7204138767163184,-0.030327515400325026,0.6826065815190144,-0.5328640226988339
70165000,0.005139348057809574,0.02625490454698228,-2.45202,20827,0.007811430799500912,0.020614988674536903,-2.013458,20838,True,False,-2.2997135244568234,-2.107899686427981,-1.6039533956846186,0.10838894112347564,0.6579265936962454,-0.6591442162291592
70175000,0.0050601056087797415,0.02655525633067962,-2.468135,22233,0.008575010385289754,0.020954218046126873,-1.915483,22243,True,False,-2.320302343935168,-2.2036010140856725,-1.3989322607969794,0.6170055657976738,0.5900990647731744,-1.0061976078514625
70185000,0.006141457412304776,0.027709250087320995,-2.373136,20041,0.009210402977592862,0.02174708205925109,-1.868893,19949,True,False,-2.0393448855535237,-1.639435303495972,-1.2283293363636298,0.8588677606797456,0.6667957338289932,-0.613763451033737
70195000,0.006373402694320605,0.028436434434968016,-2.365731,20636,0.010472532249428028,0.022775600934624933,-1.751473,20543,True,False,-1.979080726649504,-1.5954596081000532,-0.8894476002585043,1.4684290168088021,0.6085827708641047,-0.9116219541241566
70205000,0.006049644697190629,0.028348592641197632,-2.398416,20574,0.010643037693471998,0.022609639226600264,-1.716048,20481,True,False,-2.063199718921813,-1.7895643486828436,-0.8436668849368634,1.652330460330961,0.5684133488413023,-1.1171569982849547
70215000,0.004979524032870765,0.02634899391425692,-2.473352,25798,0.009246438701642407,0.020838282439480032,-1.804023,25694,True,False,-2.3412390961428873,-2.234582945602283,-1.21865374369636,1.195626734322157,0.538534260978367,-1.270039448022636
70225000,0.0044591320120456615,0.0254290111002171,-2.5151,28558,0.007806861376740262,0.019970473140205315,-1.975432,28444,True,False,-2.476447655518748,-2.4825096615224362,-1.6051802857922186,0.3057929295885026,0.5711811439781914,-1.1029950097115166
70235000,0.00386184089869829,0.024371748742493062,-2.566905,32803,0.007478298984477448,0.01938366268183343,-1.992316,32791,True,False,-2.6316361821138625,-2.7901613698256775,-1.693399295043925,0.2181431914818518,0.5164063253841862,-1.3832615455911674
70245000,0.003762187510610605,0.023720778507158622,-2.566574,35342,0.006650422603379468,0.018612318870114067,-2.084822,35331,True,False,-2.6575281837223725,-2.7881956770267506,-1.9156841208280397,-0.2620822689122426,0.565706532498975,-1.1310069764135824
70255000,0.004043961336576623,0.023557369094866214,-2.526946,39055,0.006278855675647987,0.018479249436533143,-2.141927,39044,True,False,-2.5843175433703482,-2.5528588968580266,-2.015449848760017,-0.5585308767409753,0.6440602468791864,-0.7300942090813176
70265000,0.004392437765618359,0.02386107463875903,-2.489007,37648,0.00629667053081147,0.018700186248242566,-2.151805,37697,True,False,-2.493776193653895,-2.32755249474787,-2.0106665597729196,-0.6098104380426519,0.6975810063627854,-0.45624432252490776
70275000,0.004477073655332945,0.02379297833014659,-2.476446,36087,0.006225232060857538,0.01865495244813278,-2.161471,36150,True,False,-2.4717860472606827,-2.2529571254206444,-2.029847790462136,-0.6599894458926228,0.7191818090579293,-0.34571940799328094
70285000,0.004481168838308868,0.023836980317774478,-2.477004,36378,0.005487825745725968,0.018393573694465027,-2.276126,36441,True,False,-2.4707220344234435,-2.256270891528803,-2.227841401626322,-1.2551967855406985,0.8165654388350241,0.1525638044316317
70295000,0.0045631800898721046,0.02372263724108591,-2.463758,37609,0.005728624575281375,0.018549535596729665,-2.242259,37672,True,False,-2.449413823050611,-2.177607547678118,-2.1631869108124238,-1.0793833716306067,0.7965577129215127,0.05019019231303183
70305000,0.004167912862951721,0.023419538714850238,-2.507446,34922,0.005882454579236222,0.018343653470157786,-2.203589,34984,True,False,-2.552112385253121,-2.4370552425406196,-2.1218835515063854,-0.8786361924915289,0.708532944336458,-0.40020649719131657
70315000,0.004232675317487162,0.023527675255988437,-2.501376,32521,0.006982118869722965,0.019046653076284475,-2.05461,32523,True,False,-2.53528576641777,-2.4010076434787417,-1.8266236663195792,-0.10524301946435335,0.6062164504018399,-0.9237297156058655
70325000,0.004719120554447272,0.023795097475407583,-2.444919,29074,0.007437621986035153,0.019412043476765384,-2.000632,29073,True,False,-2.4088972802908266,-2.0657293403096273,-1.7043210699835292,0.17497242495171011,0.6344931973294519,-0.779045970213878
70335000,0.005700049471120643,0.025230119588528225,-2.360757,27511,0.00876691861141403,0.0209398812431843,-1.885464,27510,True,False,-2.154031755136848,-1.5659207682757068,-1.347404898035407,0.7728428963013204,0.650177071759227,-0.6987962264733192
70345000,0.007026335146987169,0.02628449752314439,-2.234322,24628,0.009759330721130421,0.02175855899788858,-1.788443,24628,True,False,-1.8094354347120554,-0.815067689628472,-1.0809422256473105,1.2765070304428405,0.7199607583513995,-0.3417337549923106
70355000,0.007592289739455148,0.027138429941441056,-2.196344,23566,0.010221477150252472,0.022715130945814063,-1.783715,23567,True,False,-1.6623887813094549,-0.5895296802096801,-0.9568558996817098,1.3010514489318392,0.742778135474051,-0.2249839891660661
70365000,0.007810874129451111,0.027533407239819004,-2.184608,25415,0.009577522190745986,0.022751854028958136,-1.878063,25416,True,False,-1.605596057188617,-0.5198336962574206,-1.1297578198897402,0.8112636326035785,0.8155422638433717,0.14732852081281037
70375000,0.007570125828078858,0.02765841184452071,-2.21504,25058,0.00957192282213975,0.022887559998403768,-1.886931,25059,True,False,-1.6681474217332088,-0.7005586607798461,-1.131261250478601,0.7652272740671077,0.7908678296662862,0.021076743643820207
70385000,0.006852160780471179,0.026946811698547266,-2.274003,23473,0.009230162139146725,0.02235371910925658,-1.903884,23486,True,False,-1.8546895205442917,-1.0507192181909812,-1.223024001069711,0.6772193369596651,0.7423662420197336,-0.22709152606999836
70395000,0.00560587242651434,0.026782115791979054,-2.41133,25209,0.008301506760239483,0.022154891043178304,-2.027982,25221,True,False,-2.1785008899773572,-1.8662560610856618,-1.4723679898909687,0.03299064710185621,0.6752837272100976,-0.5703329009642952
70405000,0.005337648880028145,0.026292401235291817,-2.430541,25581,0.007498328058453483,0.02145273957722815,-2.10958,25593,True,False,-2.248190888785527,-1.9803434458595925,-1.688021488258961,-0.3906082234280245,0.711845205813658,-0.38325863549188866
70415000,0.00533484912575399,0.02620204936244942,-2.42879,26194,0.006581189727543311,0.020491280775394947,-2.201477,26206,True,False,-2.2489183225794096,-1.9699448715667833,-1.9342731494501189,-0.8676721882933983,0.8106207762749659,0.12214672546273275
70425000,0.005349372143941802,0.026400615955079986,-2.432015,28317,0.006356505030181086,0.020150167037311588,-2.220198,28329,True,False,-2.2451449434952147,-1.9890970143962003,-1.994600995430312,-0.9648583258848813,0.8415587053801808,0.28044695246809975
70435000,0.005601780430276607,0.026527486384104064,-2.405931,27982,0.006390138660567508,0.01997367675648631,-2.205632,27982,True,False,-2.1795640748344156,-1.834193295462088,-1.9855703649622491,-0.889241997688869,0.8766289321457561,0.4598909236285502
70445000,0.005721739547871323,0.026412185365107293,-2.389074,26143,0.006489752823182636,0.01992241469203384,-2.186519,26123,True,False,-2.1483962267028005,-1.7340854902913965,-1.9588239601992974,-0.7900208744697017,0.8816575459441501,0.4856208521929646
70455000,0.006310956540540541,0.026974415243243243,-2.336437,27750,0.007257556621465666,0.020569530222158107,-2.09898,27728,True,False,-1.9953055228671301,-1.4214928260706157,-1.7526686241678833,-0.33558055084270816,0.8695704173873935,0.4237745926107386
70465000,0.006512956950112128,0.027053588875408992,-2.315709,27201,0.009187323669009161,0.021547864969277748,-1.86054,27179,True,False,-1.9428216582448332,-1.2983965108556834,-1.2345261312050793,0.9022306049349483,0.70890687916893,-0.3982931833213342
70475000,0.006777019424585876,0.026745298657367043,-2.277233,28675,0.009212339405995883,0.021294003036331274,-1.840342,28653,True,False,-1.8742127916019302,-1.069901054265094,-1.227809405296581,1.007084277659312,0.7356458686460281,-0.2614776876970568
70485000,0.0067315007024938535,0.026394609343168247,-2.272176,28470,0.009015505624296961,0.02121915916760405,-1.865455,28448,True,False,-1.886039492612707,-1.0398693065787812,-1.2806592798338217,0.8767154152409071,0.7466581446471876,-0.20513113053413867
70495000,0.006925024384753902,0.026530405274609845,-2.253759,26656,0.009296907893749531,0.021284711638028066,-1.826665,26654,True,False,-1.8357580562409395,-0.9304972090626972,-1.2051027645512387,1.0780855491639714,0.744873937001109,-0.2142603930144557
70505000,0.006494296550056424,0.026285977309366437,-2.296112,24812,0.009727433969865442,0.021363046853597616,-1.766328,24822,True,False,-1.9476700143070738,-1.1820168075911606,-1.0895065040346366,1.3913124058413602,0.6676268962786143,-0.6095106387654723
70515000,0.005772148390002252,0.025466180589957216,-2.357891,22205,0.007955416205266711,0.02062097438667567,-1.991404,22215,True,False,-2.135298971841895,-1.548900600415518,-1.5652933111999543,0.22287764784013586,0.725562087648026,-0.3130734107212934
70525000,0.005560967453703703,0.025732039814814815,-2.389995,21600,0.008567757380842202,0.021642288431281815,-1.958766,21610,True,False,-2.1901681262906885,-1.7395549859645414,-1.4008796926441076,0.3923109665042488,0.649057531220272,-0.70452458407785
70535000,0.005419751979017644,0.02626299337148307,-2.419678,20970,0.008554071877979028,0.021819051096282172,-1.971126,20980,True,False,-2.2268588135606557,-1.9158319024313912,-1.4045542504514872,0.3281466237538221,0.633587378774529,-0.7836807756781453
70545000,0.005513984773826963,0.026182741776534825,-2.407008,22527,0.00836733598083152,0.021692095265563295,-1.991814,22537,True,False,-2.202375193669775,-1.8405892203697725,-1.4546928427737165,0.22074921899485458,0.6589892872066792,-0.6537067280454256
70555000,0.0055329626017676,0.025669539074404633,-2.391914,22969,0.007875984718533676,0.020769994296660717,-2.012915,22969,True,False,-2.1974443633087177,-1.750951253279162,-1.5866206670629264,0.11120781152100633,0.7025105811527917,-0.43102114725535173
70565000,0.006473540573176622,0.026501725366285624,-2.304661,24844,0.008650855619062953,0.02140769755272903,-1.932504,24844,True,False,-1.9530628443660494,-1.2327863173736984,-1.3785678139293551,0.5286446209793068,0.7483121737590421,-0.1966679530864949
70575000,0.006279733570680629,0.025819988104712043,-2.307692,23875,0.008189555895287958,0.020600708942408376,-1.953553,23875,True,False,-2.0034178931673146,-1.2507863623088806,-1.5024267994914149,0.41937316057851826,0.7667978155315861,-0.10208239504924595
70585000,0.006098335423434313,0.025260251794213193,-2.313391,26474,0.008262595825929147,0.020076098567053578,-1.908295,26449,True,False,-2.0505488659361455,-1.2846307226142617,-1.4828155765738968,0.6543205573583589,0.7380653189276073,-0.2490980766539367
70595000,0.0058396776961702765,0.024954995803042796,-2.335983,26686,0.008302378868009452,0.01980576313716665,-1.883548,26661,True,False,-2.1177534679962497,-1.4187966794521492,-1.47213382893634,0.7827894076856101,0.7033740315888977,-0.42660312691602625
70605000,0.005829609217674129,0.02495334891526245,-2.337381,28901,0.008714402736404572,0.020482801420159336,-1.863543,28870,True,False,-2.1203694659710313,-1.4270989106693663,-1.361505411582968,0.8866411614657312,0.6689625662262352,-0.602676410941316
70615000,0.005550164621604369,0.024505342825732322,-2.35902,28198,0.00859535451528631,0.020048840994139658,-1.852832,28326,True,False,-2.192974924448382,-1.5556053350680494,-1.3934698614638614,0.9422450672262344,0.6457167777936027,-0.7216182306503854
70625000,0.005521140375285389,0.024934209688926942,-2.374482,28032,0.009757030113636364,0.020552199467329547,-1.70361,28160,True,False,-2.2005160211115036,-1.647428724968342,-1.0815599388079828,1.7168997236909778,0.5658627995386708,-1.1302074042194261
70635000,0.005794191431549169,0.025523301682423883,-2.357389,26866,0.010024228424327727,0.021132786169345878,-1.704871,26998,True,False,-2.1295717358879402,-1.545919398647962,-1.0098171867523351,1.710353507169272,0.5780186949338952,-1.0680092850766305
70645000,0.006332220562077552,0.025927550017787265,-2.305057,28110,0.009756428900219532,0.021369474329013528,-1.762688,28242,True,False,-1.9897806923480186,-1.2351380223536843,-1.0817213646230814,1.4102087009555628,0.6490305650600364,-0.704662561939013
70655000,0.006359484889863092,0.026117669373674945,-2.307288,27829,0.008667393964315085,0.020888374441305823,-1.897605,27967,True,False,-1.9826968587481313,-1.2483871481373812,-1.3741272678803758,0.7098154460316657,0.7337251446104806,-0.27130546413961737
70665000,0.006094099858906525,0.026353262574955908,-2.344711,28350,0.007888461046983656,0.0206942876204596,-2.007075,28329,True,False,-2.05164935279034,-1.4706292073948322,-1.58327077261099,0.14152494434159682,0.772533428587665,-0.07273496052302235
70675000,0.00622883883688235,0.026756240647395672,-2.340081,29163,0.006937623537886324,0.0208015641957946,-2.161805,29153,True,False,-2.016641392685567,-1.443133262805622,-1.8385706638560912,-0.6617233367080472,0.897834655176473,0.5683943324429941
70685000,0.005795263024902749,0.026636142633906307,-2.386593,30077,0.007472523098909864,0.020928360143578836,-2.085557,30088,True,False,-2.1292933138757335,-1.7193517022728593,-1.6949501204406305,-0.2658978669641499,0.7755430057818351,-0.05733584471901758
70695000,0.005117690596386172,0.026553199004282282,-2.46223,28723,0.0075916164555199775,0.020885390470555477,-2.06455,28732,True,False,-2.3053405787574524,-2.168533292098785,-1.6629735516792232,-0.15684444073775655,0.6741239664004657,-0.5762670537905006
70705000,0.004727839508786788,0.02656294883195709,-2.507176,28338,0.007777367199350901,0.020779597241330654,-2.029504,28347,True,False,-2.4066319164721413,-2.435451807326994,-1.6130994730432728,0.02508950392498311,0.6078971697750588,-0.915129971989929
70715000,0.004545079474989664,0.026302405401681134,-2.523029,29028,0.007887176430071977,0.020512769914247338,-1.996379,29037,True,False,-2.454116735401557,-2.529597208962577,-1.5836156922788676,0.19705098075410254,0.5762619253273362,-1.0769981552291434
70725000,0.004212830502313285,0.02555947151354924,-2.547392,30260,0.007524166964108666,0.01987276944940181,-2.015489,30258,True,False,-2.5404418579091153,-2.674280513072059,-1.6810837415456208,0.0978454314045335,0.5599065680505335,-1.160683677969427
70735000,0.0041731024860117575,0.025228103512996668,-2.545366,28238,0.006562497450063748,0.019394606424422724,-2.145767,28236,True,False,-2.550764014352778,-2.6622488103209285,-1.939292026347588,-0.5784654298284881,0.6359015782887992,-0.7718397016618842
70745000,0.004093769685779738,0.024911876124046908,-2.548738,29247,0.006181562519232742,0.019130774028105445,-2.195278,29247,True,False,-2.571376308933346,-2.682273934544431,-2.041573063309352,-0.8354913824107202,0.6622548381647458,-0.6369978702482043
70755000,0.0049268737615736575,0.02543783027704723,-2.459128,27757,0.006580058261150847,0.019399279588829386,-2.143051,27823,True,False,-2.3549187204413977,-2.1501116030889103,-1.9345769482003572,-0.5643658865509652,0.7487583796426677,-0.1943848496367185
70765000,0.005189341245748143,0.02484046091949819,-2.412589,27341,0.006316841244937425,0.01920622837231364,-2.17636,27407,True,False,-2.286724265111411,-1.8737328201003092,-2.0052507226047154,-0.7372825607155264,0.8215088909994523,0.17785798611903036
70775000,0.0056282609584920795,0.02490710378985362,-2.360291,24935,0.006334730290788368,0.019209633894644217,-2.173219,25001,True,False,-2.17268388849749,-1.5631533578699688,-2.00044751341647,-0.7209767192447271,0.8884768096088322,0.5205130061719025
70785000,0.005701739851001952,0.024824987211664876,-2.348996,25101,0.006198569555370128,0.019025339015377278,-2.186056,25167,True,False,-2.153592559646903,-1.4960763180999639,-2.0370066737477983,-0.7876173072614945,0.9198476842229273,0.6810284872139437
70795000,0.005836052965837865,0.024899208791664938,-2.334519,24091,0.006179193939644824,0.018726960591133004,-2.172371,24157,True,False,-2.118695247552351,-1.4101024974049328,-2.04220902697866,-0.7165745054379018,0.9444683275588074,0.8070050325681392
70805000,0.004997604533050333,0.024445348127653123,-2.42606,26384,0.005840218731049121,0.01828590770921771,-2.206908,26384,True,False,-2.3365414100058124,-1.9537323599623484,-2.133223877635345,-0.8958660835585724,0.8557221506929035,0.35291711039486806
70815000,0.0050943274762258834,0.02537703099440379,-2.437342,25553,0.0068839748757484436,0.019044827808867845,-2.070498,25553,True,False,-2.311410798309222,-2.0207321972961414,-1.8529753307715233,-0.18772223286393327,0.7400270291765141,-0.23906058588768
70825000,0.0052470560085996,0.025273976091630217,-2.416564,26978,0.007591866390010745,0.019612917484901255,-1.98767,26989,True,False,-2.2717287816535903,-1.897338949634242,-1.6629064442631811,0.24226192420179352,0.6911417745053563,-0.48919196621833777
70835000,0.005382233665111838,0.025547593859036984,-2.407264,27227,0.008467239224612674,0.020313388354504736,-1.891328,27238,True,False,-2.2366068438347795,-1.8421095144982484,-1.4278688197115903,0.742401172523934,0.6356539035139926,-0.7731069801840519
70845000,0.005502137630784355,0.025719331683168315,-2.397476,28482,0.009570199241919068,0.021275475836170288,-1.784547,28493,True,False,-2.205453325307864,-1.7839820186798512,-1.1317240318042034,1.2967322957628775,0.5749240419869291,-1.0838437083291224
70855000,0.005536884471860483,0.025454824613510015,-2.386283,26262,0.010143026378896882,0.021674190438125688,-1.725518,26271,True,False,-2.1964253807261693,-1.7175107211016607,-0.9779199334451549,1.6031689452948323,0.5458809101966127,-1.2324488182483548
70865000,0.005037574273314125,0.025238495897005726,-2.441029,27419,0.009237832616304505,0.02151084916873268,-1.850563,27428,True,False,-2.3261564487008215,-2.042627995935539,-1.2209644777910826,0.9540241039334126,0.5453199340744661,-1.23531916704185
70875000,0.004536194945848376,0.025723404472328345,-2.512113,28531,0.008567707350415368,0.021508509516632197,-1.951566,28529,True,False,-2.456425118962131,-2.4647709171405854,-1.4008931258147677,0.429688253543333,0.5294526015327143,-1.3165076116460996
70885000,0.004708069568354762,0.02530153693256363,-2.482558,30488,0.007852201494249107,0.020784458400235933,-2.018301,30517,True,False,-2.4117685539642433,-2.289254147737976,-1.5930064632849041,0.08324752429982449,0.5995859341871088,-0.9576561047441021
70895000,0.004401929431784058,0.02471003573454339,-2.506653,29971,0.006392469048968299,0.019709541651388378,-2.191511,29999,True,False,-2.4913100633963516,-2.432345893931713,-1.9849446556274908,-0.8159357934834669,0.6886117708296922,-0.5021372462601922
70905000,0.004727356894817123,0.025046376951286795,-2.474429,30813,0.006195084784229809,0.019868220114774827,-2.232239,30843,True,False,-2.406757309516158,-2.240978870509968,-2.037942334872465,-1.0273666471678822,0.7630818720755961,-0.12109577796255717
70915000,0.005624631601169211,0.025346597401753816,-2.3733,30790,0.006520490882543803,0.019688230012978584,-2.169355,30820,True,False,-2.17362687024096,-1.6404092419220253,-1.9505707906125809,-0.7009175752004183,0.8626086137513169,0.38815310378355183
70925000,0.005806478054811457,0.02492538491654647,-2.339428,29118,0.0068736859818855495,0.019264168073281185,-2.086022,29148,True,False,-2.1263794182419966,-1.4392553250482223,-1.8557378989906956,-0.26831181675208926,0.8447400812480319,0.2967251112407025
70935000,0.005851857177640961,0.025585376708755086,-2.352381,28749,0.008652862981772645,0.020338874008626686,-1.863564,28748,True,False,-2.1145889879932986,-1.516178644759676,-1.3780288369994689,0.8865321443785337,0.6762914413377359,-0.5651767260109182
70945000,0.006157572236369083,0.025857087215398443,-2.323486,26704,0.009291134286998202,0.020810315533253444,-1.795219,26704,True,False,-2.035157922534998,-1.34458138365704,-1.2066529780857316,1.24133085030717,0.6627363297273452,-0.634534220422082
70955000,0.006191912219153542,0.025931284615958793,-2.321542,26794,0.009811770146246828,0.0209244792941352,-1.722446,26804,True,False,-2.026235688112732,-1.333036650118936,-1.066862238897646,1.6191165877648424,0.6310698402899354,-0.7965622750264237
70965000,0.00522537901907357,0.025482257960295837,-2.424215,25690,0.00989780972762646,0.020643623501945523,-1.688103,25700,True,False,-2.2773609097572707,-1.9427755526692383,-1.0437606094827032,1.7974010556514053,0.5279328622057317,-1.3242836680082493
70975000,0.005233048013750955,0.02531327127578304,-2.419153,26180,0.009961618785796105,0.020765005001909125,-1.687288,26190,True,False,-2.2753683470724195,-1.9127141117382296,-1.0266278760184668,1.801631956892635,0.5253210473394705,-1.337647551699981
70985000,0.004988308159163987,0.024466820056270093,-2.427587,24880,0.007803466130976296,0.01927332213740458,-1.929652,24890,True,False,-2.3389567993090514,-1.962800676892741,-1.606091909351447,0.5434501796786776,0.6392426231418649,-0.7547445639467275
70995000,0.0054447430651872394,0.024591423216212053,-2.374285,25956,0.008384762612647308,0.01953244773935146,-1.850734,25966,True,False,-2.220365614927688,-1.6462588111272891,-1.4500137917636624,0.9531363933662337,0.6493616237834287,-0.7029686324298055
71005000,0.005887601029850168,0.024947262998954663,-2.329809,25829,0.009247143680160847,0.020265908092642,-1.763212,25863,True,False,-2.105301999395573,-1.3821314609005764,-1.2184644569492913,1.4074884650654964,0.6366940142264295,-0.767785041494183
71015000,0.006484330731563639,0.025317685247229483,-2.268641,27161,0.008760430777716492,0.02077046262180548,-1.875351,27195,True,False,-1.9502593390997067,-1.0188761825781654,-1.3491468815200198,0.8253424107216336,0.7401840041996034,-0.23825739115203037
71025000,0.006699611151130961,0.025270645332084715,-2.241258,27764,0.007891457252814444,0.020455651296622666,-1.992094,27803,True,False,-1.8943250545090689,-0.8562581586718323,-1.5824662912822358,0.21929565783222324,0.8489700870826592,0.31836879920631544
71035000,0.007488303531779073,0.025737648175131835,-2.162606,28824,0.007817629733568929,0.020906905657762532,-2.030714,28863,True,False,-1.6894065386389172,-0.3891715422937512,-1.6022889817566248,0.018808043186470773,0.9578739064123581,0.8755974121174777
71045000,0.006921743392142716,0.025485075063947007,-2.221725,30494,0.006977476959355452,0.020274714800379918,-2.127374,30533,True,False,-1.8366105256611622,-0.7402585289394285,-1.8278700193511512,-0.4829820353132283,0.9920123609812845,1.0502737807100517
71055000,0.0075178789577092795,0.025457636905337068,-2.149444,31047,0.006385969148525054,0.01971107970501095,-2.192761,31052,True,False,-1.681722234166665,-0.31100704495397313,-1.98668987903358,-0.82242490581664,1.177249495395019,1.9980773757016461
71065000,0.008019377762543663,0.026137637286586364,-2.114382,30633,0.007126612939025983,0.019855263905209555,-2.079381,30636,True,False,-1.5514225212255208,-0.10278613584234007,-1.7878270056644447,-0.23383646074840272,1.1252719673645832,1.7321237477644464
71075000,0.007730065646610764,0.026445024788694753,-2.158606,29933,0.007630380888874071,0.020071799886640217,-2.010505,29993,True,False,-1.6265917644880268,-0.3654169465363348,-1.6525653005061356,0.12371882009936527,1.0130641915768641,1.1579897674790898
71085000,0.006865812901673713,0.02668342090249854,-2.26532,29097,0.008168689542819905,0.02048214994683952,-1.949942,29157,True,False,-1.8511424184244465,-0.9991539294505696,-1.5080294155691432,0.4381189082865922,0.8405035918776725,0.2750482489415816
71095000,0.007006665701622703,0.027350059403817285,-2.268707,27978,0.008637680403910655,0.021113006601013343,-1.916521,28026,True,False,-1.8145459615168955,-1.0192681334081621,-1.3821053594756025,0.6116170069162066,0.8111744558701754,0.12497974008733288
71105000,0.005667447368421052,0.026670195788003528,-2.401809,27208,0.007887952230701496,0.020487170788083358,-1.994523,27256,True,False,-2.1625024525384844,-1.809714184534072,-1.5834073897934806,0.20668601474639894,0.7184941291051697,-0.34923806278942643
71115000,0.00454914766214178,0.025268434653092003,-2.500606,26520,0.007153128264960481,0.01966924535190064,-2.063563,26570,True,False,-2.4530597366350566,-2.396434883795438,-1.7807076400918431,-0.15172063763948063,0.6359661806185873,-0.7715091506597226
71125000,0.00423616062870031,0.02467067613476177,-2.526122,28376,0.006897185552108306,0.019182857918488224,-2.077051,28364,True,False,-2.534380210818822,-2.547965450131998,-1.8494282638902968,-0.22174075535936502,0.6141868442854079,-0.8829475689793052
71135000,0.004540446406265825,0.02439456473447892,-2.482241,29621,0.00762841602319857,0.01911949256499309,-1.949266,29657,True,False,-2.4553205020285827,-2.2873715960242014,-1.653092866981445,0.4416282202363735,0.5952017289641777,-0.9800887853436298
71145000,0.004709340639994477,0.02425246926024371,-2.457598,28969,0.007678965089430333,0.01898040696832891,-1.931067,29017,True,False,-2.4114383033870017,-2.141025470211697,-1.6395204416321738,0.5361045045175235,0.6132780374892733,-0.8875976643894687
71155000,0.004719470152580147,0.02436941436653523,-2.459205,29165,0.007822633932245233,0.01918199725689206,-1.920608,29164,True,False,-2.4088064474993645,-2.150568879057239,-1.6009453543065024,0.5904002052316591,0.6033096005076102,-0.9386032062187045
71165000,0.005003538824994506,0.02442234341806461,-2.424831,27302,0.008290518442547891,0.019442442877550273,-1.860137,27301,True,False,-2.3349995588002246,-1.9464337604158828,-1.4753183534228966,0.9043226947511646,0.6035254441164706,-0.9374987983520998
71175000,0.0057384640278603585,0.024899206489424956,-2.346397,23546,0.008739143596268024,0.01997707497879559,-1.823976,23580,True,False,-2.1440508625251513,-1.4806417695065823,-1.3548624901878645,1.0920449276150954,0.6566391734667136,-0.665731564525585
71185000,0.00593004173087335,0.025382755112240224,-2.336892,24011,0.00781586114931033,0.019479462474475975,-1.941399,23997,True,False,-2.09427503162011,-1.4241949113380223,-1.6027638466673568,0.4824680976164382,0.7587189201021842,-0.14341971197429396
71195000,0.006239254917290758,0.025174787795243188,-2.293566,24302,0.007742774606704555,0.01928112824314307,-1.940313,24282,True,False,-2.013935080578531,-1.1668970073915668,-1.6223875848983493,0.4881058384115008,0.80581642036798,0.09756425815847325
71205000,0.0061560197090000405,0.025194878400709365,-2.304306,24811,0.007152864653784219,0.01895563615136876,-2.018878,24840,True,False,-2.035561301104537,-1.2306780970002282,-1.780778419698229,0.08025215004683214,0.8606369625270628,0.3780647479885213
71215000,0.005654129656953154,0.024714749428255255,-2.351958,27110,0.006133742252846457,0.018333388886841814,-2.157782,27139,True,False,-2.1659626681253856,-1.5136665962583316,-2.0544128058425644,-0.6408387775749586,0.9218075073710945,0.6910563222442124
71225000,0.005670039487585843,0.02465183207871104,-2.348497,30288,0.006128087081434515,0.018036906082821477,-2.141266,30282,True,False,-2.161828966620222,-1.493112932279226,-2.055931219485934,-0.5550994341391927,0.925254392151776,0.7086930115451535
71235000,0.005680673028774628,0.02438269048223811,-2.339145,27559,0.0060293675824774065,0.017869834028962365,-2.148544,27553,True,False,-2.1590661537259734,-1.437574687398385,-2.0824374070378395,-0.592881641787866,0.9421673087711293,0.7952314004289519
71245000,0.005074308632063946,0.023934272889106076,-2.403152,28649,0.005767118538168872,0.017586479562986493,-2.179349,28649,True,False,-2.316612106114084,-1.8176897900596238,-2.1528512809653217,-0.7527993261266146,0.8798689672286671,0.4764692242441437
71255000,0.005355216726489591,0.024074890775305096,-2.371282,27860,0.006260161055276382,0.017889566582914573,-2.107958,27860,True,False,-2.243626400637492,-1.628425048362408,-2.020469354724049,-0.3821879512644986,0.8554439221617057,0.3514934973437751
71265000,0.00549918732028894,0.02480728922084298,-2.373758,28518,0.006580004861499721,0.018136615521824283,-2.066355,28592,True,False,-2.2062198767072574,-1.6431291431362498,-1.9345912860078107,-0.16621471894686046,0.8357421363721547,0.25068529029505787
71275000,0.005168024855167259,0.025607937955522336,-2.434247,26755,0.007124193931939319,0.01868759144955086,-2.006506,26829,True,False,-2.292262702186147,-2.00235207882884,-1.788476509118229,0.14447878827565797,0.7254188901284501,-0.3138061100489822
71285000,0.004636633000756403,0.025868854446565573,-2.503236,27763,0.006742267811590558,0.018673631300973666,-2.072018,27833,True,False,-2.430329244761185,-2.4120535305059385,-1.891023680486414,-0.19561299346107186,0.6876963553399078,-0.5068211563998876
71295000,0.004426170358760014,0.026124901706722395,-2.533283,28710,0.006772339437109104,0.01896584510076442,-2.085066,28780,True,False,-2.4850117715640563,-2.5904921151867124,-1.8829494484004958,-0.2633489436396778,0.6535659353556273,-0.6814564144007015
71305000,0.004049320081549439,0.025984538056405028,-2.574779,29430,0.00685828220338983,0.01923885413559322,-2.087127,29500,True,False,-2.5829252311156594,-2.83692229157415,-1.8598738138416506,-0.2740481920546171,0.5904277429044826,-1.0045158591274013
71315000,0.0045618972344660886,0.025972511659320345,-2.514241,28132,0.007237992843664329,0.019762907288069214,-2.055407,28087,True,False,-2.4497471352929088,-2.477408362083533,-1.7579214989201282,-0.10938047748798724,0.6302710341112424,-0.8006495298323402
71325000,0.004538270627521915,0.0247502702448866,-2.490625,28748,0.006344820750444204,0.019079002508448593,-2.164616,28703,True,False,-2.455885814135056,-2.337161228731746,-1.9977382247860778,-0.676316052522889,0.7152716847365922,-0.3657263569258302
71335000,0.004487929992782761,0.023674474172595113,-2.471607,29097,0.006243570794328194,0.01871691719438326,-2.161274,29056,True,False,-2.468965347311517,-2.2242200032031096,-2.024923840138514,-0.6589667617889144,0.7188082173841454,-0.3476309660218156
71345000,0.004522654296257248,0.02327966589351608,-2.457139,28455,0.0059819897233758,0.018384036284929964,-2.187701,28414,True,False,-2.459943258462669,-2.138299630348535,-2.0951583632057855,-0.7961569790919513,0.7560451464140916,-0.15710062062033178
71355000,0.004984783588496209,0.022842550686793535,-2.383998,27956,0.006495634013605442,0.01776766999641962,-2.057184,27930,True,False,-2.339872555322476,-1.703940908275236,-1.957244860446744,-0.11860539958082619,0.7674052414368361,-0.098974376462643
71365000,0.0052093506317536665,0.022694629890586362,-2.349623,29521,0.006133904692578548,0.01748149539544962,-2.105005,29536,True,False,-2.2815254147302837,-1.499799850984937,-2.0543691907710717,-0.3668580722886067,0.8492715314042121,0.319911200585833
71375000,0.0056033575542125845,0.02276875033771774,-2.299002,28130,0.006383114016699236,0.017214366637058092,-2.040198,28145,True,False,-2.179154305570462,-1.1991795030258956,-1.9874564819890248,-0.03042614990778923,0.8778407434918623,0.4660914036452928
71385000,0.005975791308267288,0.02314356864365398,-2.261972,26623,0.006455033936481718,0.017319299421878518,-2.033853,26638,True,False,-2.0823883496496967,-0.9792713328016126,-1.96814598201069,0.0025125842954035523,0.9257567608582336,0.7112634835377092
71395000,0.006488084460474903,0.023408957581905622,-2.204197,26616,0.0067177176974203,0.017927937028275318,-2.027487,26631,True,False,-1.9492840430573601,-0.6361658903304299,-1.8976153866588723,0.03556033558579507,0.965816777767607,0.9162387341120508
71405000,0.0064099494257132275,0.024015822045201928,-2.235586,26990,0.006023838635606089,0.017905933372838044,-2.151688,27001,True,False,-1.9695851335125105,-0.8225741418878151,-2.08392192938939,-0.6092030571282672,1.0640971336491138,1.4191102286229205
71415000,0.006872580289193303,0.02465424348892271,-2.199137,23652,0.006708742720703207,0.018422301145247857,-2.061349,23663,True,False,-1.8493841118389398,-0.6061163266972964,-1.9000251680966873,-0.1402271218749627,1.0244215012128117,1.2161017596368873
71425000,0.00699509164184335,0.025096684247415454,-2.199183,22828,0.006819127178232956,0.019199647726776434,-2.090541,22897,True,False,-1.8175531405017216,-0.6063895045485079,-1.8703869389220225,-0.29177125565898165,1.025804543457128,1.2231783774831788
71435000,0.007055263369436453,0.025076734515146387,-2.191293,23636,0.00753227909723687,0.01944626095760388,-1.986414,23705,True,False,-1.8019192870269496,-0.5595335644170031,-1.678905633629619,0.24878218427416776,0.9366704656528985,0.767105681009608
71445000,0.007111728003718336,0.0253300082268185,-2.192815,21515,0.008086855587472202,0.019141698526686436,-1.872129,21584,True,False,-1.7872486127056304,-0.5685721881027002,-1.53000183430582,0.8420687466716239,0.879418202389506,0.4741627939681358
71455000,0.007177335107835108,0.025768427791427795,-2.199738,21978,0.00923449500816845,0.01997141976765293,-1.74295,22036,True,False,-1.7702025365217833,-0.6096854547098487,-1.221860625646001,1.5126743803413178,0.7772309261617809,-0.04869925568283136
71465000,0.00606251056767091,0.025258731711416446,-2.31736,23799,0.009240795028712747,0.019897902376660937,-1.73661,23857,True,False,-2.0598569009247245,-1.308201220254556,-1.2201690699969945,1.5455871580951779,0.6560594135930559,-0.6686980242164231
71475000,0.005645456475497013,0.024924408246747937,-2.358607,24446,0.0088760076904197,0.019849058209932095,-1.792558,24446,True,False,-2.168216139206727,-1.5531526730560963,-1.3181144780217757,1.2551448726420305,0.6360355547675364,-0.771154183671157
71485000,0.006293508187365556,0.025188986303173976,-2.287226,22779,0.008476817156152597,0.020077531498309847,-1.873344,22779,True,False,-1.9998389641995518,-1.1292459731160605,-1.4252971448911294,0.8357613294837787,0.7424376474603603,-0.226726165563088
71495000,0.0072139847157587375,0.025371056848252575,-2.181975,21918,0.00824363504581301,0.020429515339380956,-1.933867,21937,True,False,-1.7606802139443019,-0.5041972336001019,-1.4879065464349486,0.5215688928912136,0.87509753593747,0.45205522245467983
71505000,0.006971138630423418,0.023816801515943543,-2.155806,19130,0.006876908402527548,0.019693430884119276,-2.109279,19149,True,False,-1.823776625945767,-0.34878872950614515,-1.8548726789803607,-0.3890456451781967,1.0137024113715456,1.161255349284317
71515000,0.007109196493349456,0.02324302206771463,-2.114992,16540,0.006312203393924754,0.01914079062745335,-2.171367,16559,True,False,-1.7879063512110722,-0.10640871169534608,-2.0064959856994267,-0.7113624504118963,1.1262622652799459,1.737190809114019
71525000,0.007177634197709622,0.023184807687244964,-2.103259,15194,0.0068785244199040295,0.018820428252152764,-2.055152,15213,True,False,-1.7701248268155645,-0.03673054368990444,-1.8544387782806946,-0.10805669857201909,1.043484584708324,1.3136419160739643
71535000,0.006070588367022217,0.02278346973893571,-2.235119,16969,0.007485499293619025,0.018771883506004238,-1.947905,16988,True,False,-2.0577581223702697,-0.8198007928331368,-1.6914660118875622,0.44869356574473335,0.8109797528398751,0.12398350230456606
71545000,0.004102471288897712,0.021391910467020697,-2.463161,20149,0.006318320607655264,0.01735157315196346,-2.060529,20143,True,False,-2.5691154533191956,-2.1740621742613238,-2.0048535136837766,-0.13597026418440017,0.6492977396441653,-0.7032955086636039
71555000,0.004126919257299443,0.02169150259850704,-2.468079,21166,0.005961411361271403,0.01727090890171223,-2.122187,21142,True,False,-2.5627633678624977,-2.2032684497450674,-2.1006836538647984,-0.456054814775487,0.6922721830790227,-0.4834080000966349
71565000,0.004533442117585848,0.021808867455775236,-2.414751,23064,0.005612638802083333,0.017279914539930556,-2.18857,23040,True,False,-2.457140360412212,-1.8865721791071914,-2.1943290933621533,-0.800668209985973,0.8077202680320524,0.10730568320283762
71575000,0.005074626846451027,0.021672036474509507,-2.335074,26402,0.0052027836075517475,0.017258660436727576,-2.264808,26378,True,False,-2.316529427465819,-1.4133984475662762,-2.3043752217374305,-1.1964417668312046,0.9753676549386556,0.9651077459691672
71585000,0.00517958237343718,0.021630399098175854,-2.318632,24395,0.004994206726054266,0.017133269450800917,-2.296786,24472,True,False,-2.289259821025982,-1.3157551817054156,-2.3603781188182382,-1.362448834183402,1.037118136583299,1.2810666851985575
71595000,0.005870721218074656,0.022422094695481336,-2.249906,20360,0.005400718387712175,0.01771853137993445,-2.252963,20443,True,False,-2.1096877219688817,-0.9076155946993665,-2.251229729090056,-1.1349509383620446,1.0870259836972505,1.5364303684179341
71605000,0.007175948010739565,0.023252583597754454,-2.107473,20485,0.0065083737491499075,0.01860404964539007,-2.107277,20586,True,False,-1.7705629329008543,-0.06175601032034358,-1.9538242411843834,-0.3786526828653845,1.1025715927387933,1.6159726490872022
71615000,0.006805984802732538,0.023724404831443988,-2.173737,20201,0.0076692876954853936,0.019185584636569292,-1.945597,20334,True,False,-1.8666869901017886,-0.45527464363770304,-1.6421188221104792,0.46067506275670617,0.8874337582535796,0.5151760210830424
71625000,0.0066816051383835045,0.024674815304884773,-2.222522,18138,0.008448235947676646,0.01975861999890537,-1.855093,18271,True,False,-1.8990033872779435,-0.7449916321440934,-1.432971199969679,0.9305075608379884,0.7908876101194849,0.02117795436871968
71635000,0.006276582974783508,0.024733141931267362,-2.274437,18361,0.007845061490784538,0.01946715592888599,-1.934725,18393,True,False,-2.004236482836983,-1.0532965918306598,-1.594923554365718,0.5171147661857226,0.8000680405318052,0.0681514997968884
71645000,0.0073437089366983855,0.02556664010136533,-2.172747,19336,0.009074131058689929,0.020480094874309605,-1.805218,19373,True,False,-1.7269751909472244,-0.4493953811877435,-1.2649183494629423,1.189423142931642,0.809301616782977,0.11539697675369816
71655000,0.00641533426406063,0.025416028263718728,-2.278507,17549,0.009256967309113651,0.020715838990278016,-1.79264,17589,True,False,-1.968186041661967,-1.0774668930138311,-1.2158268123682903,1.2547191868729746,0.6930276460784968,-0.4795425195111636
71665000,0.007659552037543068,0.025375448972317926,-2.127667,16834,0.008531111091319321,0.020745162629141434,-1.907905,16842,True,False,-1.6449126516594312,-0.18168108700166058,-1.4107192221538447,0.6563451604063099,0.8978375683487356,0.5684092382832949
71675000,0.0078633429938293,0.02535003875754004,-2.101584,14423,0.008695879495530455,0.021170491927101378,-1.908844,14431,True,False,-1.5919635661419358,-0.026783306716485763,-1.36647890214831,0.6514705392216292,0.9042608051170598,0.6012750398395967
71685000,0.008190943180525536,0.025566842281879193,-2.071404,17582,0.009523010970895862,0.021235400352432925,-1.787564,17592,True,False,-1.5068462939281335,0.1524451182732216,-1.1443940835691002,1.281070174235529,0.8601211534417655,0.3754255055551866
71695000,0.00683204396951447,0.0244082746362522,-2.194813,18763,0.0078083484121909625,0.019414029891304346,-1.937352,18768,True,False,-1.8599162821390998,-0.5804376086835293,-1.6047810167423453,0.503477247706324,0.8749665881773135,0.45138520152056655
71705000,0.007389002365184484,0.024405443445810995,-2.125207,19026,0.00718213164809754,0.01872660999579567,-1.997781,19028,True,False,-1.715207025852977,-0.16707201061084873,-1.7729202311078829,0.18977279236121364,1.0288035261984847,1.2385232846076164
71715000,0.006505541584530179,0.02479497747113489,-2.248777,21306,0.007363535761216444,0.01868928707527689,-1.964297,21308,True,False,-1.9447483228696887,-0.9009108600468347,-1.7242132229097769,0.36359794225241954,0.8834806804082763,0.49494929168065593
71725000,0.006919009576367472,0.0248930315695504,-2.201752,24644,0.007079173983607887,0.018714343179420594,-2.0158,24646,True,False,-1.8373208272756711,-0.6216458936737076,-1.8005643661946564,0.09623094025604,0.9773752689775274,0.9753801128432313
71735000,0.0069508539060761185,0.02486033411974182,-2.19645,22465,0.00646161418970045,0.018800692749365737,-2.127603,22467,True,False,-1.8290470148959785,-0.5901591769972526,-1.9663791838826876,-0.484170840692666,1.0757147830267393,1.478554302190109
71745000,0.007212949242220428,0.025844013137835173,-2.198074,22302,0.007114947948890384,0.019769221026675634,-2.075215,22305,True,False,-1.7609492512849678,-0.5998035428747641,-1.7909590557618593,-0.21220954716439894,1.013774000039639,1.1616216473119465
71755000,0.006564852784730913,0.026657789737171464,-2.298671,25568,0.007315737476047084,0.0201822965077627,-2.067376,25571,True,False,-1.9293380521255685,-1.197213810226969,-1.737047063485781,-0.17151502590059572,0.8973603558390812,0.5659674831046861
71765000,0.0062422427159432746,0.026697904082509667,-2.336385,23270,0.006995364929317234,0.020411192669617155,-2.131179,23273,True,False,-2.013158788984222,-1.4211840163257683,-1.8230670990391684,-0.5027348932554099,0.8923398248720863,0.5402789119963889
71775000,0.005360058807030666,0.026776328440538517,-2.438673,21392,0.007055981771441925,0.020061911007244682,-2.101665,21395,True,False,-2.2423683284378018,-2.0286365390344216,-1.8067914756503238,-0.34951916413436673,0.7596474850211116,-0.1386685200973095
71785000,0.005526525817516579,0.02766278925222959,-2.440064,21865,0.007270985685539193,0.020061450882648862,-2.066976,21866,True,False,-2.199116772359521,-2.036897199709063,-1.7490629201809322,-0.1694385099539802,0.7600793147630505,-0.13645897510985677
71795000,0.005893259262677064,0.028237841830849444,-2.412906,21673,0.006928281733031884,0.020059613666774327,-2.122221,21673,True,False,-2.103831874031381,-1.875615371814084,-1.8410789386565205,-0.45623131863095095,0.8506090672640871,0.3267549757307683
71805000,0.006492780677794639,0.02833500060698027,-2.350286,19770,0.007010290945877593,0.019885966767830044,-2.098675,19770,True,False,-1.948063869125195,-1.5037371752317308,-1.819059463277933,-0.33399720743341366,0.9261784892983256,0.7134213431531394
71815000,0.007311951713138646,0.028993043557168786,-2.279794,18183,0.007176785293955892,0.019788596381235223,-2.065401,18183,True,False,-1.735226371356335,-1.08510993419878,-1.7743557273076658,-0.16126222841418125,1.0188338390583578,1.1875113460875117
71825000,0.00848474706375839,0.02919012038590604,-2.163016,21456,0.007674847035794183,0.02011853835756898,-2.005172,21456,True,False,-1.430509997057243,-0.3916063883588865,-1.640626139120327,0.15140396895762126,1.1055265367748661,1.631092223190164
71835000,0.007783643172206812,0.0283905834204902,-2.21335,21991,0.007541162020826702,0.019885773270883544,-2.012538,21991,True,False,-1.612671220434951,-0.6905223440723378,-1.6765205684584148,0.1131649278006909,1.0321543484559066,1.255668450407195
71845000,0.006705532265523184,0.02735143931559255,-2.301903,23787,0.0075679807457855125,0.02005534342287804,-2.018898,23787,True,False,-1.89278662710274,-1.2164075235989595,-1.6693197402413869,0.08014832424950068,0.8860398157404652,0.5080436297872963
71855000,0.0062383561480667035,0.027072908832691953,-2.346544,21828,0.00804270973062122,0.02055007879787429,-1.973245,21828,True,False,-2.0141685993242704,-1.481514750900668,-1.5418549978013123,0.3171462805266252,0.7756535243731657,-0.0567703537956772
71865000,0.005740729167473754,0.027205878898229573,-2.406266,25813,0.008345692542976615,0.020953676397707913,-1.951388,25828,True,False,-2.1434623326252757,-1.8361827428567727,-1.4605041062942028,0.4306123031395771,0.6878673205263127,-0.5059463781390068
71875000,0.004780868371776321,0.026721216614179928,-2.503809,23498,0.008035514141113427,0.021016357929655935,-2.002829,23513,True,False,-2.392853926258559,-2.4154563763481898,-1.5437870137359044,0.16356716111492187,0.5949673272697232,-0.9812881494418662
71885000,0.005110376813559322,0.02670922015819209,-2.465748,22125,0.007968096341463416,0.020820955329719965,-2.001465,22140,True,False,-2.307240850091433,-2.189425459067434,-1.5618886943637245,0.17064808049288235,0.6413547972514541,-0.7439371941358481
71895000,0.006553396616947687,0.027271096411586683,-2.31589,18504,0.008974268319023706,0.020667134024515362,-1.833746,18519,True,False,-1.9323146003429725,-1.2994714063137065,-1.2917314971693556,1.0413260256190051,0.7302429996499836,-0.28912256934525776
71905000,0.007341033685144999,0.02747212053659499,-2.234183,20276,0.00845327430880686,0.01992052545463506,-1.865967,20291,True,False,-1.7276702763713396,-0.8142422174258998,-1.431618399899961,0.8740574748292398,0.8684248750211385,0.4179131913512774
71915000,0.009256747015184886,0.02734910328039875,-2.01643,17254,0.00829283331401414,0.018894168424713108,-1.817929,17254,True,False,-1.229928517915594,0.4789164050652718,-1.4746968103853897,1.12343665743806,1.116234544295231,1.685881928586548
71925000,0.010685173038122544,0.02821797435489009,-1.894258,18834,0.0086928405312085,0.018816467516600266,-1.743512,18825,True,False,-0.8587940327438831,1.204453023284042,-1.3672948641328446,1.5097568754363229,1.229192345098394,2.26385356490249
71935000,0.012206842681972346,0.028412087138012,-1.738929,19165,0.00987194299436208,0.01922310821674671,-1.576542,19156,True,False,-0.46343293542210445,2.1268974243849756,-1.0507058279096995,2.3765465444524074,1.2365187571427163,2.3013406470470925
71945000,0.013682898902394776,0.028878260114296082,-1.604581,22048,0.010915173145036781,0.02031786617927527,-1.500378,22022,True,False,-0.07992314446747079,2.92474303208932,-0.7705985104525813,2.7719359458475155,1.2535668212113065,2.388570545431111
71955000,0.014384662423121586,0.028980849640875665,-1.53596,23251,0.011980174976319643,0.02123614014466546,-1.413329,23226,True,False,0.10240946414855051,3.332259060956738,-0.48464549629302334,3.223832537439904,1.2007055365680988,2.1180949964582942
71965000,0.013307062066166024,0.028512912644611327,-1.626454,24635,0.012040241753331167,0.021547139543386416,-1.430852,24616,True,False,-0.17757329119012694,2.7948469638388276,-0.4685175653986648,3.132865565108534,1.1052155213149575,1.6295008491283034
71975000,0.01185436062920229,0.027990728314103094,-1.758101,24094,0.011766785085533965,0.021392964208603222,-1.459182,24084,True,False,-0.5550150286396764,2.013041646919679,-0.5419406864692144,2.985796323189473,1.0074426058631758,1.1292257771169494
71985000,0.009970696341216898,0.027976800202142715,-1.962849,24735,0.010834364706358195,0.02150245336515127,-1.608961,24724,True,False,-1.0444297862342369,0.7971151538848045,-0.7922955779419727,2.208250118269066,0.9202843555160692,0.6832628049860227
71995000,0.007049130403879923,0.02721536474621624,-2.259666,23918,0.0090701846681157,0.020773971702056512,-1.826877,23924,True,False,-1.8035127577267605,-0.9655768083474625,-1.2659779554153494,1.0769849957122644,0.7771760622095863,-0.048979978288965546
72005000,0.004852941989503626,0.025829155282240293,-2.47654,24961,0.007041244212128496,0.019389176960666506,-2.064995,24966,True,False,-2.374127716724323,-2.253515358420943,-1.8107485106367842,-0.15915456472836673,0.6892165423185389,-0.4990428095367375
72015000,0.00447451212255237,0.025889886695347995,-2.522454,24871,0.0063887766962957004,0.018847906648433416,-2.143313,24863,True,False,-2.4724515862067,-2.5261824858224484,-1.9859360523979523,-0.5657260044959995,0.7003707180979972,-0.4419701932041729
72025000,0.0047898275247796095,0.02605171758096195,-2.48842,21893,0.006654895362120173,0.019500347681060088,-2.135487,21885,True,False,-2.390526153882492,-2.32406650782047,-1.9144831850118333,-0.5250989700004616,0.7197449793190476,-0.34283783244003324
72035000,0.004609801580753029,0.025932567724844747,-2.507169,23027,0.006262400043440487,0.01880272141615986,-2.162166,23020,True,False,-2.437300600007779,-2.435410236784421,-2.0198681863547683,-0.663597392349867,0.7361078099093235,-0.2591140709664698
72045000,0.004277954169451871,0.02536396849933155,-2.534967,23936,0.005904502779054703,0.01821890350620586,-2.191279,23929,True,False,-2.5235213886038403,-2.600492800000585,-2.1159636093901426,-0.8147314142344297,0.7245240335269622,-0.3183848264417646
72055000,0.004243298458045597,0.025912286396745816,-2.549565,21142,0.005985975580900099,0.01816883881501112,-2.173318,21131,True,False,-2.532525655821386,-2.6871851972172753,-2.0940881603764523,-0.7214906569415148,0.7088733324581221,-0.398464831912231
72065000,0.003827140598660531,0.02595145573830243,-2.599354,21949,0.005772515151515152,0.018044773615857827,-2.204454,21945,True,False,-2.640652034375733,-2.982864589258777,-2.151402290168035,-0.8831266582260862,0.6629935995327783,-0.6332178469678932
72075000,0.003550959340268164,0.025841866234228534,-2.630507,25283,0.005536553542466079,0.017564475097907352,-2.220119,25279,True,False,-2.7124096105480904,-3.1678713196664767,-2.214757987173969,-0.964448213985425,0.6413663866937886,-0.7438778943893721
72085000,0.003601741690603201,0.02571416590069758,-2.622266,24370,0.005607031026840679,0.01803190338996963,-2.233897,24366,True,False,-2.6992153105670225,-3.11893091375726,-2.19583478113307,-1.0359738057666041,0.6423616479669504,-0.7387854370068708
72095000,0.00492159676354029,0.026871321994715987,-2.490999,24224,0.0062991097853014036,0.01885369426094137,-2.158976,24220,True,False,-2.356289793158442,-2.3393822834350635,-2.0100116198909306,-0.6470371776756062,0.7813162385301717,-0.027795921361236747
72105000,0.005245406533722439,0.027132846344033724,-2.460072,24672,0.007036053056095979,0.019869964858949415,-2.094377,24672,True,False,-2.2721573491814206,-2.1557176876876585,-1.8121423361409925,-0.31168504358702775,0.7455041188437118,-0.2110359390311455
72115000,0.005858826322930801,0.027497569997605553,-2.399942,25058,0.007774823888578498,0.02103130034320377,-2.044105,25058,True,False,-2.11277826058586,-1.7986267269642962,-1.6137823520392995,-0.050708519416358094,0.7535638629111113,-0.16979661395752768
72125000,0.006733598999422744,0.02831796090051953,-2.324729,25985,0.008721128150856263,0.022331453646334425,-1.976751,25985,True,False,-1.885494311876753,-1.3519631242886576,-1.3596996376608548,0.29894561825453797,0.772101829367296,-0.0749433259998262
72135000,0.007254048053286813,0.02909529977797161,-2.289542,25222,0.00948123602410594,0.0230442314645944,-1.908951,25222,True,False,-1.7502709341433331,-1.1429998840596043,-1.1556106576631975,0.6509150712059091,0.7650951874674857,-0.11079423895244261
72145000,0.00656191049673745,0.02880568506015917,-2.355281,26513,0.010464565455506876,0.023213006798610065,-1.781389,26476,True,False,-1.9301025191138101,-1.533400726683805,-0.8915866845943476,1.31312638916141,0.6270600078557785,-0.8170794008631856
72155000,0.006320421440847894,0.028492818712403323,-2.373602,27928,0.010320028790649312,0.02275515567745868,-1.772642,27891,True,False,-1.9928463469305653,-1.6422027139017104,-0.9303947821567761,1.3585346016240294,0.6124422294804691,-0.8918742466091982
72165000,0.005924533037493888,0.028207454589898838,-2.409419,26591,0.010270847932514876,0.022461396173834452,-1.760365,26554,True,False,-2.0957063035575607,-1.8549073029625573,-0.9435998436030606,1.4222680673155343,0.576829982920722,-1.0740915726431122
72175000,0.0055223058409299185,0.02787888144503931,-2.445098,20733,0.010390277106687282,0.02227551246617704,-1.729932,20696,True,False,-2.2002132091457303,-2.0667923584697725,-0.9115331078190955,1.5802545918239277,0.5314878308082572,-1.3060939457788485
72185000,0.005242507968786947,0.026997259730432727,-2.456932,21145,0.009600601478112564,0.021310487256016676,-1.781517,21108,True,False,-2.272910456019154,-2.1370703300180884,-1.123561030745089,1.3124619040584924,0.5460603672320749,-1.2315305897090507
72195000,0.006026720102564102,0.027118500666666663,-2.371144,19500,0.007667328512820512,0.020671572974358975,-2.039176,19500,True,False,-2.069156000512783,-1.627605514808779,-1.6426448626973178,-0.025120651664184396,0.7860260705520633,-0.0036971048022154417
72205000,0.006522340097067327,0.028017364363899216,-2.339041,19368,0.007450494010739364,0.021121077034283352,-2.098101,19368,True,False,-1.940383723512066,-1.4369570679086927,-1.7008649310789872,-0.3310174070500208,0.875423842723158,0.4537248377050134
72215000,0.007258180647008302,0.02886884464166428,-2.28261,20958,0.007393318355093872,0.021880447679405318,-2.146704,20986,True,False,-1.7491972012242882,-1.101833169612002,-1.7162165958255944,-0.5833296684334355,0.9817216435712576,0.9976192253092909
72225000,0.006778999650810895,0.02886164340032591,-2.333621,25774,0.007354460930538875,0.021987851780110795,-2.158488,25813,True,False,-1.873698288065349,-1.4047695906573936,-1.7266498151380856,-0.6445038282207359,0.9217534384691041,0.6907796676746739
72235000,0.006466938199549333,0.028775681356433085,-2.364671,27071,0.007231333456289192,0.02232678177794172,-2.19303,27110,True,False,-1.954778276945495,-1.5891646402243387,-1.759709544570794,-0.8238213627907383,0.8942940107297841,0.5502779026797082
72245000,0.005841469893878806,0.02827869244078745,-2.41994,26008,0.0072594846623411525,0.02225907213882597,-2.185608,26047,True,False,-2.117287818138854,-1.9173878284535006,-1.7521509451521542,-0.7852916094012848,0.8046672960384708,0.09168452905313912
72255000,0.006149870310650283,0.028256950647018,-2.386006,24497,0.007190277062275839,0.022043890365177697,-2.185253,24536,True,False,-2.0371590413823006,-1.715865715345459,-1.7707331872292287,-0.7834487014986616,0.855303663180922,0.3507758336494115
72265000,0.005777299704006336,0.02743753324717555,-2.407451,23987,0.007023444787065589,0.0209874474539545,-2.157554,23998,True,False,-2.1339605544228877,-1.8432200418499074,-1.8155276566415515,-0.6396551634853882,0.8225735204248833,0.18330537980686143
72275000,0.0062488089230471775,0.02734441381477185,-2.352213,20688,0.007074161397911833,0.0207023594837587,-2.134083,20688,True,False,-2.0114527532120468,-1.5151809517378647,-1.8019102455597586,-0.5178103990278404,0.8833285772772608,0.4941710249748883
72285000,0.007518604776152482,0.028303619514627662,-2.238699,18048,0.0076844971203898545,0.020880499003211872,-2.048267,18058,True,False,-1.681533651594015,-0.8410611560360239,-1.6380350912028758,-0.0723146678408951,0.9784120754242723,0.980685144583468
72295000,0.008146363429764757,0.029191113260856213,-2.197503,16281,0.008313942827442827,0.021786710040357097,-2.004,16354,True,False,-1.5184290308581558,-0.5964125743303936,-1.469028905584603,0.1574881606812052,0.9798435710761781,0.9880096841763811
72305000,0.007713894363865157,0.028734607258758857,-2.229508,15099,0.008196105245944533,0.0218127071559393,-2.022677,15288,True,False,-1.6307933966341661,-0.7864790336344207,-1.5006682987020037,0.06053043984384952,0.9411658504119411,0.7901072343913101
72315000,0.008690609178190787,0.0298828122082269,-2.160223,11353,0.008499220729202329,0.023104663129065388,-2.04712,11684,True,False,-1.3770227820182028,-0.37501974187127024,-1.4192817850548014,-0.06636025836397436,1.0225183525744743,1.2063639113003293
72325000,0.008379715337734892,0.029825530387675638,-2.190465,11814,0.00850303303178687,0.023608826541621712,-2.072342,12049,True,False,-1.4577994015755535,-0.5546163630952189,-1.4182581817304534,-0.19729497137783059,0.9854972109844828,1.0169376863657835
72335000,0.008852674427198818,0.03028395103473762,-2.155479,10824,0.00923397889908257,0.02444835366972477,-2.015191,10900,True,False,-1.334914894182946,-0.3468467913029765,-1.2219992009464444,0.09939243578476177,0.9587063739206036,0.879856901984485
72345000,0.01070966226031377,0.030877100813480534,-1.990511,13768,0.01092680952035411,0.02403911965749946,-1.767345,13781,True,False,-0.8524312287034578,0.6328402469243922,-0.7674741434344761,1.3860328640470894,0.9801271121606134,0.9894604799901154
72355000,0.014064182509964971,0.034047592825220435,-1.789511,16558,0.01214276013123519,0.026207023999027888,-1.739793,16459,True,False,0.019142185572482533,1.8265086837345657,-0.44099137876939687,1.5290632824499832,1.1582360483089218,1.9007911940814168
72365000,0.014918150037660055,0.03433634511674617,-1.724702,19915,0.012254950403983942,0.026328516388027846,-1.733437,19679,True,False,0.24102052834634996,2.2113865828451664,-0.4108682881703461,1.5620591208417078,1.217316231064496,2.203087004182989
72375000,0.016741341576086956,0.03593582554347826,-1.629214,22080,0.013246955560619873,0.027611526709206927,-1.687436,21940,True,False,0.7147232207629377,2.778456292766211,-0.14451488269293547,1.800863645992387,1.2637878567249883,2.4408685591909594
72385000,0.01762005665885607,0.03635304743978796,-1.57205,26033,0.013712343994778067,0.028204971356166487,-1.667036,26044,True,False,0.9430314877780124,3.117933220735449,-0.01955807830675857,1.9067659592697908,1.2849777299611311,2.5492908692973892
72395000,0.01801718051895022,0.03685009595753369,-1.55918,26939,0.013868733432282003,0.028824539925788498,-1.683434,26950,True,False,1.0462124414982024,3.1943636325849356,0.022432488961187026,1.8216391880382767,1.2991222743536155,2.621664316809115
72405000,0.016997608127781706,0.03590620489996257,-1.606403,24041,0.013635692032601463,0.02812481141882901,-1.671229,24048,True,False,0.7813065461873526,2.913922813721817,-0.0401391317677107,1.8849988808593905,1.246552656597279,2.352681140976228
72415000,0.015587447991848519,0.034928083255498,-1.689044,23554,0.013633714807267787,0.027421221981660724,-1.631019,23556,True,False,0.41491791446604814,2.423146926724655,-0.04067001681150083,2.0937406463929404,1.143301602842627,1.8243760565499514
72425000,0.01414291587469201,0.033310029259063706,-1.755052,22728,0.012651930909892048,0.025999172769332453,-1.665107,22695,True,False,0.039598734469366945,2.031148587535769,-0.3042790139619913,1.9167799574223456,1.1178464358854678,1.694129500806872
72435000,0.01101472584173483,0.031005392619364656,-1.966185,21028,0.010789308667270216,0.02374669895649688,-1.769369,20987,True,False,-0.7731694304603123,0.7773038210231192,-0.804393125387294,1.3755256933572133,1.0208926430243326,1.198045636668662
72445000,0.00943757129933819,0.02922957610817502,-2.064756,21003,0.009269628354864851,0.022744331839633883,-1.920967,20977,True,False,-1.1829466465914054,0.19192525642204625,-1.2124273213170809,0.5885365321695715,1.018117548842743,1.183846301043678
72455000,0.009391482281113127,0.029230562358978897,-2.069788,22603,0.00931841342192691,0.02296606042081949,-1.92709,22575,True,False,-1.194921522277197,0.16204197495921688,-1.1993285297820768,0.5567502643167513,1.0078413412109706,1.1312659878840086
72465000,0.009037440952625278,0.029135323413716434,-2.10372,23388,0.009760538955479452,0.023183380950342464,-1.8777,23360,True,False,-1.2869087474242296,-0.03946826085094694,-1.080617814699115,0.813148070825133,0.9259161808428381,0.7120791884178345
72475000,0.008321760124218388,0.028181586176507616,-2.149116,23829,0.009663553868098675,0.022478901115959054,-1.848873,23836,True,False,-1.472857359065875,-0.30905916810186435,-1.1066583127061982,0.9627973838078642,0.8611490387289281,0.3806848903620994
72485000,0.008104383216724622,0.02799738003267837,-2.166857,23869,0.009425188677665187,0.02222375739050331,-1.867625,23882,True,False,-1.5293363543763925,-0.4144167389349455,-1.1706593713645372,0.8654503162305166,0.8598642949110961,0.3741112364722443
72495000,0.006677252551020409,0.027710325147007955,-2.314655,23128,0.009138916803597682,0.021594724249762172,-1.87038,23126,True,False,-1.9001342790736875,-1.2921371748736048,-1.2475233755889268,0.8511483126482013,0.7306393847892128,-0.2870943838998736
72505000,0.006240286085498743,0.027927401718357083,-2.368193,23860,0.008938052179379714,0.021224955699916177,-1.877201,23860,True,False,-2.013667161851309,-1.6100805617887453,-1.3014555314275391,0.8157385244685362,0.6981706931511568,-0.4532270697493975
72515000,0.005968159519330441,0.028287020962106963,-2.406471,26047,0.007969478481207048,0.02037906499788843,-1.974781,26047,True,False,-2.084371245517269,-1.837400165889339,-1.5615175898134108,0.30917245929162074,0.7488770480281804,-0.19377765862851795
72525000,0.0057562863478596215,0.02904273378326263,-2.445523,25930,0.0076773483995372154,0.020231276436559968,-2.012309,25930,True,False,-2.1394202569136063,-2.0693162842689974,-1.6399545229025707,0.11435373318012862,0.7497753193285596,-0.1891814702321055
72535000,0.006049363265764081,0.02974713463983843,-2.429925,26738,0.007798477560026928,0.02027800736779116,-1.99587,26738,True,False,-2.0632728405997476,-1.9766852381129507,-1.6074313407565575,0.19969334729617044,0.7757107998581191,-0.05647729209012064
72545000,0.0066494929069767445,0.030120697674418606,-2.376789,25800,0.007819386937984497,0.020305134457364343,-1.994096,25800,True,False,-1.9073468060336118,-1.661129188071432,-1.601817172333987,0.20890269551941104,0.8503854534522752,0.3256108100352889
72555000,0.006267914289242929,0.029539669795397475,-2.402739,24291,0.0074827670410136165,0.020084760993870583,-2.034523,24309,True,False,-2.006488785786912,-1.8152371280476705,-1.6921996217697357,-0.0009655799151775838,0.8376465891411577,0.2604298114822685
72565000,0.00686634645952135,0.029647493242333078,-2.343304,22271,0.007472331284490107,0.02079886544932478,-2.07745,22289,True,False,-1.8510037891122437,-1.4622735283371588,-1.6950016226163802,-0.2238120800161133,0.9189028427812662,0.6761940131872445
72575000,0.007010436948835697,0.029074797456008453,-2.314495,24607,0.007211774416243655,0.02093364081218274,-2.125667,24625,True,False,-1.813566113859142,-1.2911869910433074,-1.7649611472355067,-0.4741205035110449,0.9720821179660765,0.9482966256506408
72585000,0.008061921312439609,0.029431939503423935,-2.214407,23803,0.007636855337727216,0.02117626707526972,-2.073303,23821,True,False,-1.5403688311957517,-0.6967994960012343,-1.6508269108525246,-0.20228380093957604,1.0556598175445988,1.3759389791796075
72595000,0.0076264743232484075,0.02911956066878981,-2.25116,25120,0.007491754515076775,0.021348736733232555,-2.104987,25138,True,False,-1.653506922744019,-0.9150626604693157,-1.6897864847942383,-0.36676462907100976,1.017982410915963,1.1831548402670515
72605000,0.008504695091082617,0.029302184281505456,-2.164643,24099,0.007724051889335932,0.021551229955618235,-2.080624,24109,True,False,-1.425327088924596,-0.40126857018321593,-1.627414634906673,-0.24028923405250943,1.1010665403250934,1.6082717413136591
72615000,0.008651130899298044,0.02958459339543508,-2.157865,22651,0.007674619654913729,0.02163833855522704,-2.092523,22661,True,False,-1.3872800515421722,-0.36101640767227544,-1.6406871908915241,-0.3020603921744624,1.1272390409287705,1.7421886810276948
72625000,0.009200632447808197,0.030830043632854166,-2.139269,19687,0.009874797987498095,0.023445959089292066,-1.876716,19677,True,False,-1.2445082376487522,-0.25058129199604623,-1.04993926219247,0.818256300053807,0.931728675306227,0.7418200023518483
72635000,0.008820011769710721,0.03123013116846285,-2.188325,21156,0.010251063652700274,0.02397564527570226,-1.856285,21146,True,False,-1.3434013249651677,-0.5419076543649997,-0.9489119231505172,0.9243195433170741,0.8603996686126719,0.3768505852568363
72645000,0.008857782914528402,0.031512167227039464,-2.19257,22604,0.01079340190391853,0.02389366057117556,-1.778089,22585,True,False,-1.3335876040155683,-0.5671172191125581,-0.8032940912608983,1.3302576457209894,0.8206664583955311,0.17354750780666725
72655000,0.008314553028160478,0.03181151100965618,-2.252959,24751,0.010573251678666774,0.02426246513227085,-1.830051,24722,True,False,-1.4747299109811183,-0.9257462899112144,-0.862404431383802,1.0605078416758684,0.7863761575766155,-0.001905813107487755
72665000,0.0081090307860262,0.03129698548034934,-2.260077,27480,0.011023722851626535,0.024147652070962807,-1.763041,27451,True,False,-1.5281288202007732,-0.9680175930615353,-0.7414529119439988,1.4083761756326743,0.7355982089870596,-0.2617215480668976
72675000,0.009060623910004659,0.031375106103973906,-2.169703,30046,0.011009485059529731,0.023992581268862136,-1.755568,30153,True,False,-1.2808853378716232,-0.43131813381634937,-0.745275759422255,1.4471706848053234,0.8229834420967626,0.18540282768361563
72685000,0.009050918237601215,0.030575194300354252,-2.147668,31616,0.010755906510482445,0.0241857937926244,-1.801584,31672,True,False,-1.2834070713550902,-0.3004600044376803,-0.8133616051892374,1.2082882903066459,0.8414835354677367,0.280062330273013
72695000,0.009758230909350669,0.031094407850560755,-2.09316,27998,0.011068063371491743,0.024905961306658106,-1.802463,28041,True,False,-1.099632679073091,0.023243871948631794,-0.7295474814250811,1.2037251465139585,0.8816565809051258,0.4856159143738848
72705000,0.009828301584259616,0.030747444966142838,-2.075588,31308,0.010840564332036317,0.024716253891050585,-1.821429,30840,True,False,-1.0814268753140108,0.1275978111109616,-0.7906309783166513,1.1052671429051717,0.9066226889327859,0.6133601003140136
72715000,0.01002735723407569,0.0305447336240461,-2.049267,32105,0.010606145987959099,0.025052582996209345,-1.870951,31393,True,False,-1.0297081198946179,0.28390898984370244,-0.8535723086450958,0.8481840861344069,0.945428928232697,0.8119201419221326
72725000,0.00936352026569503,0.030467816496308003,-2.113144,31013,0.010116458752315427,0.025352020772691188,-1.949794,30232,True,False,-1.2021866294860508,-0.09543408845542058,-0.9850533417425674,0.43888721918684026,0.9255729198274973,0.7103228233920521
72735000,0.009294447318232008,0.030993725231706095,-2.135815,29887,0.011987148677847516,0.026160210824158866,-1.757774,29157,True,False,-1.2201332031162768,-0.23006919855951674,-0.48277305728571923,1.435718699359738,0.7753676514756447,-0.058233080806860106
72745000,0.008675582594835831,0.03074461797896079,-2.189885,31370,0.012277450166329657,0.02586467523318766,-1.704439,30662,True,False,-1.3809269976988034,-0.551171946710392,-0.40482710150601814,1.712596144391617,0.7066273922763064,-0.4099566431259934
72755000,0.008174482892527288,0.030749744122586062,-2.239563,28584,0.012786614174059992,0.025644616920152092,-1.626661,28404,True,False,-1.5111230155881354,-0.8461921487196258,-0.26811655469252665,2.1163642876313196,0.6393000352752284,-0.754450803051698
72765000,0.007520089908193553,0.031087763788223925,-2.312644,28974,0.013344354723216746,0.025096058317267973,-1.519201,29048,True,False,-1.6811477837180282,-1.2801945518565638,-0.11836320548159791,2.674220296689644,0.5635409178017403,-1.1420877858954497
72775000,0.007153080193092093,0.03038359783706919,-2.332164,26723,0.012886847738317758,0.024267722056074765,-1.52128,26750,True,False,-1.7765044626639015,-1.396116979152756,-0.24120384057546407,2.663427605057109,0.5550682632668283,-1.1854398516285287
72785000,0.006357578236831955,0.02961120494578494,-2.394964,23333,0.010947669434931508,0.023005496960616437,-1.699774,23360,True,False,-1.9831922464544243,-1.7690641325441918,-0.7618732559305244,1.736813511619024,0.5807243518466476,-1.0541652394059995
72795000,0.005926602425292335,0.028682062089058623,-2.419723,25399,0.009486037599307795,0.022111845001179894,-1.851893,25426,True,False,-2.095168634008796,-1.91609914163366,-1.1543214346202375,0.947119688410915,0.6247711294887556,-0.8287909140628954
72805000,0.006197112050324356,0.028889420169058384,-2.39571,25435,0.009180839064649244,0.0221514602868933,-1.899073,25445,True,False,-2.024884664935073,-1.7734943646529495,-1.2362672476124725,0.7021946325075857,0.6750049757637395,-0.5717591896175042
72815000,0.007632345832014113,0.029182029806865985,-2.251927,22109,0.007446494187887285,0.021958922022705683,-2.142966,22109,True,False,-1.6519813839006003,-0.9196176042057989,-1.7019388835991234,-0.5639246269123098,1.0249582742479193,1.2188482683970217
72825000,0.007047564063132335,0.029337324443545126,-2.31725,24710,0.007630786564144071,0.021820852448401457,-2.108961,24710,True,False,-1.803919725296396,-1.3075479688712282,-1.652456376687585,-0.38739481500063694,0.9235698055358786,0.7000734803929602
72835000,0.007610833049725847,0.030194051616562675,-2.281375,26445,0.009054408702555573,0.022400339407228187,-1.932444,26452,True,False,-1.6575708475836735,-1.0944989381719006,-1.270213802500947,0.5289560983712989,0.8405665460603428,0.2753703668627178
72845000,0.008544372712290745,0.030934022248243563,-2.207451,23058,0.009967734576197703,0.023004329026663776,-1.837808,23065,True,False,-1.4150180261635912,-0.655490253979086,-1.0249857861666605,1.020239006181122,0.8572030732734545,0.36049455295352595
72855000,0.008057856079970787,0.0306465816596677,-2.24781,21908,0.010136594022359115,0.02315577659137577,-1.823227,21915,True,False,-1.5414250622747097,-0.8951681865224784,-0.9796470213111991,1.0959332037251341,0.7949273752304684,0.04184823685408649
72865000,0.006116621985903302,0.02953964552161906,-2.418356,24261,0.010149509559914291,0.022526904895335417,-1.781937,24268,True,False,-2.0457976405744485,-1.907981008533565,-0.976179199205255,1.3102815623145454,0.6026519754275649,-0.9419680791260526
72875000,0.006628372630495864,0.029358259527484273,-2.36138,25269,0.009272501780344992,0.02200172032758348,-1.876377,25276,True,False,-1.912834288628122,-1.5696205465649247,-1.2116558065150644,0.8200161473185643,0.714841882753378,-0.3679255264720134
72885000,0.005818532392719987,0.028605826348305226,-2.429397,23956,0.007814875647019536,0.02114259041576223,-2.04415,23956,True,False,-2.1232474531125973,-1.9735496314729712,-1.6030284540532187,-0.050942127460352746,0.7445457427002155,-0.21593966612147714
72895000,0.005907047998445395,0.028729272055965798,-2.422873,25730,0.007810352817722503,0.021079992188107268,-2.041495,25730,True,False,-2.1002492766351057,-1.9348058857926267,-1.604242833814855,-0.037159252864689074,0.7563100075379039,-0.15574540463668288
72905000,0.007046315734797611,0.029024354060772455,-2.309668,26953,0.008453224761622082,0.021368183615924016,-1.960295,26953,True,False,-1.804244066694826,-1.2625211326130443,-1.4316317033201191,0.3843734842983106,0.8335654065165895,0.23954760783759688
72915000,0.007871247493936945,0.02947302833468068,-2.235402,24740,0.009142649929250051,0.021916292217505556,-1.890196,24735,True,False,-1.5899098142983807,-0.8214814304829742,-1.2465210312725368,0.7482777126528561,0.8609372069201171,0.3796010096890362
72925000,0.007897714790509843,0.02940067987548376,-2.230546,23772,0.010350113981571086,0.022479516977321496,-1.749857,23767,True,False,-1.583033065814572,-0.7926433512334695,-0.9223169077598051,1.4768181412331303,0.7630558276529258,-0.12122903956539134
72935000,0.007846624047724616,0.029302871740094324,-2.233227,24809,0.010120498084909084,0.022463208200620893,-1.78203,24803,True,False,-1.5963074925025147,-0.8085648690398775,-0.983968780855984,1.3097987723569577,0.7753199478813108,-0.0584771659809631
72945000,0.00767733570146575,0.028894498279988034,-2.2397,26744,0.009700266923479693,0.021930372952352457,-1.808801,26738,True,False,-1.6402920896923245,-0.8470057436243176,-1.0968008565621434,1.1708227513398308,0.7914561281692778,0.024086892973911818
72955000,0.006969276128538638,0.028597153442999235,-2.306713,26140,0.008876317962651155,0.02111821996020205,-1.880018,26132,True,False,-1.824260542275377,-1.2449724249972527,-1.3180311699210867,0.8011146609144943,0.7851539521075328,-0.008159476775311555
72965000,0.006657933352495239,0.0283939875687134,-2.334974,27833,0.008267121954725117,0.0206608987782968,-1.945582,27830,True,False,-1.905153804539783,-1.4128045826723394,-1.4816003108967262,0.4607529321047048,0.805350808776912,0.0951818614469247
72975000,0.00668555433834957,0.028609021530647056,-2.337293,26381,0.007804619000682387,0.020442176889832436,-2.004896,26378,True,False,-1.8979773038317516,-1.4265763095627013,-1.6057823638110482,0.15283676496078585,0.8566150811160708,0.3574859711032454
72985000,0.007037365689844109,0.028586501113507017,-2.299358,28289,0.0075840517198713184,0.020630860536642273,-2.051119,28287,True,False,-1.806569472612068,-1.2012936620483032,-1.6650046833604228,-0.08712022654026474,0.927916363149949,0.7223135293199343
72995000,0.006865623901847926,0.028697487503786732,-2.320362,26408,0.0073065471105051875,0.020769330455199575,-2.102223,26406,True,False,-1.8511915244697823,-1.326029044370497,-1.7395146768275982,-0.3524159038798949,0.9396536829245496,0.7823699208914271
73005000,0.006281785736759308,0.028627682258346443,-2.380974,28605,0.0072986540115364444,0.02108919720328614,-2.121017,28605,True,False,-2.0028846981758575,-1.6859824338826297,-1.7416339740671654,-0.44998100563163757,0.860677287460147,0.37827107873675936
73015000,0.006587820181112549,0.02915967101480523,-2.361151,27828,0.0071939844709410245,0.021655404255319147,-2.16606,28012,True,False,-1.9233706497575394,-1.5682605959578124,-1.7697377479244398,-0.6838122750901707,0.9157401169995596,0.6600112813858618
73025000,0.007011940938511326,0.02968876145631068,-2.330122,30900,0.007548613414830305,0.02180317307382982,-2.120893,31085,True,False,-1.8131753463815092,-1.3839902580185928,-1.674519869011303,-0.4493372856881866,0.9289044958555421,0.7273695119319205
73035000,0.006928510920117573,0.030029208617033152,-2.346486,26877,0.007491883489764245,0.02180422282166876,-2.129022,27062,True,False,-1.8348521825824857,-1.481170309262185,-1.6897518550879325,-0.4915372810132846,0.9248022783033962,0.70637967878822
73045000,0.0069143418347383774,0.030132661437769003,-2.350447,28113,0.007425315110608523,0.022308135027210404,-2.164062,28298,True,False,-1.8385336026372303,-1.504693297710966,-1.7076254662951222,-0.6734400779368253,0.9311849708384604,0.7390380275021877
73055000,0.007036700755287009,0.02997731170694864,-2.334221,26480,0.007692287567972998,0.022596372998312395,-2.139384,26665,True,False,-1.8067422362978027,-1.4083327800210057,-1.635943355862507,-0.545329426610367,0.9147734913843394,0.6550653441901894
73065000,0.00675624872468117,0.02988209069767442,-2.360575,26660,0.008785024267656876,0.02297988402535539,-2.003617,26661,True,False,-1.8796094470058518,-1.5648399341687438,-1.3425435289523677,0.15947642470008874,0.7690643211487888,-0.09048535658904594
73075000,0.005293246553688931,0.02916980549939345,-2.496707,27203,0.008770000073529412,0.023303333713235296,-2.023006,27200,True,False,-2.2597275271985127,-2.3732800915808956,-1.3465775253924412,0.05882250547775678,0.6035628858961581,-0.9373072198465098
73085000,0.005363765943816266,0.029297901342131394,-2.492118,31219,0.00892669240133265,0.02325909411840082,-1.999145,31216,True,False,-2.24140513798881,-2.3460276315982016,-1.3045056320727455,0.1826918729832543,0.6008682390596901,-0.9510949302152778
73095000,0.005276411448956458,0.0293103850436754,-2.50136,29994,0.009212177519922643,0.022784708512553764,-1.932441,29991,True,False,-2.264101633961738,-2.400912625095712,-1.2278528717106596,0.5289716722408984,0.5727648471325556,-1.0948916693750523
73105000,0.006366830128309771,0.030221184400404846,-2.407954,30629,0.009638102559916411,0.023175027590935805,-1.894991,30626,True,False,-1.9807884145965993,-1.8462071822664032,-1.1134919894898856,0.7233854777427992,0.6605895806492631,-0.6455185001141147
73115000,0.006031119306366137,0.029901103944455623,-2.435244,29814,0.00939771673546092,0.0228697307292191,-1.910992,29799,True,False,-2.0680129968065946,-2.0082729118213756,-1.178035588425746,0.6403196485883024,0.6417643217111008,-0.741841778676531
73125000,0.006533561415655291,0.03006760597051397,-2.387231,24554,0.009595605451878413,0.0226710285225328,-1.870509,24542,True,False,-1.9374681939500054,-1.7231405602961667,-1.1249024638943208,0.8504786362554175,0.6808910024928438,-0.5416421328420455
73135000,0.007045451893672078,0.029876065255234063,-2.330314,21255,0.009851479249011858,0.022511238895162808,-1.823484,21252,True,False,-1.804468510401568,-1.38513047861495,-1.0562003439677996,1.0945990422294325,0.7151669019024492,-0.3662624996771658
73145000,0.008347324920206236,0.03021532894672232,-2.206909,20365,0.010281493222669679,0.023126255377664277,-1.800882,20362,True,False,-1.466215098812203,-0.6522715062539571,-0.9407415829719945,1.2119325757929564,0.8118786580339524,0.12858293414742838
73155000,0.007638633296489289,0.029794388388862572,-2.267283,18999,0.01008011033901874,0.022203469151400295,-1.770038,18996,True,False,-1.6503477712013364,-1.0108114973185214,-0.9948128914792893,1.3720527204364983,0.757792627221666,-0.14815927850315966
73165000,0.008541705985417961,0.029661047872039787,-2.170697,17693,0.009327072986103266,0.021748153937408202,-1.851145,17702,True,False,-1.415710896700204,-0.437221150862067,-1.1970034366181013,0.9510027732310863,0.9157970563910618,0.6603026234006971
73175000,0.009737511450764218,0.029932084239538966,-2.057232,19955,0.009425400320577038,0.021874105840512924,-1.845023,19964,True,False,-1.1050160209277182,0.23660765104174702,-1.1706025452382418,0.9827838497940403,1.033113832789234,1.2605778477769178
73185000,0.009172565254317259,0.02992871213551005,-2.114844,21194,0.00888487312446919,0.021942748277814474,-1.929465,21194,True,False,-1.2518006722860402,-0.10552979165232276,-1.3157341087925223,0.5444209508837201,1.032379993030599,1.2568230069153201
73195000,0.009198214429608808,0.03051509360505973,-2.13031,21345,0.009127890419301945,0.022724866151323495,-1.940111,21345,True,False,-1.2451364885523029,-0.19737693614837318,-1.2504839600048705,0.4891544789645419,1.0077043004545887,1.1305647908914607
73205000,0.008279336416327537,0.02888630361326921,-2.17568,24327,0.00875640650306244,0.02276449500554939,-1.995691,24327,True,False,-1.4838799116757508,-0.4668134385268669,-1.3502273993495018,0.20062258818228063,0.9455175948526311,0.8123738227750312
73215000,0.008024326198532487,0.028696830019389424,-2.197183,26303,0.00876831834764764,0.02285654488105191,-1.999249,26314,True,False,-1.5501368156911588,-0.5945122066697984,-1.3470290688271633,0.18215197883713366,0.915149961529995,0.6569916305073938
73225000,0.007380211186180956,0.027736941143692972,-2.238621,28714,0.008302921671018277,0.022249669312445604,-2.033311,28725,True,False,-1.7174911551261307,-0.8405979414187555,-1.471988086317023,0.005326263403069285,0.888869181066939,0.5225206547988516
73235000,0.007061334753661785,0.02696381597869507,-2.25146,30040,0.00776419789970423,0.021554773786181914,-2.075397,30091,True,False,-1.800341816424647,-0.9168442551511204,-1.616635430276135,-0.21315436192010978,0.909473823938823,0.6279485143330552
73245000,0.006412036312750204,0.026094219293584155,-2.300512,28227,0.007160192623240682,0.020785472452082888,-2.126148,28278,True,False,-1.9690429173013504,-1.2081468629243184,-1.778810859744627,-0.47661751393685126,0.8955117061987831,0.5565084900118594
73255000,0.007279482303424526,0.026417605395064093,-2.209378,26135,0.006606034522263805,0.020333133850148934,-2.189386,26186,True,False,-1.7436625923888365,-0.6669340304852228,-1.9276023215437075,-0.8049043025170688,1.1019443326992997,1.6127631451056799
73265000,0.0067655763774933445,0.026518899318090653,-2.271822,27423,0.007492792666496741,0.020529832720387428,-2.059572,27463,True,False,-1.8771859307937997,-1.0377670248542485,-1.6895077411160835,-0.13100219978212374,0.9029445600096383,0.5945402031738679
73275000,0.006772242495381774,0.027828081511699507,-2.307683,25984,0.00804074104228273,0.021339319328699258,-2.021153,26039,True,False,-1.8754539361431224,-1.250732914468427,-1.542383590661715,0.06844196560045485,0.8422410894430652,0.2839385097630975
73285000,0.0069327295904206806,0.02836146504896713,-2.304355,25221,0.009007405888413377,0.02167295090347123,-1.895268,25236,True,False,-1.833756085195634,-1.2309690907982578,-1.2828340590893816,0.7219474904497685,0.7696699445218247,-0.08738656102631435
73295000,0.006737903121958523,0.028607886763494798,-2.331714,26714,0.009091346463172858,0.021826577899973817,-1.892452,26733,True,False,-1.884376012240803,-1.3934445871300447,-1.2602960129962157,0.736566162713943,0.7411336867704205,-0.23339814650019486
73305000,0.006529700094529613,0.02910354227117669,-2.365573,24331,0.009892416632443533,0.0223271890349076,-1.806196,24350,True,False,-1.9384714446644622,-1.5945213015676358,-1.0452086556530555,1.1843460614421668,0.6600712785503361,-0.6481704985603737
73315000,0.0069396529981626855,0.02939392479539001,-2.329781,23948,0.00891718671506655,0.022070518379438395,-1.932711,23967,True,False,-1.831957241344639,-1.381965178730275,-1.307057909035661,0.5275700239769328,0.778233451861829,-0.04356962837789391
73325000,0.006646502316793378,0.028335000539835353,-2.334113,22229,0.008410584176674313,0.021201467548239105,-1.956139,22233,True,False,-1.9081238229250994,-1.4076914059355556,-1.4430807012778537,0.4059484849836475,0.7902545384691123,0.017938714094303348
73335000,0.006950260992656818,0.02845438772892152,-2.304622,22606,0.007940444183989386,0.02139828673153472,-2.039296,22610,True,False,-1.8292010660075448,-1.2325547100650653,-1.5693132992286654,-0.0257436064481709,0.8752987656119904,0.4530848551443296
73345000,0.0067905409322206395,0.02787388849989823,-2.306757,24565,0.00753623716670059,0.02056474138001221,-2.054399,24565,True,False,-1.870699625575696,-1.2452337255505865,-1.6778428918951374,-0.10414765730251489,0.9010519151686384,0.5848560996596375
73355000,0.006285320303135754,0.02791705254610834,-2.36324,25863,0.007223151567876889,0.020569648919305572,-2.104204,25863,True,False,-2.0019663450715575,-1.5806664335921219,-1.7619063817820473,-0.3626998491055107,0.8701631474948001,0.42680741714906745
73365000,0.006726337710822206,0.028132620476106818,-2.320363,22768,0.007208664089950809,0.020373601238580463,-2.095099,22768,True,False,-1.8873809441301346,-1.3260349830194371,-1.7657962699107301,-0.3154331548706675,0.9330907400996827,0.748789284790462
73375000,0.007224020272373541,0.028624348210116734,-2.280236,25700,0.00731019346303502,0.02068213260700389,-2.096746,25700,True,False,-1.7580727697519964,-1.087734817029975,-1.7385356310964395,-0.3239832092808588,0.9882119138026613,1.0308280172573012
73385000,0.0077744337128990105,0.02907079693858503,-2.234445,26785,0.008294043195818555,0.021523070188538364,-1.993519,26785,True,False,-1.6150640275415322,-0.8157981434480117,-1.4743719570953888,0.21189806977240455,0.9373514858010981,0.7705902595568208
73395000,0.007883766735097882,0.029354892074198988,-2.231042,27278,0.00916733525185131,0.02244040794779676,-1.918544,27278,True,False,-1.5866570577338865,-0.7955889211073894,-1.2398930216335036,0.6011150275161968,0.8599845558725241,0.3747265762200729
73405000,0.00820442679301375,0.02928272995169082,-2.195586,26910,0.009219503567447046,0.022370613154960983,-1.906804,26910,True,False,-1.5033429738410518,-0.5850281843136509,-1.2258858277958564,0.6620607705493698,0.8898989769885863,0.5277898157569614
73415000,0.008284449707720219,0.02922437831082443,-2.185335,24805,0.009524257933279089,0.022685766110659072,-1.881607,24580,True,False,-1.482551373313888,-0.5241510940363305,-1.1440592741429063,0.7928657013165629,0.8698262652855288,0.42508369058610473
73425000,0.008584539892939077,0.02939435957175631,-2.158585,19615,0.010703370351159293,0.023626244307277347,-1.773391,19279,True,False,-1.4045817657823503,-0.36529223490860935,-0.827467565075453,1.354646325513992,0.8020408162377822,0.07824560923209907
73435000,0.007369963792042084,0.02861816044546421,-2.263437,17869,0.010072402247062849,0.022652510550929622,-1.800108,17534,True,False,-1.7201536390679035,-0.9879714534977666,-0.9968825143320041,1.2159506341496582,0.7316987160824712,-0.28167409918636216
73445000,0.008029741969494622,0.028984953257889925,-2.203153,14227,0.01000991635473654,0.022684364310394473,-1.810134,13892,True,False,-1.5487296869105547,-0.6299659408377426,-1.0136599777394,1.1639027619477347,0.8021787280665008,0.07895126324399598
73455000,0.007382633778258778,0.028838612914862914,-2.267864,16632,0.009533728126726837,0.022717200773623134,-1.880801,16287,True,False,-1.716861715834809,-1.0142618523522857,-1.1415165270024665,0.7970498809489941,0.7743700764407488,-0.06333737702338608
73465000,0.006485105056692998,0.028178672040410552,-2.347012,18609,0.008615236627183732,0.02239683730867002,-1.994704,18489,True,False,-1.950058153491474,-1.484294038604284,-1.3881315140001043,0.20574639128055539,0.7527483384763326,-0.17396941113198805
73475000,0.006006438792254677,0.027865844249613202,-2.391932,21329,0.00796775009380863,0.022459069277673546,-2.092149,21320,True,False,-2.074425502425676,-1.751058148960072,-1.5619816618663365,-0.3001188497643773,0.7538437729017132,-0.1683643973762995
73485000,0.006870143743584959,0.028246608005971823,-2.307613,21434,0.007880806301050175,0.02303807803967328,-2.133401,21425,True,False,-1.8500171765447273,-1.250317209042672,-1.5853260720555629,-0.5142699393388613,0.8717564524672383,0.4349598871469136
73495000,0.006965015873015873,0.028475526120704694,-2.303638,22932,0.008282085634515551,0.023962317235963877,-2.122223,22923,True,False,-1.8253674443583352,-1.226711079508739,-1.4775825625574217,-0.45624170121068314,0.840973660546228,0.2774534511995407
73505000,0.00730167300501596,0.028985386912904698,-2.281263,21930,0.009692089052026813,0.02482056705120606,-1.976721,21931,True,False,-1.7378969913157067,-1.0938338094906923,-1.098996615219707,0.299101356950534,0.7533642092866483,-0.17081818246547345
73515000,0.00787789271371199,0.028771464961888368,-2.214742,24402,0.009309882268573535,0.023837344711715773,-1.976668,24403,True,False,-1.5881832494077524,-0.698788943395919,-1.2016191446373736,0.29937649531345983,0.8461860726536389,0.3041238213152178
73525000,0.007567701919809718,0.028779353211009176,-2.24775,23544,0.009251192270121045,0.023452538628158846,-1.963859,23545,True,False,-1.6687772029981291,-0.8948118675861174,-1.2173774104595962,0.3658717272139635,0.8180244987720593,0.16002938231377176
73535000,0.00784472151175566,0.028686822632388486,-2.215614,22755,0.00993760659195781,0.023511127752142386,-1.872276,22755,True,False,-1.5968018105113027,-0.7039674452710344,-1.0330751505704487,0.841305627061242,0.7893974710272937,0.013553353647668949
73545000,0.008527231834862386,0.028896097752293577,-2.14953,21800,0.010418629203174459,0.02323979347676499,-1.789001,21799,True,False,-1.4194715789675947,-0.3115177687627578,-0.9039205693143636,1.2736102906973112,0.8184600554038547,0.1622579966936296
73555000,0.009975055282808697,0.02911076282024836,-2.004776,24239,0.010273643940643033,0.023877608573784008,-1.847882,24260,True,False,-1.0432972434790728,0.5481254198045048,-0.9428491153616846,0.9679419520656045,0.9709364409006715,0.9424345351754942
73565000,0.010190901842402525,0.030243768161103104,-2.022369,25673,0.011998326820534776,0.02563420558128673,-1.725573,25693,True,False,-0.9872158640554521,0.4436467690144496,-0.47977172573845106,1.602883424352173,0.8493602478773209,0.32036513652267223
73575000,0.010211894949640808,0.030483054799465725,-2.028504,27701,0.01273698099188458,0.026259016591523895,-1.670641,27725,True,False,-0.9817614226479711,0.4072131577715122,-0.2814430651533524,1.8880513593009158,0.8017516047285741,0.07676579953299109
73585000,0.009272214530306775,0.030581913686588767,-2.125587,28327,0.012291012380515678,0.026133902860569293,-1.718502,28351,True,False,-1.2259097390852824,-0.16932869720780225,-0.4011856467110542,1.6395910349984735,0.754389812917734,-0.16557047221743904
73595000,0.008153923436504002,0.030151411573057584,-2.225485,28238,0.011115336530973453,0.025389259964601767,-1.82392,28250,True,False,-1.5164647854831703,-0.7625878489513985,-0.7168546371072857,1.092335639847622,0.7335741399986117,-0.27207811004802357
73605000,0.006636313859692007,0.029891537374725004,-2.37231,20455,0.010830297970163855,0.024805580484225973,-1.826952,20445,True,False,-1.9107709938112998,-1.6345299794720658,-0.7933874966959176,1.076595648972275,0.6127545038903122,-0.8902764308731156
73615000,0.005183454511696992,0.029154246936502044,-2.50532,13465,0.009610481941141499,0.023870715888822832,-1.935485,13456,True,False,-2.288253759797404,-2.4244296748955554,-1.1209081262134482,0.5131693858871533,0.5393542741605026,-1.2658436832564162
73625000,0.00682803882888512,0.02948077568508435,-2.340442,11203,0.008300948704200178,0.022844227703306522,-2.061312,11190,True,False,-1.8609569001211614,-1.445277115072728,-1.472517827949291,-0.14003504414990156,0.8225612604292105,0.18324264903740733
73635000,0.009429332116788322,0.030264024574209247,-2.095237,8220,0.007684731692457658,0.022742611916656514,-2.141372,8207,True,False,-1.1850873558229498,0.01090929810159401,-1.6379721085977237,-0.5556497108650467,1.227021644235535,2.252746731016398
73645000,0.010708489891926255,0.030002759313413858,-1.956881,7865,0.009641887730451368,0.02371411493960585,-1.919213,7865,True,False,-0.8527358341439533,0.8325570107548697,-1.1124756711214232,0.5976420545954818,1.1106217155076703,1.6571627448237487
73655000,0.00951328195795885,0.0294831544975117,-2.063924,13463,0.01107616920448637,0.02467101433558642,-1.785462,13463,True,False,-1.1632754589639198,0.19686621233958854,-0.7273710650950774,1.291982265534994,0.8588964092482012,0.3691588519855377
73665000,0.009734879457259158,0.029050961356852104,-2.027108,18425,0.011409049309130316,0.02453839615280412,-1.734733,18455,True,False,-1.1056998670204035,0.4155035116908489,-0.6379927499779802,1.5553312091746718,0.8532594779363982,0.34031634273944666
73675000,0.009023409370725035,0.028449397400820794,-2.082,20468,0.010579094111333367,0.02389336649265746,-1.806892,20497,True,False,-1.2905544412446077,0.08951919411182524,-0.8608357380896092,1.1807329236950552,0.852947263325531,0.33871883297702526
73685000,0.00854171411843426,0.027895737495817998,-2.115826,23912,0.010307991019589825,0.023406986508500063,-1.814981,23941,True,False,-1.4157087835751498,-0.11136154491076872,-0.933626923940116,1.138740579964618,0.8286497438929813,0.21439561700612877
73695000,0.008818376173428798,0.028086227326968975,-2.092257,25140,0.010390111327426597,0.023349851007191388,-1.800197,25169,True,False,-1.3438262865482618,0.02860647194086913,-0.9115776195540857,1.215488609351536,0.8487277850576137,0.3171290114545846
73705000,0.008815645837508518,0.027753799751493044,-2.081041,24949,0.009230804948354552,0.02245579433901834,-1.910061,24978,True,False,-1.344535684024818,0.09521435844466541,-1.2228514067838534,0.6451527394540507,0.9550246036863732,0.8610183733331914
73715000,0.008306085466851642,0.028241253920208518,-2.152713,23787,0.00870596636677037,0.02250108135037417,-1.98826,23786,True,False,-1.4769299577154615,-0.3304204883367215,-1.363770577007668,0.23919906318053594,0.9540681777217719,0.8561246247311011
73725000,0.00728104958170908,0.02793649892689764,-2.254682,22831,0.008808787438132364,0.022732887521352545,-1.986296,22831,True,False,-1.7432553812277976,-0.9359785820337198,-1.3361631171785515,0.24939475647841858,0.8265666112216695,0.2037368436399643
73735000,0.007044482079005618,0.02848632291844032,-2.295482,23492,0.009369323514387877,0.02342793504171633,-1.946153,23492,True,False,-1.8047204882157275,-1.1782754587593667,-1.1856591688826505,0.4577887055909103,0.7518666708634677,-0.17848064337332986
73745000,0.0069349819936210585,0.029081145181476847,-2.322587,24769,0.009663884734950947,0.02409489781581816,-1.942623,24769,True,False,-1.8331708644780416,-1.3392425382605606,-1.1065694749493855,0.47611395881979457,0.7176184509465033,-0.3537186487662418
73755000,0.006222509366491933,0.02904777130318176,-2.396537,24609,0.00959541180056077,0.024148661465317568,-1.954705,24609,True,False,-2.01828591938631,-1.7784056273257962,-1.1249544592771918,0.4133927946522658,0.6484879957031423,-0.7074387287622804
73765000,0.006119090107447203,0.02807743401259726,-2.385344,26990,0.008659915443900993,0.023297698050985624,-2.038018,26988,True,False,-2.045156371790607,-1.7119343297476057,-1.3761352507692761,-0.019109137998732952,0.7065992903841523,-0.41010043219125886
73775000,0.0065923985601151905,0.028657369258459322,-2.34854,27780,0.008544817678166708,0.023397239810051443,-2.059189,27797,True,False,-1.9221810926458789,-1.493368294183617,-1.4070390032962592,-0.12901393576323789,0.7715083935564545,-0.07797976141377527
73785000,0.006174242404199909,0.028368937621429457,-2.385982,24191,0.007967049214312369,0.02306426128778142,-2.122914,24119,True,False,-2.0308266697740773,-1.7157231877709131,-1.562169848025864,-0.45982888250846304,0.774972293770725,-0.06025600917495708
73795000,0.006156469747235387,0.027498877804107424,-2.366992,25320,0.007277915993346008,0.022034312064321927,-2.171981,25248,True,False,-2.0354443719068747,-1.6029482444125809,-1.7472021323886473,-0.7145499023899521,0.8459110757618077,0.3027167436063446
73805000,0.0069243408798559305,0.027660846447866514,-2.286524,27209,0.007896082065077201,0.021735168810111654,-2.065163,27137,True,False,-1.8359356448835065,-1.125077041560634,-1.5812245290921516,-0.16002670142594508,0.8769337530673487,0.46145060207115013
73815000,0.00685166659269451,0.02828070720340864,-2.310652,22531,0.008317740438983126,0.021807814522950893,-2.005832,22461,True,False,-1.8548179207016167,-1.2683647631693706,-1.4680092468059438,0.14797771764570586,0.8237413325117117,0.18928072863566783
73825000,0.006437342117450908,0.027756048073360504,-2.342021,21592,0.00815645202994931,0.020838533646467934,-1.973109,21503,True,False,-1.9624679483154615,-1.454654241747968,-1.511315188032978,0.3178522959484741,0.7892331241346017,0.012712439237001565
73835000,0.006759519737433684,0.027899230419926264,-2.310544,22242,0.00844334515780955,0.021016922354104847,-1.939764,22242,True,False,-1.8787595705583495,-1.2677233890839203,-1.4342843771521376,0.49095585654823043,0.8005736602135191,0.07073860606768873
73845000,0.0060232232151168205,0.027578008749883646,-2.383207,21486,0.0085160195476124,0.020465539746811878,-1.892956,21486,True,False,-2.070064563855658,-1.6992434369642069,-1.4147713019574226,0.7339497526212069,0.7072815159055765,-0.40660968610599124
73855000,0.005268019722502791,0.028161442507043753,-2.478377,18811,0.008211221826493727,0.020826086274718263,-1.963332,18812,True,False,-2.2662819772396334,-2.2644246565225368,-1.4966094965057473,0.36860753697362947,0.6415634401089232,-0.7428696303830161
73865000,0.004831225,0.027625224319419238,-2.516004,22040,0.007918942772861357,0.020648532561833445,-1.998778,22035,True,False,-2.3797702376455896,-2.487878200163614,-1.5750864285699901,0.1845970763642743,0.6100845957059909,-0.9039375608803691
73875000,0.0051424417379286515,0.028274538956551784,-2.494917,23154,0.00816248788284591,0.02142674547496652,-2.007371,23149,True,False,-2.298909722677913,-2.3626499099794533,-1.5096945614029493,0.13998832254110077,0.6300091114053454,-0.801989710801155
73885000,0.004844733010076521,0.028199802030456852,-2.526013,26398,0.007992782791225415,0.021237706127080182,-2.022659,26440,True,False,-2.376260578562837,-2.5473181373976073,-1.5552603820820083,0.06062388306144646,0.6061384547313275,-0.9241287963686908
73895000,0.0046795549024746365,0.02864850814271274,-2.55188,26711,0.007863476858032932,0.021635658952677644,-2.064601,26964,True,False,-2.4191772511395437,-2.700933169511882,-1.5899790278711576,-0.15710919652095018,0.5950999776510105,-0.980609416699325
73905000,0.004768518391697261,0.028852670432081333,-2.546171,28328,0.00810557911126662,0.021735090272918128,-2.034033,28580,True,False,-2.396062705309711,-2.667029422717109,-1.524974567772153,0.0015781521194272532,0.5883007649717586,-1.0153989757200002
73915000,0.00549219729404471,0.0295521392728201,-2.483386,27421,0.008730681516005492,0.022164883156297423,-1.965978,27678,True,False,-2.2080360294164847,-2.29417134905976,-1.3571345589168133,0.3548713839867666,0.6290685651487983,-0.8068022076368067
73925000,0.005350421974157045,0.02932334960623901,-2.493572,26158,0.00891912265758092,0.021861137232632975,-1.920113,26415,True,False,-2.244872175994346,-2.3546624271560215,-1.3065381084297252,0.5929698937155968,0.5998820937403957,-0.9561407439597496
73935000,0.005923808344045811,0.029957346577850492,-2.446977,25671,0.009514137199598177,0.022366015647940652,-1.863704,25882,True,False,-2.0958945938333193,-2.0779510798268173,-1.14677669134967,0.885805363797218,0.6226322176955782,-0.839735092687552
73945000,0.006330933953415664,0.02934797745036736,-2.392082,25588,0.009404430397061122,0.022055264694387993,-1.860334,25588,True,False,-1.9901149797634534,-1.751948946300973,-1.1762329701445056,0.9033000106474562,0.6731863266694043,-0.5810646787954417
73955000,0.006909627961165048,0.028332480737864076,-2.30613,25750,0.009008859844660193,0.021400749514563108,-1.877924,25750,True,False,-1.8397583640275361,-1.2415101926656105,-1.2824436718064485,0.8119852218950281,0.7669814027865669,-0.10114303339902309
73965000,0.006887029380754903,0.02788450182751107,-2.296855,28454,0.008737699293571854,0.021105264119776472,-1.9007,28453,True,False,-1.8456299404140277,-1.1864292237531004,-1.3552502854922455,0.6937484038947258,0.7881971156665404,0.007411490517523756
73975000,0.007001717186343598,0.02770839659555298,-2.279622,31077,0.00812108144548848,0.020814718721843223,-1.978228,31076,True,False,-1.8158316876525045,-1.0840884865812108,-1.5208121907066507,0.29127808312165837,0.8621656159147715,0.38588641496124765
73985000,0.006600153943937419,0.027351175358539766,-2.314284,30680,0.007357163374405111,0.020187889073603235,-2.061568,30678,True,False,-1.920166084282861,-1.2899339361171025,-1.725924208903009,-0.14136401435573467,0.8971058012519801,0.5646650026191203
73995000,0.006678318522570058,0.028212697821820405,-2.328407,31081,0.007515377006982207,0.020308672640689855,-2.043378,31079,True,False,-1.899857317721868,-1.3738054750876012,-1.683443845219449,-0.046934451683384344,0.8886205597357958,0.5212485330280471
74005000,0.005923891124298943,0.02914415146080605,-2.430492,30668,0.007538985977956042,0.020880024489662818,-2.072593,30666,True,False,-2.095873085819509,-1.9800524520615657,-1.677104836015078,-0.19859798513433197,0.7857676273202221,-0.005019482332053664
74015000,0.006073615668595364,0.030138688083490114,-2.435684,28171,0.007651008863676654,0.021283406771848964,-2.077548,28205,True,False,-2.056971567104006,-2.0108859173546927,-1.6470266888366132,-0.2243208264230361,0.7938320000425041,0.0362435261987256
74025000,0.006589686996972605,0.03105609635974304,-2.403132,27086,0.007918934439528024,0.02210978244837758,-2.08182,27120,True,False,-1.9228856125683487,-1.817571017080836,-1.5750886660701657,-0.2464980167328916,0.8321431434107638,0.23227030845056007
74035000,0.006844716224905336,0.03128822597699507,-2.38316,27994,0.008617913083812039,0.022615556249331002,-2.007695,28027,True,False,-1.8566237693278438,-1.6989643204640579,-1.3874128853389593,0.13830634462434205,0.7942428936493349,0.03834594717897801
74045000,0.006649761785319071,0.030881607635558833,-2.39353,27110,0.008448206793648454,0.022851182662196514,-2.044475,27143,True,False,-1.9072769459053653,-1.7605481099651599,-1.4329790278268635,-0.052629296666976425,0.7871210953688429,0.001905813107487187
74055000,0.0069296781874594125,0.031272701998701205,-2.374519,27718,0.008573707073618968,0.02260128406183561,-2.013232,27751,True,False,-1.834548902498663,-1.647648454979097,-1.3992822000080711,0.10956217263331386,0.8082476025780981,0.11000389800780773
74065000,0.006401623050379572,0.030674924982746724,-2.413914,28980,0.00860058271221532,0.022497530434782607,-2.003777,28980,True,False,-1.9717484972241623,-1.8816015299449536,-1.3920660904781632,0.15864581832144392,0.7443243399412243,-0.2170725185140444
74075000,0.005615000282705492,0.030497163792494168,-2.488819,28298,0.009826941652530391,0.02292367182640656,-1.85328,28296,True,False,-2.1761292850402962,-2.3264360287472714,-1.0627886891405534,0.9399193693660247,0.5713883811714355,-1.1019346383265112
74085000,0.005473505143184831,0.030638677717644527,-2.505479,27901,0.01031438641577061,0.023364197419354835,-1.811833,27900,True,False,-2.212892634991246,-2.4253739200769098,-0.9319097599307009,1.1550827604644835,0.5306670627363629,-1.3102935730925505
74095000,0.0055664191503375605,0.031249177506998186,-2.50676,24292,0.010869234166015061,0.023735480184369728,-1.758129,24299,True,False,-2.1887516632810335,-2.432981329368223,-0.7829331272887327,1.4338757914571159,0.5121261595174881,-1.4051618875957888
74105000,0.005436785158977701,0.030695974489083375,-2.509449,21481,0.011191265590096798,0.02433081394266567,-1.751297,21488,True,False,-2.2224332427758893,-2.448950356366147,-0.6964676831313791,1.469342683825313,0.48580610612875963,-1.5398338112419896
74115000,0.0050157035991857885,0.029604644430051813,-2.53282,21616,0.009849556007769864,0.02313409846452687,-1.86209,21622,True,False,-2.3318389000512143,-2.587742520727792,-1.0567167342818349,0.8941841056418126,0.5092314410141056,-1.4199733054720047
74125000,0.0053758613335774105,0.02931803418607844,-2.490312,21851,0.009045778352166156,0.02240967226314104,-1.933704,21859,True,False,-2.2382625067430406,-2.3353024316137265,-1.2725310517625132,0.522415073139459,0.5942950539231457,-0.9847279731938359
74135000,0.0052014040721888016,0.0285435553447478,-2.493658,21610,0.0077993671014895,0.021613054815431586,-2.072298,21618,True,False,-2.2835900944866263,-2.355173150964806,-1.6071924988550972,-0.19706655462370318,0.6669007888082935,-0.6132259157961736
74145000,0.005130583715052915,0.028717429829410834,-2.505035,25324,0.007859204035697363,0.021071924616964142,-2.033468,25324,True,False,-2.3019906811206123,-2.4227371599478373,-1.5911262807583686,0.004511230894021639,0.6528121285246244,-0.6853134208622569
74155000,0.005086271114952463,0.028558166637856527,-2.507059,28925,0.0071901107346586,0.020064393984442527,-2.081122,28925,True,False,-2.313504006809736,-2.43475698540109,-1.770777846197965,-0.24287449640604777,0.707398161538046,-0.40601284492646983
74165000,0.005494535610229848,0.029180099223049528,-2.476161,30890,0.00829027067011978,0.02089496286824215,-1.956817,30890,True,False,-2.207428486736917,-2.251264610472927,-1.4753848803250698,0.402428790454134,0.6627691457690924,-0.6343663104485239
74175000,0.005202773171181132,0.028949928352066827,-2.502435,32562,0.007963506510656594,0.020450676616915422,-1.980761,32562,True,False,-2.2832343743852643,-2.4072966727055185,-1.5631210640321525,0.2781285458897146,0.6533269187661104,-0.682679391551173
74185000,0.005146869172245892,0.028862377784540476,-2.506694,32860,0.007955408368837492,0.020130210590383443,-1.961941,32860,True,False,-2.2977593841027435,-2.432589378538226,-1.565295415281365,0.37582862117798654,0.6469647984894072,-0.7152324781075641
74195000,0.004835448915074005,0.028260886937778416,-2.528808,34795,0.007641038252622504,0.019859194711883892,-1.995898,34795,True,False,-2.378672777559294,-2.563916661183104,-1.6497037981149252,0.19954799117990776,0.632826162519788,-0.7875756939681148
74205000,0.005044981723705429,0.02853555903959864,-2.511372,33486,0.008348121961416712,0.020709024995520516,-1.936362,33486,True,False,-2.324231840605431,-2.460370378276526,-1.459851807391802,0.5086166246741982,0.6043253497040758,-0.9334059181961547
74215000,0.0048776583758436045,0.028715317036849278,-2.532409,31561,0.008068721935299896,0.02072928595418396,-1.981232,31561,True,False,-2.367705890761836,-2.5853017360137165,-1.5348707202965095,0.2756834483625739,0.6045143722829647,-0.932438745602104
74225000,0.004954924461455731,0.02883889662480625,-2.52647,31613,0.007628516338215292,0.02098376351500965,-2.064631,31613,True,False,-2.3476305711832164,-2.5500320999628943,-1.6530659323973398,-0.15726493521694507,0.6495266237595745,-0.7021243763843883
74235000,0.004989557672634271,0.02926803449488491,-2.530554,31280,0.00743773925831202,0.021504846547314577,-2.12202,31280,True,False,-2.338632149988008,-2.574285542231215,-1.7042895823747173,-0.4551878693677759,0.670843316678278,-0.5930531674951784
74245000,0.005305208167096925,0.0294781702819593,-2.501506,29827,0.00724110641365206,0.021897458879538673,-2.171191,29827,True,False,-2.2566196538031025,-2.4017796678408576,-1.7570855053127594,-0.7104487833953844,0.7326515954930205,-0.27679849725173644
74255000,0.005796189799648264,0.029392954205317425,-2.448888,28999,0.007098220248974102,0.02178315445360185,-2.186751,28999,True,False,-2.12905251871902,-2.089299837949924,-1.7954504435421557,-0.7912252537187389,0.8165694492906134,0.15258432474596884
74265000,0.006050710358419347,0.02898648495173197,-2.413708,29937,0.007196153111326363,0.02167844754333812,-2.167064,29939,True,False,-2.0629228381977596,-1.880378168263447,-1.7691554679352413,-0.6890243301161763,0.8408256835024605,0.276696296461086
74275000,0.0061857196095520305,0.02905616956597525,-2.40097,28685,0.008045505559622156,0.021750048729478198,-2.043835,28689,True,False,-2.0278446555632126,-1.8047316580739536,-1.541104317655599,-0.04930687115239249,0.7688416301141097,-0.09162480070703695
74285000,0.006088945102086895,0.02793610840886366,-2.385587,31003,0.0077799732963524364,0.020870345663882347,-2.03462,31007,True,False,-2.052988664723697,-1.71337742143987,-1.6123997359434,-0.001469135032230825,0.7826434449256575,-0.02100499902852769
74295000,0.006713326151910678,0.028492766881585155,-2.331825,31795,0.00881536608069436,0.021262993490361332,-1.899091,31799,True,False,-1.8907616149806838,-1.394103777162313,-1.3343967515119166,0.7021011892899875,0.7615481978238944,-0.12894313521038736
74305000,0.00616795475590459,0.02816171927562562,-2.382573,34126,0.008768191034280691,0.021114459566363906,-1.897013,34130,True,False,-2.032460330233599,-1.695478333536655,-1.3470632524688742,0.7128886896326566,0.7034466666830081,-0.42623147463616157
74315000,0.006498779736964618,0.02853185643621974,-2.355907,34368,0.009200876836684222,0.02153728746835811,-1.858339,34369,True,False,-1.9465051900610975,-1.5371183209198407,-1.2308871053984989,0.9136566339312022,0.7063217834906509,-0.41152035283583155
74325000,0.006421563940916705,0.02830352721181666,-2.358518,32835,0.008742724675641104,0.021505180209538892,-1.92529,32834,True,False,-1.9665674433757145,-1.5526241333004938,-1.3539009703006701,0.5660945860765223,0.7345037364390994,-0.26732164018049825
74335000,0.006872846058999414,0.02933886091674116,-2.336066,32441,0.009597909956843403,0.02235990471639951,-1.851681,32440,True,False,-1.8493150593723917,-1.419289587314116,-1.1242837042626208,0.9482202418626219,0.7160773637076068,-0.36160393607563956
74345000,0.006404498580456086,0.02925924214671673,-2.382967,32757,0.008946416125194473,0.022380247399408193,-1.947413,32781,True,False,-1.9710013753169684,-1.6978181612187606,-1.2992098117998867,0.4512476803590704,0.7158730927371062,-0.362649130176734
74355000,0.006025496816509358,0.029181558438649818,-2.420709,31255,0.008751202564020589,0.022566859522363245,-1.986118,31279,True,False,-2.0694738354113738,-1.921954649487864,-1.351624657091986,0.25031880607466267,0.6885335783772611,-0.5025373338978566
74365000,0.005793564025764896,0.02954456653784219,-2.452409,31050,0.008573018889782784,0.022826216476267095,-2.025748,31075,True,False,-2.1297347488259577,-2.110209820865388,-1.3994669773826,0.044587988663705606,0.6757904187834687,-0.5677403101411157
74375000,0.00613670320863701,0.029920964556808902,-2.425103,33067,0.008936409887586124,0.02300086138643781,-1.983894,33092,True,False,-2.0405801255325664,-1.948049072927386,-1.3018964868087528,0.2618642347378463,0.6867078934194498,-0.5118788235069042
74385000,0.006162215748324647,0.029927379374534623,-2.422586,32232,0.008955379514523978,0.023144957931611743,-1.989043,32257,True,False,-2.0339514425413947,-1.9331014935470312,-1.2968031415758834,0.23513428321503568,0.6881021332854366,-0.5047449107445134
74395000,0.006217943878550441,0.03014465017956252,-2.421384,30630,0.008702542458684435,0.023054257430269776,-2.019563,30618,True,False,-2.019472127134919,-1.9259632375219293,-1.3646898964009495,0.07669611648825125,0.7144973906269696,-0.36968819072877585
74405000,0.006866947955023672,0.030909121449237242,-2.372929,30416,0.008971506545191422,0.023165690830153927,-1.987782,30404,True,False,-1.8508475081988451,-1.6382060031655254,-1.2924730335015675,0.24168049973674166,0.7654174826082295,-0.10914515010202351
74415000,0.006242163847158719,0.03040636629653821,-2.424388,30620,0.009329728766142936,0.022666049412836276,-1.908792,30741,True,False,-2.0131792807179782,-1.9438029389357476,-1.1962903596214411,0.6517404862946891,0.6690616633798812,-0.6021693601343795
74425000,0.006351584454409567,0.03034449992882056,-2.41192,28098,0.00956303550799107,0.022846696516531415,-1.886051,28219,True,False,-1.9847495545108746,-1.8697598639598798,-1.1336474945149486,0.7697956091496624,0.6641807874813443,-0.6271433575889526
74435000,0.006685025013633885,0.03073510750772587,-2.386922,27505,0.010005036090497738,0.02309152742081448,-1.838332,27625,True,False,-1.8981148332891336,-1.7213055177739083,-1.0149703287904395,1.0175187702910555,0.6681660069155546,-0.606752169188584
74445000,0.0066178800924058525,0.031103327894099957,-2.401369,27271,0.010728879940152538,0.023912319855490277,-1.788441,27403,True,False,-1.915560466014734,-1.807101179000755,-0.8206182398927883,1.2765174130225738,0.6168286092603775,-0.8694304394451884
74455000,0.006069317825405123,0.030366671159734147,-2.44063,26782,0.010829023853756408,0.023924170766144014,-1.775546,26914,True,False,-2.058088235236723,-2.0402584750087374,-0.7937295969781872,1.3434590958515988,0.560467675329737,-1.1578126580840882
74465000,0.00619911970213103,0.03049233355779133,-2.430022,25246,0.010388686539375693,0.024066257011567106,-1.843432,25244,True,False,-2.0243630356678173,-1.9772612870600694,-0.9119601751758011,0.9910431919717052,0.5967183318733155,-0.9723287771033546
74475000,0.005586729287690179,0.03012288457814661,-2.484726,28920,0.00939182360467529,0.02325958977107684,-1.934129,28918,True,False,-2.183474671508909,-2.302129138638497,-1.1796178941659696,0.5202087749461803,0.5948503211782089,-0.9818868349836404
74485000,0.004822394883315451,0.0297001325777897,-2.555216,29824,0.00843707061693737,0.022507448699953213,-2.027968,29922,True,False,-2.3820644837298124,-2.720744502373567,-1.4359690915086432,0.0330633251599887,0.571572184501398,-1.1009941710845554
74495000,0.004860551732377538,0.028827874074074073,-2.536079,29295,0.007857628299319729,0.02144511568027211,-2.055218,29400,True,False,-2.3721505488777233,-2.6070965776211463,-1.5915493660089945,-0.10839932370321016,0.6185774571187516,-0.8604821025336594
74505000,0.004930244425087108,0.028567619163763065,-2.52388,28700,0.007118458670369728,0.020662796493664294,-2.126101,28805,True,False,-2.3540429526748743,-2.534650999209967,-1.790016426970617,-0.47637352331312205,0.6925999929744672,-0.4817306938785301
74515000,0.005598906432748538,0.028249906466551736,-2.445806,29583,0.006366243227762803,0.020070250943396227,-2.214677,29680,True,False,-2.180310798553976,-2.0709969219188347,-1.9919862891742497,-0.9361972145317178,0.8794678796330062,0.47441697772091207
74525000,0.006132356882916929,0.028528589964308206,-2.394616,28578,0.006284031557978612,0.01975104127350248,-2.211393,28614,True,False,-2.0417093904245585,-1.766997482713298,-2.014060124245089,-0.9191490186100032,0.975863476549683,0.96764471841205
74535000,0.0059133044434516654,0.02867482652324822,-2.421316,29099,0.006183267736602838,0.01981088700234192,-2.231061,29036,True,False,-2.098623723432405,-1.925559409394052,-2.0411152124095198,-1.0212513077050993,0.9563397050473681,0.8677473577869526
74545000,0.005664985829048843,0.029072107583547557,-2.456149,31120,0.006427442351046699,0.020409881223832527,-2.222247,31050,True,False,-2.1631420111386257,-2.1324203678985727,-1.9755543232818789,-0.9754952788214204,0.8813748174849532,0.48417421434207447
74555000,0.005525995506801772,0.029754406804871247,-2.484157,32271,0.006770655669462566,0.020940131034482758,-2.19511,32190,True,False,-2.1992545579997715,-2.298750047392004,-1.8834015400491009,-0.8346192457131418,0.8161684446198413,0.15053250252485145
74565000,0.004918161016696926,0.030246202565552546,-2.554796,33599,0.007559361933174224,0.021578799522673033,-2.107753,33520,True,False,-2.3571824709138287,-2.7182502698190376,-1.671633891609282,-0.38112373684185913,0.650605310365363,-0.6966050562649566
74575000,0.0043433815241432795,0.029977341797604345,-2.608897,34813,0.008262598160655266,0.022068135622934328,-2.029697,34795,True,False,-2.506522015020878,-3.0395371160870326,-1.4828149496998846,0.024087584980741587,0.5256677669289955,-1.335873490173679
74585000,0.004250770761345312,0.029319133724948168,-2.608561,34728,0.007941058513396715,0.021556190290982425,-2.049188,34710,True,False,-2.5305841976053816,-3.03754173004341,-1.5691483517698417,-0.07709584580797764,0.5352901951514628,-1.2866383727623245
74595000,0.004226683555763222,0.02928275624215168,-2.610489,34243,0.008707090226442659,0.021596369700511323,-1.936307,34225,True,False,-2.5368425494551676,-3.0489914451984843,-1.3634688206619572,0.5089021456168574,0.4854300858083634,-1.54175779593647
74605000,0.004875763064303333,0.02976208598634773,-2.551114,34866,0.009560701540491696,0.022445481539917957,-1.862516,34859,True,False,-2.3681983317153357,-2.696384164424336,-1.1342741648377523,0.8919726161586666,0.5099796331527966,-1.4161450277293146
74615000,0.004653241586051092,0.028761763569483866,-2.557246,34526,0.008968446728430805,0.021511882136653154,-1.891764,34540,True,False,-2.4260139924108404,-2.7327999597204555,-1.2932945943663225,0.7401377701421222,0.5188458745369905,-1.3707790945723441
74625000,0.0044700006341336865,0.02819796451733779,-2.567171,34693,0.007921341343244879,0.020524570317227073,-1.992126,34707,True,False,-2.4736237637676934,-2.791741050443545,-1.5744424123714305,0.2191295365564938,0.5642984490178031,-1.1382117228577922
74635000,0.004707065879318934,0.028564732438531196,-2.548054,34123,0.007950942001816105,0.020807870031342452,-2.004552,34139,True,False,-2.412029333036875,-2.6782118986699124,-1.5664946349207998,0.15462256867487603,0.5920136102418777,-0.996401445306868
74645000,0.004951663785959512,0.027970815881378005,-2.510637,33788,0.006761868950420068,0.020156248905454976,-2.155759,33804,True,False,-2.3484777617987396,-2.4560054713060997,-1.8857607742973168,-0.6303367981749499,0.7322921846410377,-0.2786374962119957
74655000,0.0047537761677952485,0.02732510808561919,-2.519984,34852,0.0061925152862223245,0.01920690661924974,-2.198088,34868,True,False,-2.3998930385508457,-2.5115140229422424,-2.038632245141663,-0.8500789069356947,0.7676648256923783,-0.09764616065221826
74665000,0.005457927195441802,0.028322433812667695,-2.462798,33171,0.006581726976758208,0.019949520905555723,-2.173702,33173,True,False,-2.216940106489805,-2.171906444696338,-1.9341288980245888,-0.7234841122502657,0.8292545732624833,0.2174903498877664
74675000,0.0057274562165879886,0.02873181526870291,-2.44251,31987,0.007032518615774172,0.020454098377567287,-2.12858,31989,True,False,-2.1469109184915336,-2.0514231350147227,-1.8130913334419365,-0.4892427308922739,0.8144246079549814,0.1416098064074481
74685000,0.005679214781306355,0.028829610905645384,-2.449732,32717,0.007916850291897178,0.021065179111776754,-2.024876,32717,True,False,-2.1594450364365234,-2.0943120576547383,-1.575648259753001,0.049114793427329044,0.7173578597436632,-0.35505201682797954
74695000,0.005834546885923585,0.029265230158971395,-2.442527,32899,0.008514675370072038,0.021839528374722635,-1.979395,32899,True,False,-2.1190865581170133,-2.0515240920466926,-1.4151322136553575,0.2852198478474073,0.6852342141464662,-0.5194192042044307
74705000,0.006050023485189231,0.029201149200025703,-2.418562,31126,0.008361056897770353,0.022085073989590698,-2.015924,31126,True,False,-2.0631013020023556,-1.9092043702150714,-1.4563787767080612,0.09558722031258905,0.7235955405114625,-0.3231356504101899
74715000,0.005528504021447721,0.02876199000157704,-2.464233,31705,0.008195079890241595,0.021906406326878194,-2.03051,31706,True,False,-2.198602794256518,-2.1804284059243124,-1.5009436067298663,0.019867066319245293,0.6746125840738739,-0.5737669417643753
74725000,0.0056512652314932585,0.028718229617145766,-2.450278,31448,0.008327741804190913,0.02205498899806035,-2.01917,31449,True,False,-2.1667069048245917,-2.097554559975625,-1.4653238800367316,0.07873629340580285,0.6786071619858909,-0.5533278688027555
74735000,0.006513627017353233,0.028735439775015182,-2.359079,31291,0.008085530986408632,0.021941857815832192,-2.048651,31417,True,False,-1.942647560982137,-1.5559557153554704,-1.530357489719323,-0.07430812314964592,0.8055905083169318,0.09640833305299669
74745000,0.006679043546880536,0.028496689953940797,-2.335544,31047,0.007664456887149548,0.02128200240585103,-2.075679,31174,True,False,-1.8996689414812473,-1.4161896125677724,-1.643415894250532,-0.21461830566247334,0.8714307674009902,0.4332934530509534
74755000,0.00600176495986378,0.02764450282777913,-2.388298,32888,0.007441271936998334,0.020759155050734515,-2.08121,33015,True,False,-2.075639860292531,-1.7294770987144572,-1.7033410580729402,-0.24333132991430256,0.80655095132631,0.10132263568434725
74765000,0.006388582555780934,0.027509477513764126,-2.34224,34510,0.007817805375909459,0.020779471994456636,-2.023673,34636,True,False,-1.9751366861618693,-1.4559548058656864,-1.6022418217844885,0.055359915136775135,0.817183627449633,0.15572689261674985
74775000,0.006637122773800367,0.027526031033666645,-2.31508,33802,0.007950746669417589,0.020605253124263145,-1.992358,33928,True,False,-1.9105608212743022,-1.2946611006728297,-1.5665470816739209,0.21792515730745662,0.8347798074525435,0.24576133801918976
74785000,0.005862161359973239,0.026969936045981205,-2.387471,32883,0.007997942768519645,0.020231113976401895,-1.961528,32884,True,False,-2.1119117493098836,-1.7245658360416132,-1.5538749280696877,0.3779726238928673,0.7329586531985497,-0.27522737384771956
74795000,0.0054668091330936355,0.026841753449494483,-2.429202,32541,0.008825930456961987,0.020511441904059496,-1.848113,32541,True,False,-2.214632396251538,-1.972391594929799,-1.331560216261264,0.9667427641064346,0.619403150721787,-0.8562572727348429
74805000,0.005955551754329075,0.0275824905960179,-2.391775,30838,0.009153406738439588,0.020807755626175498,-1.816851,30838,True,False,-2.0876470023977864,-1.7501257810765924,-1.2436328277782929,1.129032867914189,0.6506377269698754,-0.6964391900935133
74815000,0.00549094795681116,0.027121757301653025,-2.432844,31397,0.008604875692719281,0.02030215934135932,-1.868942,31398,True,False,-2.2083606329475973,-1.9940201543669247,-1.3909134251223139,0.8586133874762841,0.638120543851335,-0.7604859115917113
74825000,0.005117422813527619,0.02715367010589194,-2.475656,33147,0.008689119882952729,0.020887653383209144,-1.894582,33149,True,False,-2.3054101542564633,-2.248265592758553,-1.3682938582679849,0.7255087152982143,0.5889460477542199,-1.0120972546966287
74835000,0.0051853549600666075,0.026732407844830244,-2.458761,32429,0.008220517776201782,0.020408911596928862,-1.937311,32431,True,False,-2.2877599841898983,-2.147932118928166,-1.4941135338130898,0.5036900905908518,0.6307820384596815,-0.798034871815524
74845000,0.005047353486669514,0.026386317369288023,-2.466949,32782,0.007287748115827052,0.01980187370701492,-2.050013,32773,True,False,-2.323615607764185,-2.196557776443598,-1.7445622072951346,-0.0813786599478719,0.6925806718961655,-0.4818295541180358
74855000,0.004937203721330099,0.026072132027388006,-2.472762,32569,0.007021847235872236,0.019395485196560196,-2.069402,32560,True,False,-2.3522347842525515,-2.2310791427280625,-1.8159565991706579,-0.18203257917020615,0.70312035501251,-0.4279011148806227
74865000,0.005250200057959815,0.026832256343379702,-2.4535,31056,0.007359693615924757,0.01983312143271275,-2.039994,31046,True,False,-2.270911892908972,-2.1166888868582245,-1.7252448390016228,-0.02936712677501471,0.7133720956263094,-0.3754459922107917
74875000,0.005558552066427628,0.026828823438384598,-2.417965,26495,0.006687870525600363,0.019071745997583447,-2.105617,26484,True,False,-2.190795693626204,-1.905658996798277,-1.9056293529219803,-0.37003514168693025,0.8311393058747414,0.22713396886918621
74885000,0.005450525196521476,0.027953366878061745,-2.455266,26333,0.006986472418509232,0.01967741721753666,-2.09149,26322,True,False,-2.218863298180816,-2.1271765408851233,-1.8254547383786535,-0.29669778974232686,0.7801541135525594,-0.03374217093531166
74895000,0.005493230810322157,0.028702665762656145,-2.466109,24336,0.00756819107495069,0.020353073635765946,-2.036886,24336,True,False,-2.2077675006124813,-2.1915693113345394,-1.669263266856101,-0.013232597869809652,0.7258314114853327,-0.3116953603534547
74905000,0.005173524976873265,0.029071684458834412,-2.506737,21620,0.007748077705827937,0.0210493691026827,-2.048774,21620,True,False,-2.2908336573459094,-2.43284474044262,-1.6209637026718826,-0.07494665180322961,0.6677172291369576,-0.6090484322637647
74915000,0.005364838166035645,0.028641077200110814,-2.478168,21658,0.007466946825177403,0.02080285816975394,-2.078419,21702,True,False,-2.2411265525843236,-2.263183478894212,-1.6964473500553956,-0.22884243989678998,0.7184781533392244,-0.3493198060556656
74925000,0.005542261865728338,0.028428965612379543,-2.455279,25009,0.0074889909791242566,0.02081337847762743,-2.076056,25053,True,False,-2.1950282231046585,-2.127253743321335,-1.6905284942557703,-0.21657542194215793,0.7400545522324071,-0.2389197585562535
74935000,0.006032365188572387,0.028261606452154215,-2.398719,23837,0.007526999078765546,0.02125963682425359,-2.094666,23881,True,False,-2.0676892909626963,-1.7913637593114662,-1.6803233187005213,-0.3131853263584575,0.8014303078089012,0.07512181828436362
74945000,0.006345682140881432,0.028696799787940257,-2.375062,21692,0.007714273898242708,0.021802923176005153,-2.095192,21738,True,False,-1.9862830970656942,-1.650873141353166,-1.630040025721414,-0.31591594482825625,0.8225896856380691,0.18338809241856216
74955000,0.006376246121797713,0.02891423264781491,-2.377049,22562,0.008114680599787686,0.0220897684447983,-2.051488,22608,True,False,-1.9783419456584734,-1.6626732367956638,-1.5225308179123032,-0.08903581250101812,0.7857667400938174,-0.005024022006987561
74965000,0.0063288072865150015,0.02917357352456314,-2.387317,18198,0.009055522512629035,0.022893977926641777,-1.959465,18212,True,False,-1.9906675316020748,-1.7236512841049514,-1.2699147444727332,0.3886822548875377,0.6988892444018228,-0.4495504556583708
74975000,0.00743594069026437,0.029494181525648307,-2.279601,15849,0.010654846182941435,0.024481605307949315,-1.830593,15863,True,False,-1.7030114827631642,-1.0839637749534854,-0.8404963052652871,1.0576941625682048,0.6978928238466192,-0.4546488447439851
74985000,0.008683732131758857,0.029597555748912367,-2.15385,16090,0.011678898348236462,0.024379388723298562,-1.688567,16104,True,False,-1.3788095802464844,-0.33717273218076677,-0.5655382772870611,1.794992297153331,0.7435403471141709,-0.2210839777837019
74995000,0.008692090628946703,0.028917977368022228,-2.132554,19795,0.010853729792497602,0.023562451153632553,-1.748797,19807,True,False,-1.3766378706158793,-0.21070326436828193,-0.7870960519051465,1.4823209084916622,0.8008390475092643,0.07209651431739526
75005000,0.00880410454693233,0.028205457944359295,-2.097462,21531,0.009666306410434944,0.022595610499930373,-1.855406,21543,True,False,-1.3475343488961018,-0.0023041957884697177,-1.1059192550308607,0.9288826871097615,0.9108033796061076,0.6347514571942805
75015000,0.008403653018582733,0.027954613452476212,-2.132698,22494,0.008828452011558123,0.022531978750833518,-1.97219,22495,True,False,-1.4515798993297195,-0.2115584298155498,-1.3308831787990236,0.32262309133582323,0.9518829583692309,0.8449435040301213
75025000,0.007881920937915845,0.028261386362593493,-2.198885,21793,0.00829169117782062,0.022262025383273664,-2.034827,21786,True,False,-1.5871366338378545,-0.604619787164581,-1.475003473977437,-0.002543732034604837,0.9505806196688962,0.8382798223337887
75035000,0.006919938668356493,0.0289211396822523,-2.319821,22093,0.007896122187514147,0.021973286522703608,-2.077333,22089,True,False,-1.8370794300513942,-1.3228162352943083,-1.5812137562169855,-0.2232046991017286,0.8763717814927867,0.45857515984225433
75045000,0.006070746727996965,0.028590236627465855,-2.401772,21088,0.007646102020489471,0.021677112692088787,-2.098602,21084,True,False,-2.05771697692914,-1.8094944545233143,-1.6483441763358533,-0.3336182432731563,0.7939662211842082,0.03693029605744581
75055000,0.006004320352341215,0.02979709879977335,-2.434658,19413,0.00901664212478747,0.022664074089339997,-1.95221,19409,True,False,-2.0749759167236688,-2.0047928635429155,-1.2803541294281522,0.4263450628692812,0.6659153451188728,-0.618268139508232
75065000,0.005592057550304596,0.029437540105224293,-2.470172,21668,0.008401700964778654,0.022020871901398696,-2.005349,21663,True,False,-2.1820902791984174,-2.2156980419751346,-1.4454658438591785,0.15048511065124445,0.6655863584942434,-0.6199514667013177
75075000,0.005441621115937187,0.028782476695623123,-2.473157,23944,0.008561847329519355,0.02171025389401595,-1.963996,23947,True,False,-2.221176761608751,-2.2334249090591083,-1.4024665415489306,0.36516052050224734,0.6355662401472263,-0.7735555276874085
75085000,0.005183665760764064,0.02774569227782739,-2.480068,25757,0.008115184126737594,0.021331490797546013,-2.009354,25754,True,False,-2.288198872941178,-2.274466911878985,-1.522395620915634,0.12969399473575277,0.6387613244270236,-0.7572072270279459
75095000,0.005733501432454272,0.028166327223977078,-2.429226,27226,0.008085893839767844,0.021601788377474927,-2.02938,27223,True,False,-2.145340246967592,-1.9725341225043422,-1.5302600635847223,0.025733223868434064,0.7090745372213405,-0.397435326686341
75105000,0.005708149984869118,0.027905724958390072,-2.426099,26436,0.008147836794915446,0.021449905988726214,-2.011317,26433,True,False,-2.1519270749144286,-1.9539639672709814,-1.5136283788212597,0.11950349272773625,0.7005724499085716,-0.4409379912329446
75115000,0.005856658717370286,0.02830820621173058,-2.418838,24824,0.0085703340719552,0.021497776479593892,-1.950151,24821,True,False,-2.1133414491310414,-1.9108434373223329,-1.4001878510259274,0.437033928704486,0.683364110220055,-0.5289879725298005
75125000,0.006503597517366106,0.029008373628180362,-2.366063,24329,0.008333610087971717,0.021389140220340375,-1.979403,24326,True,False,-1.9452534315378949,-1.59743123954792,-1.4637482457178281,0.28517831752847494,0.7804057843734552,-0.03245444582795398
75135000,0.007151123943407314,0.029720089951634047,-2.315797,22123,0.008814234178929313,0.02188956238151124,-1.936872,22154,True,False,-1.7770127366017667,-1.2989191119623458,-1.3347006671597028,0.5059690668422631,0.8113154016831419,0.125700918098704
75145000,0.007890529629981926,0.030940656092456956,-2.271836,21026,0.009215381535831315,0.02209787994491143,-1.890189,21057,True,False,-1.5848999184275763,-1.0378501659394006,-1.226992593371611,0.7483140516819224,0.8562347201037646,0.3555397763729099
75155000,0.007517613526162668,0.030789920689800566,-2.305273,23717,0.008558648728313963,0.022090831227892876,-1.986525,23748,True,False,-1.6817911987464318,-1.2364207705245847,-1.4033253660400347,0.2482059510989809,0.8783645368330969,0.468771499153281
75165000,0.007946078436742039,0.030743255887645725,-2.261811,25562,0.008504978001797366,0.021659238424569217,-1.969683,25593,True,False,-1.570467194948891,-0.9783152103223748,-1.4177359572416173,0.3356376550312377,0.9342855954551306,0.7549030060212114
75175000,0.007459807314930073,0.03106130544775573,-2.317809,27314,0.00877412349606875,0.02206940596087036,-1.954024,27345,True,False,-1.6968104423761545,-1.3108676736283271,-1.345470386353669,0.4169280630513788,0.8502054157628899,0.3246896104617073
75185000,0.006848881096837609,0.030377563942649902,-2.362786,29503,0.008355188285937024,0.021619491305968883,-1.99018,29503,True,False,-1.8555416498651842,-1.5779702869736554,-1.4579544991090747,0.22923178663677954,0.8197159492342327,0.16868403373597235
75195000,0.00595917344521224,0.02976399019414281,-2.439815,30390,0.00808983797301744,0.02141576804870023,-2.018496,30390,True,False,-2.0867060125531665,-2.0354184761231626,-1.529201063724027,0.08223522277585074,0.7366245733336387,-0.2564699454628209
75205000,0.006098291544911701,0.029426983388387753,-2.418449,31484,0.008062948354719858,0.021456952991995935,-2.025002,31484,True,False,-2.0505602664795672,-1.908533302884923,-1.53642092680401,0.04846069090414356,0.7563351861657289,-0.15561657304983587
75215000,0.0061599341009463725,0.029431331735015772,-2.412167,31700,0.008365453154574133,0.022092003406940064,-2.015706,31700,True,False,-2.034544261498402,-1.8712267102479023,-1.4551983816635323,0.09671892150349375,0.736353905416133,-0.2578548730912512
75225000,0.007539236514801033,0.029383088001609173,-2.267789,29829,0.00910844369573234,0.02245812531429146,-1.928307,29829,True,False,-1.676173101184985,-1.013816453681835,-1.2557054056934265,0.5504324645491727,0.82771950583978,0.20963586419623673
75235000,0.008070821132457027,0.03002968675429727,-2.230676,29670,0.009653225851027973,0.02313544772497472,-1.890491,29670,True,False,-1.5380564747507939,-0.7934153755955854,-1.1094313855074918,0.7467462821422274,0.8360750340879639,0.25238862938420487
75245000,0.00881621644382064,0.029842454347344317,-2.149138,27074,0.010224589126098839,0.023329801100687005,-1.822137,27074,True,False,-1.3443874287588926,-0.3091898183785326,-0.9560203341013308,1.1015917096796621,0.8622563053723843,0.38635044607587976
75255000,0.009169794667533735,0.030421385018696148,-2.130667,24604,0.010747625101609495,0.023687664363518126,-1.771807,24604,True,False,-1.2525205277654383,-0.19949703381972092,-0.8155851636462733,1.3628693286625906,0.853192643104059,0.33997436868245046
75265000,0.009422601618939855,0.030833787318304468,-2.117828,22978,0.01096170830975493,0.023832838114308103,-1.751485,22973,True,False,-1.1868360777125182,-0.12325072008735334,-0.7581038177443657,1.4683667213304041,0.8595924424074112,0.37272024766691925
75275000,0.007391095756665415,0.029458855050694708,-2.284639,23967,0.00863911376345881,0.022397051706869207,-1.99212,23962,True,False,-1.7146631196533824,-1.1138826883099506,-1.3817205024066943,0.21916068429569396,0.8555386535049249,0.35197820959083964
75285000,0.008976821132289264,0.02981487827283396,-2.13167,24711,0.008959266979681049,0.0223381357564964,-1.942419,24706,True,False,-1.3026590246176815,-0.2054534987058949,-1.2957593570992263,0.4771729819525691,1.0019593291111903,1.101169472778653
75295000,0.008966485748665112,0.030008364518312403,-2.138819,26594,0.008740246944225056,0.022191628681033512,-1.96602,26589,True,False,-1.3053443700390095,-0.24790889997333518,-1.3545662412381325,0.35465334981237145,1.0258847153728923,1.2235885934488884
75305000,0.0093178427456382,0.030137473905723904,-2.107135,26136,0.008735332453523066,0.02193795206946676,-1.9519,26142,True,False,-1.2140545894769703,-0.059748746978840875,-1.35588578209526,0.42795436272790854,1.0666843872530805,1.4323484396045123
75315000,0.009199408508691675,0.030302636017078374,-2.124216,26232,0.008854860076972908,0.022165444766223376,-1.947702,26243,True,False,-1.2448262422262366,-0.16118680951194903,-1.3237926126782271,0.4497473975876406,1.038910657957743,1.2902384865664327
75325000,0.008684833284478968,0.030343597611021546,-2.17728,27292,0.009338109328645204,0.02247790074350804,-1.896117,27303,True,False,-1.3785234781023683,-0.47631527682983504,-1.1940401784128425,0.717540085353076,0.9300419366303334,0.7331894597455662
75335000,0.006501193624371859,0.029911466315954774,-2.387152,25472,0.008253436016167641,0.022004260212690814,-2.026759,25483,True,False,-1.94587801242238,-1.722671407029958,-1.485274985688035,0.039339594608633774,0.7876954048758217,0.00484438488509068
75345000,0.0064587354214123,0.030000839749430526,-2.393533,26340,0.00786503047553987,0.02192780192796691,-2.08005,26349,True,False,-1.9569095275611934,-1.7605659259119777,-1.5895618815377803,-0.23730943366911658,0.8211964901469706,0.17625952341338683
75355000,0.006407828212240193,0.029690292028385145,-2.391995,27761,0.007633838500126312,0.021558759897506226,-2.095011,27709,True,False,-1.9701362684383743,-1.751432283843251,-1.6516369318119901,-0.3149763213624127,0.8393979270237597,0.26939088911083725
75365000,0.00639242746981432,0.029347650251970104,-2.386025,29567,0.007729577536845672,0.021624048754870406,-2.084293,29515,True,False,-1.9741376983477328,-1.7159785496753068,-1.625930998433776,-0.2593360765728444,0.8270086481884206,0.20599861597590452
75375000,0.0068396610255714585,0.029765201519365122,-2.349536,29486,0.008577894713596521,0.022236427974451314,-1.992535,29434,True,False,-1.8579372141769936,-1.4992831885272149,-1.398157818585784,0.21700629900107982,0.7973589387533693,0.05428982776807864
75385000,0.007071086656052034,0.029797477726210237,-2.326608,29519,0.009719799029422745,0.02262016890080429,-1.850046,29467,True,False,-1.7978080714389553,-1.3631218456457024,-1.0915564857045161,0.956708000794413,0.7274930926706602,-0.30319302951051696
75395000,0.006166768756000549,0.02944083366479221,-2.411486,29164,0.010114582984131346,0.022538612591880194,-1.788148,29114,True,False,-2.0327684774226946,-1.8671824903202012,-0.9855569855395517,1.2780384609534694,0.6096908558341478,-0.9059522112754185
75405000,0.005980475589977824,0.02913450451792275,-2.424329,30213,0.010270203753351206,0.022612491907457056,-1.770663,30213,True,False,-2.0811712768344983,-1.9434525586483269,-0.943772805722091,1.3688081642699108,0.5823132367774468,-1.0460353854530882
75415000,0.006231920303291173,0.02889562873319648,-2.392588,30202,0.010386905269782384,0.022182962770362028,-1.725028,30191,True,False,-2.0158407642800023,-1.7549539026642869,-0.9124384460991702,1.605712677329437,0.5999785442754633,-0.9556472351167995
75425000,0.006376595433789954,0.028195364220482716,-2.360576,30660,0.009587813403373682,0.0212164129335378,-1.777948,30649,True,False,-1.9782511872122377,-1.564845872817684,-1.1269946290821697,1.3309896175921712,0.6650729593408867,-0.6225783782261434
75435000,0.006600921801110273,0.028126670447536153,-2.334447,29182,0.009075365054334785,0.021003475437934935,-1.842095,29171,True,False,-1.9199665791828724,-1.4096749146813001,-1.2645870216062745,0.9979839465232679,0.7273450446995946,-0.30395054716296444
75445000,0.007361639689088631,0.028184856000884106,-2.253436,27146,0.008924240022111665,0.021274985406301825,-1.882874,27135,True,False,-1.7223164123684014,-0.9285790254552867,-1.3051640959452986,0.7862883370556579,0.8249038204764366,0.19522883550737014
75455000,0.007786197611710324,0.029137890145678667,-2.235239,28556,0.009465668067962866,0.022313263408653004,-1.867718,28545,True,False,-1.6120075244683314,-0.8205134307058587,-1.1597906542159295,0.8649675262729289,0.8225724329023524,0.18329981527592815
75465000,0.007205025763761791,0.029432015204843023,-2.303629,28412,0.008908150464592425,0.022302794980993947,-1.948147,28412,True,False,-1.7630079340947837,-1.2266576316682853,-1.3094841424785315,0.44743727359703045,0.808812759999945,0.11289564127439368
75475000,0.006823474353256021,0.03074742246506096,-2.373403,26904,0.00922701479333928,0.02334141997472495,-1.961464,26904,True,False,-1.862142844850172,-1.6410209227627799,-1.2238690634853855,0.378304866444325,0.7395105032433343,-0.24170349621947498
75485000,0.006223203436078828,0.030469719757453263,-2.427527,29685,0.008643849621020718,0.023022217719386895,-2.026056,29685,True,False,-2.0181055858200847,-1.9624443579563802,-1.3804489245514464,0.0429890713848116,0.719957392704381,-0.34175097601202536
75495000,0.0058370915732417605,0.03045783139750194,-2.465956,29703,0.008344182877150457,0.02269438558394775,-2.051264,29703,True,False,-2.1184253959688943,-2.190660698046818,-1.460909451600364,-0.08787296357091443,0.6995402257093304,-0.4462195769688422
75505000,0.005234990200764819,0.030410546088272785,-2.525033,25104,0.0072979252310388775,0.021742952039515616,-2.154584,25104,True,False,-2.2748637269059406,-2.5414982614370416,-1.7418296516461316,-0.6242370325817642,0.7173258200152326,-0.35521595463605005
75515000,0.005511255494505494,0.030724498376623378,-2.502883,24024,0.006234829212454213,0.021361299825174825,-2.296328,24024,True,False,-2.2030843166202096,-2.409957187430349,-2.0272709550560317,-1.3600712234245267,0.8839465054626735,0.4973327806208847
75525000,0.006069133260680036,0.03100328212728858,-2.45282,22940,0.005519532781168265,0.02060749891020052,-2.373956,22940,True,False,-2.0581361889516,-2.1126506055794634,-2.219328061941387,-1.7630606731842493,1.0995737322888843,1.6006334843959553
75535000,0.006925261091811415,0.03190781364764268,-2.387628,20150,0.00532301111662531,0.020552791563275434,-2.402085,20150,True,False,-1.8356965548747393,-1.7254982039250901,-2.272094133015669,-1.9090864658401354,1.3010044390442492,2.6312947964955713
75545000,0.007588435208370595,0.03307987126632087,-2.350326,22364,0.007519409899839027,0.022357077311751027,-2.152073,22364,True,False,-1.6633902678314532,-1.5039747211893038,-1.6823610134023417,-0.6112017037268853,1.0091796177427494,1.1381135528278703
75555000,0.0072274123868384405,0.03273320438718663,-2.376597,22976,0.007968128090181058,0.02265465585828691,-2.102301,22976,True,False,-1.7571914285867152,-1.659988967475075,-1.5618801698323679,-0.3528208244894862,0.907040186232023,0.6154963104339154
75565000,0.007101022584524923,0.032824594057641765,-2.390164,22449,0.009088892511915898,0.02326959147400775,-1.976262,22449,True,False,-1.790030100985103,-1.7405586176352927,-1.2609548989604615,0.3014841589992755,0.7812857919944812,-0.027951707273569264
75575000,0.006699195815155237,0.03218992735821085,-2.415307,23609,0.009634924816807151,0.02365214757084163,-1.922069,23609,True,False,-1.8944329673453293,-1.8898740679174724,-1.114345213581738,0.5828157307366454,0.6953033824892093,-0.46789824981247036
75585000,0.006864302770107008,0.03200311826889886,-2.395805,23176,0.010254890231273732,0.024076043838453572,-1.861814,23176,True,False,-1.8515347816918126,-1.7740585363021906,-0.9478844867228439,0.8956169016449772,0.6693687221705552,-0.6005982311779975
75595000,0.006332198511508246,0.03038140023889374,-2.413986,21767,0.008430087062390885,0.022516542819075624,-2.028583,21766,True,False,-1.9897864215398393,-1.8820291126685862,-1.4378441760516525,0.02987068189206795,0.7511427182950529,-0.18218489440873192
75605000,0.006743674589997976,0.029797454423972462,-2.359707,24695,0.007744567508410685,0.02232214324510559,-2.117963,24671,True,False,-1.8828764660374218,-1.5596851868893864,-1.6219061907524424,-0.4341268063792256,0.8707619350821426,0.429871236019489
75615000,0.007517927780491777,0.029912147532975084,-2.283404,24564,0.007380795232273839,0.021885261735941318,-2.149331,24540,True,False,-1.6817095490027463,-1.1065484568698492,-1.7195790545668768,-0.5969671869128341,1.0185796440495059,1.186210705457428
75625000,0.007985783346953601,0.02986544846999001,-2.234142,22026,0.007078673302427052,0.021559067902917915,-2.177811,22002,True,False,-1.560151041943045,-0.8139987328193865,-1.8006987991022696,-0.7448151223118769,1.1281469006650624,1.7468339306129301
75635000,0.008399262769604652,0.03046079247493816,-2.208853,23043,0.007341046613666971,0.021565654372474912,-2.138845,23019,True,False,-1.452720576388308,-0.6638162397920613,-1.73025155950109,-0.5425313213723008,1.1441505839191348,1.8287200414584883
75645000,0.009112664672851562,0.031059398518880208,-2.155207,24576,0.008337153626848044,0.022090716979595162,-2.019133,24553,True,False,-1.2673640764153191,-0.3452314787914706,-1.4627968054548035,0.078928371130864,1.0930186824800912,1.5670932345222643
75655000,0.009407500584203147,0.03152474127589967,-2.140018,25676,0.008390608973360336,0.02192595314690762,-2.002135,25676,True,False,-1.1907596373946936,-0.25502934005162176,-1.448444043788919,0.1671699162823012,1.1211940175106931,1.7112580852505812
75665000,0.009260204567484782,0.03138171761467178,-2.150187,25791,0.009285842535866614,0.022671218689414505,-1.914964,25790,True,False,-1.2290301746537307,-0.31541946111591285,-1.2080738133761622,0.6196998452384074,0.9972390261537599,1.077017079541402
75675000,0.009126543002697033,0.03121580978423734,-2.158525,26696,0.010394877205469189,0.02335268702004121,-1.799848,26695,True,False,-1.2637582006334924,-0.36493591597224845,-0.9102979811991408,1.2173003695149591,0.8779846863313757,0.46682791655452105
75685000,0.008829615090213232,0.03052020539456898,-2.167885,27435,0.01054527225340818,0.023533952686447472,-1.790317,27434,True,False,-1.340906184612496,-0.420521670044603,-0.8699169076558002,1.266778553232946,0.8373055600683561,0.25868486664590484
75695000,0.00886805518926466,0.030637755546075084,-2.16732,25784,0.010744406430593802,0.023774938990807896,-1.777766,25783,True,False,-1.3309186555824233,-0.4171663333938684,-0.8164493768818666,1.3319344323478821,0.8253648302072426,0.19758768586190045
75705000,0.009314583170799666,0.03121372188167549,-2.139597,21534,0.012065286769145034,0.02490360052013189,-1.671854,21533,True,False,-1.2149014941189693,-0.25252916884815496,-0.4617929781244604,1.881754324692804,0.7720150667798601,-0.07538726448193876
75715000,0.00911233029509972,0.030713838642721772,-2.144899,22162,0.011535709096651926,0.02451748759137262,-1.717192,22162,True,False,-1.2674509546384751,-0.28401588552460993,-0.6039845943572657,1.6463916247236396,0.7899237245627531,0.016246037241398725
75725000,0.010688542154334457,0.030497767863519144,-1.981138,25205,0.010453916263387545,0.023615760134867114,-1.807716,25210,True,False,-0.857918666998151,0.6885032034329573,-0.8944459929029717,1.176455300845026,1.0224438272734817,1.2059825873912644
75735000,0.01098587302015492,0.030638650429689003,-1.956521,25949,0.009981418394081837,0.023357969330353705,-1.857525,25954,True,False,-0.7806659874474142,0.8346949243730379,-1.0213116807761886,0.9178823438825646,1.1006324538673422,1.6060506493792803
75745000,0.010219123702675047,0.02991001173074112,-2.008129,27364,0.009746178121232052,0.022663173700171728,-1.848754,27369,True,False,-0.9798832438044646,0.5282131299108522,-1.0844736989974015,0.9634151473019822,1.048526260813219,1.339438680594893
75755000,0.00914173135807532,0.028919559291914428,-2.086141,29262,0.009242657247317708,0.021970531879997268,-1.8792,29266,True,False,-1.2598119532511234,0.06492724885395888,-1.2196690642622898,0.8053611360253236,0.9890804249750063,1.0352719318862134
75765000,0.008766670803740948,0.02872321816327966,-2.119309,28442,0.008972012304014624,0.0218362969837587,-1.910934,28446,True,False,-1.357260405957714,-0.13204585916653716,-1.2923372372468718,0.6406207434005623,0.977113105364134,0.9740386992220551
75775000,0.007094056946366419,0.028601506646538346,-2.293284,23847,0.008537191436718947,0.02159147827727921,-1.960635,23846,True,False,-1.7918399171676254,-1.165222308390667,-1.409086649285815,0.3826084457436872,0.8309591039336983,0.2262119288684831
75785000,0.006805413587550054,0.028370532990535127,-2.317899,21976,0.008153607667470099,0.021210227159034062,-1.995919,21989,True,False,-1.8668354035647674,-1.3114021520328698,-1.512078899418632,0.1994389740927102,0.8346506068351996,0.24510025669777302
75795000,0.007118655184381779,0.028598981865509764,-2.290501,23050,0.007175312838746044,0.02077428439491827,-2.122545,23063,True,False,-1.7854487885719794,-1.1486950483924445,-1.7747510815625631,-0.4579132965477096,0.9921038070900102,1.0507416833844938
75805000,0.007238674225515578,0.02889403914829033,-2.285535,22402,0.007020057726623841,0.020271368665239115,-2.119405,22416,True,False,-1.7542653710713736,-1.119203717759612,-1.8164370824415914,-0.44161264636677516,1.0311416953257557,1.2504870040396825
75815000,0.007147890977288652,0.028524165986562797,-2.285516,24261,0.006932415406797116,0.01967243472708548,-2.099841,24275,True,False,-1.7778527277505973,-1.1190908834297644,-1.8399690471633794,-0.3400502514177986,1.0310823223721224,1.2501832102076462
75825000,0.006935089184900926,0.028246406036677614,-2.301233,27101,0.007064800368799557,0.019740651926977687,-2.082413,27115,True,False,-1.8331430139769795,-1.2124286288095925,-1.804423682073822,-0.24957645162374864,0.98163979488062,0.9972004297828045
75835000,0.006854077816065036,0.027868257000434916,-2.300132,29891,0.0077814463575273315,0.01996605088429006,-1.979413,29911,True,False,-1.8541914352344773,-1.2058901763273648,-1.6120042189868748,0.2851264046298092,0.8808231145145385,0.4813513135215587
75845000,0.006771556632299901,0.027713180115851214,-2.304807,27449,0.008797863300447777,0.020489908442243986,-1.850686,27469,True,False,-1.8756321374904106,-1.233653360118844,-1.339096248377245,0.9533855752798278,0.7696819558398066,-0.08732510266700719
75855000,0.007255839368271859,0.028461056896028077,-2.272726,29633,0.009348236232421678,0.021064196641149294,-1.80416,29653,True,False,-1.7498055136356698,-1.0431355634954262,-1.19132110453529,1.1949155276104406,0.7761720166106907,-0.05411738246648471
75865000,0.007383728765771481,0.028966522097695076,-2.272772,28374,0.009942396479966139,0.0215171524760158,-1.744842,28352,True,False,-1.7165772155384893,-1.043408741346635,-1.0317890655391972,1.5028524599138253,0.7426508066389873,-0.22563549313151798
75875000,0.007415907226832642,0.0292974301175657,-2.27827,28920,0.010590296387293238,0.02257738092601564,-1.722286,28898,True,False,-1.7082165889552579,-1.0760594332152054,-0.8578279267581359,1.6199471941434882,0.7002549273059643,-0.44256266041817455
75885000,0.007063239194177101,0.02985592655834972,-2.328793,28989,0.011714317673068951,0.023346029086638107,-1.61627,28948,True,False,-1.7998470035755092,-1.376097793578193,-0.55602818782257,2.1703069806345296,0.602957798422642,-0.9404032733700007
75895000,0.0070389087519907335,0.030211117417113072,-2.339654,27628,0.011373687896472976,0.02346682712872005,-1.671652,27587,True,False,-1.8061685533021568,-1.4405974597085167,-0.6474872900222223,1.8828029652458451,0.6188765522723307,-0.8589517211514159
75905000,0.007297661837970414,0.0296399903426075,-2.299156,26094,0.010925514911910338,0.0235846048439719,-1.741033,26053,True,False,-1.7389391750847514,-1.2000940549625547,-0.7678217458289311,1.5226260830154736,0.6679467189244274,-0.607874200939867
75915000,0.007814603120759838,0.029387062603648425,-2.239057,26532,0.010360618550484304,0.02358957792183319,-1.819067,26533,True,False,-1.6046271884846375,-0.8431871923563119,-0.9194964307850723,1.1175289695699377,0.754260286939581,-0.1662332183138237
75925000,0.007805399038461539,0.029014543734491315,-2.229515,25792,0.009639246403784265,0.022560626613935094,-1.857633,25791,True,False,-1.607018598533463,-0.7865206041769968,-1.1131848673872438,0.9173216845769784,0.8097519983924493,0.11770144615680668
75935000,0.008869605092864946,0.028570754475165983,-2.102937,23798,0.007715364304925198,0.02147222613044209,-2.077607,23796,True,False,-1.330515958722018,-0.03481829873143149,-1.6297472515041698,-0.22462711252516096,1.1496028887712955,1.856617871751661
75945000,0.008304021776752235,0.02824988592443034,-2.153575,27736,0.007641521629233769,0.02150956059074168,-2.091217,27694,True,False,-1.4774661468847277,-0.33553960372244557,-1.6495740114846065,-0.29528056760876176,1.0866974118065666,1.5347491632957058
75955000,0.007135155702908466,0.027897654282005403,-2.270086,28503,0.007425765854343703,0.02095333222136386,-2.094031,28478,True,False,-1.7811616141925362,-1.0274575302955316,-1.7075044415927205,-0.3098888572932053,0.9608646222981505,0.8909000201886069
75965000,0.005979321323176172,0.027844663509711067,-2.395264,29142,0.007635093072775354,0.020696992066490366,-2.047016,29117,True,False,-2.081471179110362,-1.7708457272259992,-1.6513000790292645,-0.06582036421785487,0.7831366646330469,-0.018481339756514708
75975000,0.00551020255744387,0.027757367772262582,-2.44485,30421,0.007693545188353347,0.020713874650435928,-2.038952,30395,True,False,-2.203357891343723,-2.0653195735328125,-1.635605684763861,-0.02395780273408071,0.716211112373179,-0.3609195837374547
75985000,0.004232728850176606,0.027466330475635264,-2.580176,29161,0.007382518036725588,0.020486274686802815,-2.074673,29135,True,False,-2.535271857523073,-2.8689731798998435,-1.7191164815352493,-0.20939586805673552,0.5733448708313584,-1.091923859769027
75995000,0.00433796976226388,0.02757720642102995,-2.570316,27846,0.007462322038765255,0.020164319705671216,-2.043006,27860,True,False,-2.5079281021592594,-2.8104181013578136,-1.6976891053045908,-0.04500329185303148,0.5813163435897035,-1.0511361928595306
76005000,0.004946032355238201,0.027697521439994047,-2.505357,26889,0.007567825262218254,0.020409336866770808,-2.040582,26886,True,False,-2.3499409234241733,-2.4246494049063103,-1.6693614875824747,-0.032419605216540054,0.6535605915653023,-0.6814837569942747
76015000,0.006180300868770005,0.027881549306508154,-2.373888,26244,0.007904918143363438,0.02085662246103426,-2.013947,26241,True,False,-2.0292525559641588,-1.6439011674983657,-1.5788520418859506,0.10585040037873807,0.7818298376636155,-0.025167986597490782
76025000,0.006790373175542406,0.028031330046022356,-2.310758,22815,0.008144700153407847,0.020897137628753015,-1.978699,22815,True,False,-1.870743212214003,-1.2689942599569404,-1.5144705671321996,0.28883298559451887,0.8337167787203592,0.2403221346049689
76035000,0.006857622754491017,0.027885232486076796,-2.299647,23881,0.00806378598048658,0.02094565273648507,-1.994305,23881,True,False,-1.8532703872581975,-1.203009931591779,-1.5361960242679806,0.2078177159373048,0.8504222174405005,0.3257989204825619
76045000,0.006366219433232425,0.027356710309451734,-2.339872,23784,0.007625761183989236,0.020721402119071645,-2.049294,23784,True,False,-1.9809470857489644,-1.4418920851772976,-1.6538056913651398,-0.07764612253383166,0.8348306850467205,0.24602166361112948
76055000,0.006552138941944655,0.027198827655132592,-2.314729,22513,0.007705729578465776,0.02052331746102252,-2.024927,22513,True,False,-1.9326413701982317,-1.2925766348951153,-1.632334175761714,0.04885003764413541,0.8502944302970462,0.3251450714887141
76065000,0.006326918994541535,0.027024487317095544,-2.335283,21801,0.00775300348607862,0.019783579789917894,-1.971423,21801,True,False,-1.991158148727619,-1.4146396251946005,-1.6196411305706933,0.3266048106634599,0.8160603830376475,0.14997958339010073
76075000,0.006217397010762996,0.027331096997690534,-2.355704,22949,0.007406363675977167,0.019929971153427165,-2.037351,22949,True,False,-2.0196142146434712,-1.5359127751851493,-1.7127139268933136,-0.015646547657751305,0.8394668804786577,0.26974370353245014
76085000,0.006337730636387187,0.02777303894309645,-2.353605,23162,0.007549865339780675,0.020448093774285466,-2.045247,23162,True,False,-1.988349061616482,-1.523447551061446,-1.6741837271357263,-0.05663697244394482,0.8394494936212066,0.26965474012859525
76095000,0.0071305459502242555,0.028838630111687625,-2.295538,22742,0.007863753099991206,0.02085153381408847,-2.019605,22742,True,False,-1.7823593228325012,-1.1786080230999723,-1.5899048568995355,0.0764780823138584,0.9067611685611328,0.6140686595885656
76105000,0.007139317303443011,0.028836790285645415,-2.294803,24891,0.007831882969748101,0.020900403680044997,-2.027704,24891,True,False,-1.7800803447063485,-1.1742431161295461,-1.5984619875419268,0.03443382568475532,0.911570988869441,0.6386790866171761
76115000,0.006768358652156027,0.02920339721006769,-2.343235,26739,0.007897422005310595,0.021847632671378885,-2.071003,26739,True,False,-1.876463038562799,-1.461863761560344,-1.580864755111227,-0.19034383424653556,0.8570339343148519,0.35962911895982885
76125000,0.0070821984491271995,0.02885572731066138,-2.301682,28758,0.008289901696919118,0.021827411016065095,-2.011784,28758,True,False,-1.7949209988597221,-1.2150950821833635,-1.4754839496372287,0.11707916036006237,0.8543163366773392,0.3457239761345132
76135000,0.0072583095681443815,0.02885924661605672,-2.283094,27926,0.008605154551314187,0.021652104848528256,-1.954488,27926,True,False,-1.7491637048592696,-1.1047074756986504,-1.3908385515837005,0.4145193045533044,0.8434839287152472,0.29029775049470935
76145000,0.0062322362215614414,0.027661993257727682,-2.363017,28922,0.007983663266717378,0.02069523684392504,-1.992266,28922,True,False,-2.0157586822101505,-1.579342114878648,-1.5577089746047408,0.21840275597517816,0.7806236327053826,-0.03133978038672268
76155000,0.006089280324665565,0.028092004734706147,-2.388891,26612,0.008340603900496017,0.021059621899894784,-1.958767,26612,True,False,-2.05290156699714,-1.7329987175354957,-1.4618704069075592,0.3923057752143827,0.7300766703839556,-0.28997362697359236
76165000,0.006426160533986734,0.02805876629631194,-2.351172,23671,0.007537376790165182,0.020084233196738625,-2.025587,23671,True,False,-1.9653731538744068,-1.508998818191998,-1.6775369029708607,0.04542378633222001,0.852572547835426,0.33680152471297475
76175000,0.00731875676248622,0.02834750445179344,-2.262279,23586,0.008683786525905198,0.019886414567964045,-1.826523,23586,True,False,-1.7334582794526423,-0.9810944980259932,-1.3697258647477233,1.0788227123250205,0.8428070796827093,0.2868345143118758
76185000,0.00650020446762142,0.02761530024128269,-2.331959,25696,0.007959521559775841,0.019371499066002492,-1.910298,25696,True,False,-1.9461350157081179,-1.394899556120187,-1.5641910234276741,0.6439224037556807,0.8166576871241594,0.15303581162582106
76195000,0.006941719981218252,0.028269288043710247,-2.300749,23427,0.008781979297391898,0.019958868485081317,-1.815701,23427,True,False,-1.831420196597576,-1.2095543227229468,-1.3433611035327306,1.1350028512607093,0.7904505062178668,0.018941423067100834
76205000,0.006393165517778556,0.028099950266775715,-2.356002,25677,0.008710453713440043,0.01996026514000857,-1.827688,25677,True,False,-1.973945938293771,-1.537682492569079,-1.362565724332226,1.0727748596305016,0.7339646966855514,-0.27007974706804605
76215000,0.006957073863430538,0.02795706401014309,-2.291103,27605,0.00912786085854012,0.0204038411157399,-1.79236,27605,True,False,-1.827430941936334,-1.152270115053937,-1.2504918970700438,1.256172748035606,0.76218009578021,-0.1257099003811007
76225000,0.005490610387220259,0.027582843124263838,-2.442892,27168,0.008204975080977622,0.02051255289310954,-1.945939,27168,True,False,-2.208448340476246,-2.0536916989095566,-1.4982867478085609,0.45889964162234936,0.6691806291952874,-0.6015606472654397
76235000,0.006249000182468433,0.02833787183417269,-2.377531,27402,0.00929836668856288,0.021531026202466975,-1.842749,27402,True,False,-2.0114030600772943,-1.6655356655844316,-1.2047110781130899,0.9945888429505516,0.6720535328161225,-0.5868608496870017
76245000,0.006975232509023884,0.028570594539589895,-2.305375,26042,0.009463653175639353,0.021981608171415402,-1.846998,26042,True,False,-1.822712952012122,-1.237026512716399,-1.1603316528472856,0.9725310523076259,0.7370549595983737,-0.25426778632101654
76255000,0.007885508706467662,0.028945123863441412,-2.218848,23316,0.009716342897581061,0.022416852032938757,-1.83731,23316,True,False,-1.5862044577132166,-0.7231730359409053,-1.0924844571768955,1.0228242685346594,0.8115716776968425,0.12701220661471516
76265000,0.007439913646191021,0.02906037831192505,-2.268946,23589,0.009684053510854817,0.02284886791892809,-1.868553,23584,True,False,-1.7019792270293914,-1.0206874705046682,-1.1011541581938515,0.860632799234369,0.7682644088915506,-0.09457827087152894
76275000,0.008544504719976294,0.029359151081573043,-2.16218,23623,0.010629494199339487,0.02355994161232958,-1.779978,23618,True,False,-1.4149837278494832,-0.3866416778455888,-0.8473033133970649,1.3204512991630963,0.8038486648317891,0.08749583544631512
76285000,0.008436170585942574,0.029096389199255123,-2.165439,23091,0.010242108334055271,0.02305662730659274,-1.802413,23086,True,False,-1.4431311659495258,-0.4059957347389432,-0.9513164263955615,1.2039847110072848,0.8236751956520604,0.1889423258983477
76295000,0.007922169113810837,0.028561041290899605,-2.204073,26834,0.009888420403294941,0.022814453166349846,-1.837749,26829,True,False,-1.5766793292242292,-0.6354294978619499,-1.0462816432637299,1.020545292283248,0.8011561797242231,0.07371918600456528
76305000,0.007620116453027778,0.027665796844717965,-2.21013,29411,0.009592312623274162,0.022315721179351152,-1.849528,29406,True,False,-1.6551588283052667,-0.6713998944876163,-1.1257865884440057,0.9593970889452804,0.7943982595540959,0.039140908532368165
76315000,0.00681166535404883,0.027105757213431662,-2.283581,27934,0.00947978416110258,0.021967675152640413,-1.843906,28007,True,False,-1.865211065934622,-1.107599597732114,-1.1560004829102182,0.9885825205749651,0.7185464603717913,-0.3489702991858093
76325000,0.006145748636088098,0.026731308991715497,-2.348467,24745,0.00844719622885291,0.021371487382404006,-1.961174,24767,True,False,-2.0382299372789854,-1.4929347728110443,-1.4332503644957792,0.37981034050562207,0.7275489369000563,-0.30290729111606024
76335000,0.005746839796702828,0.026451619202186725,-2.386848,23414,0.008272826591568527,0.0215427910479604,-1.997473,23436,True,False,-2.141874665363135,-1.7208660577523953,-1.480068615783964,0.19137170964010766,0.6946646026111406,-0.4711666973986306
76345000,0.00542415778594396,0.026327402710151587,-2.420844,21770,0.008388904643906021,0.02137654070301028,-1.969923,21792,True,False,-2.225714094226853,-1.9227563670946781,-1.4489016562833457,0.33439174546326816,0.6465871310009762,-0.7171648908733915
76355000,0.004475677544410639,0.02617488978309942,-2.527407,20378,0.008231487864672713,0.021613307771512626,-2.007286,20395,True,False,-2.4721487856174984,-2.555596614019069,-1.4911680648272936,0.14042958217975607,0.5437264341503824,-1.2434726345495692
76365000,0.005185666616023499,0.026797909348728857,-2.458724,19746,0.008376810512950738,0.02194202879634332,-2.004239,19690,True,False,-2.287679009556803,-2.147712388917411,-1.4521489306998956,0.15624744240310176,0.6190502468697772,-0.8580629773020179
76375000,0.005170518499058628,0.02633534773851745,-2.45056,22839,0.007901525619689936,0.021209741044057106,-2.034552,22834,True,False,-2.291614802171052,-2.0992292589765222,-1.5797629345638315,-0.0011161273213075213,0.6543696430185749,-0.6773440801504718
76385000,0.005739503009816633,0.026711942489349882,-2.393914,21596,0.007777928025566208,0.020881646426751888,-2.034521,21591,True,False,-2.1437809136252763,-1.7628285511578714,-1.6129488911926355,-0.0009551973354430538,0.7379218464031513,-0.2498321831002079
76395000,0.006311339561176583,0.027194235316661874,-2.341365,20874,0.008157399156643826,0.02131544266615554,-2.001332,20869,True,False,-1.9952060062213361,-1.450758488043753,-1.5110608844955264,0.17133852204513178,0.773695076087614,-0.06679115406083931
76405000,0.006395409958076217,0.027016111875264967,-2.327245,21229,0.007840838993829195,0.021035253945075133,-2.033609,21229,True,False,-1.9733627865022223,-1.3669047650200723,-1.596057294887277,0.003779259022838706,0.815653779284265,0.14789911232034061
76415000,0.005450126767850983,0.025797949120386337,-2.405024,23192,0.007110787469817179,0.020180666307347363,-2.099888,23192,True,False,-2.2189668181511375,-1.8288069408740952,-1.7920761444807563,-0.3402942420415255,0.7664589598528823,-0.1038162192712374
76425000,0.005639353943402545,0.026684964626590757,-2.405012,23888,0.007628058648693905,0.021286783322170127,-2.080741,23888,True,False,-2.1698017026666157,-1.8287356770868235,-1.6531888220434843,-0.24089661496689646,0.7392908475301417,-0.24282740949573733
76435000,0.00530389461900425,0.026788647199453553,-2.44599,26352,0.00807956170309654,0.022014724840619306,-2.053048,26352,True,False,-2.256960940637209,-2.072089633323676,-1.5319602424145076,-0.09713422469281963,0.6564582107184725,-0.6666574973515559
76445000,0.005312555867665418,0.027354157962269386,-2.4578,28836,0.008555527535025663,0.022170472430295463,-1.992028,28836,True,False,-2.25471056994164,-2.1422250772974483,-1.404163406503767,0.21963828296341548,0.6209501221188557,-0.8483418779295225
76455000,0.005272602554346028,0.027658615954736458,-2.468869,30223,0.008977091420441386,0.022067042682725076,-1.92429,30223,True,False,-2.2650912631883235,-2.207959982407159,-1.290973494379171,0.5712858759430612,0.5873397415046915,-1.0203162483815558
76465000,0.005529392326172487,0.02849296866404373,-2.458355,28721,0.009805383029838794,0.022579915288464886,-1.835206,28721,True,False,-2.1983719944031086,-2.145521027458789,-1.068577179787903,1.0337467424138587,0.5639139551556501,-1.1401790641576572
76475000,0.00549862276887398,0.02869004907441918,-2.465256,24147,0.010125935975483497,0.022362988735660744,-1.774614,24147,True,False,-2.2063665587862586,-2.1865036437892718,-0.9825087071220729,1.3482973780072145,0.543023655510663,-1.2470685448583605
76485000,0.005655691541156664,0.02876739263775766,-2.449905,21977,0.01034337998816945,0.02172183714792738,-1.698483,21977,True,False,-2.16555685845764,-2.095339443921248,-0.9241249851301592,1.7435154668367259,0.5467933642219013,-1.2277800610460248
76495000,0.00557088808681073,0.028309515601713856,-2.449219,21472,0.009161613962369598,0.020668358885991056,-1.804957,21472,True,False,-2.1875905415914247,-2.0912655307488484,-1.2414291879800008,1.190778069586809,0.6080684156408018,-0.9142537575759435
76505000,0.006652385055918742,0.029383015343886758,-2.358542,18509,0.009399650710465179,0.020987042898049597,-1.789558,18509,True,False,-1.9065953662030628,-1.552766660875037,-1.1775163160963165,1.2707187422416493,0.7077268359038336,-0.40433111546946354
76515000,0.006621312226852322,0.029506603313344853,-2.364864,19678,0.00917664406951926,0.020503955839008027,-1.790743,19678,True,False,-1.9146687268344222,-1.5903107994696333,-1.2373936038933426,1.2645670637498,0.7215396147754476,-0.33365521394046094
76525000,0.006778482700785892,0.02940726576576577,-2.346431,20868,0.009420704571592869,0.020563681234425916,-1.756688,20868,True,False,-1.8738326023233562,-1.4808436835705197,-1.1718633539395211,1.4413564401547994,0.7195303333495549,-0.3439361123404406
76535000,0.006550726263922819,0.02933625477205913,-2.368816,24151,0.009104445530205788,0.020543098877893254,-1.805552,24151,True,False,-1.9330084130285416,-1.6137803400779605,-1.2567789132216243,1.1876892521162175,0.7195085348349327,-0.34404764888838885
76545000,0.006452407268578879,0.028878884819100392,-2.368415,24544,0.009943133143206356,0.020914597270319822,-1.701137,24545,True,False,-1.9585537119335068,-1.6113989418532815,-1.0315912714436632,1.7297377835309307,0.6489309934452084,-0.7051720404233989
76555000,0.006244873427315446,0.028733090268303774,-2.387161,26388,0.009814516389404676,0.020669314524991475,-1.703173,26389,True,False,-2.0124752760160547,-1.722724854870412,-1.0661248725518477,1.7191683173626557,0.6362894695511578,-0.7698549768706435
76565000,0.006295786061530819,0.028891920797700577,-2.385604,28181,0.009798164022853897,0.020927430746300435,-1.724886,28179,True,False,-1.9992471256009576,-1.7134783784718373,-1.0705154833155912,1.6064498404904861,0.6425475269495493,-0.7378343492646736
76575000,0.006466448759007206,0.02882107880150274,-2.36621,32474,0.009526743748460211,0.020791457501847747,-1.757592,32472,True,False,-1.9549054436735633,-1.5983042209420057,-1.143391832714351,1.4366635141154476,0.6787679956283452,-0.5525049306537916
76585000,0.00658109066351511,0.028658696099949352,-2.349922,29615,0.009285645088305811,0.020713597203930706,-1.789555,29613,True,False,-1.9251191169577118,-1.5015755070178043,-1.2081268280504018,1.2707343161112488,0.7087381222230029,-0.3991566626692292
76595000,0.006084441811331385,0.028769518292897634,-2.405192,28399,0.008657462494717565,0.020472067791238203,-1.871798,28396,True,False,-2.0541587123630474,-1.8298046338959064,-1.3767938676767575,0.8437870636174477,0.7027973629737196,-0.42955376955209607
76605000,0.005825598525136496,0.029281580195703042,-2.443463,28206,0.008589969010388967,0.02077708453001454,-1.902491,28203,True,False,-2.121411526453152,-2.057082667453927,-1.3949158696423742,0.6844508037437544,0.678186209762904,-0.5554817567449838
76615000,0.005484337221388151,0.028912842360549716,-2.471488,25977,0.00823643001270746,0.02088848365358697,-1.964327,25969,True,False,-2.210078238093701,-2.2235133039793253,-1.489841097975738,0.36344220355642354,0.6658633914119003,-0.6185339712508658
76625000,0.004760795996818664,0.02865750384411453,-2.542912,22632,0.008147819837340876,0.021303043626237625,-2.002339,22624,True,False,-2.39806914246609,-2.647675365823752,-1.5136329319303894,0.1661108931495267,0.5843030518421967,-1.0358540906619154
76635000,0.005426036260751471,0.02924099864191942,-2.483631,22090,0.008326014537385082,0.02161582709116435,-1.993522,22081,True,False,-2.225226027803112,-2.2956263180499024,-1.4657876512105241,0.21188249590280506,0.6516967075168721,-0.691020700044818
76645000,0.0062900760916351816,0.029421955665024632,-2.397408,20909,0.008202634162679426,0.021621608133971293,-2.012174,20900,True,False,-2.000730693320625,-1.783578190551974,-1.4989152844209948,0.11505455731211256,0.7668361122642706,-0.10188644200219792
76655000,0.006880547066646963,0.028651982562435348,-2.316874,20301,0.007953227183126355,0.020830357579341614,-2.004032,20292,True,False,-1.8473141790588992,-1.3053150368700301,-1.5658810636908052,0.15732203940547576,0.8651264333608877,0.4010360415651383
76665000,0.007575542807539682,0.029166058234126987,-2.257157,20160,0.0077422566468253965,0.020578875595238095,-2.022069,20160,True,False,-1.6667399789597677,-0.9506767381586212,-1.6225266571368266,0.06368674408270403,0.9784670223565796,0.9809662917742804
76675000,0.007603188789808917,0.029192029961783442,-2.254893,19625,0.0070357867632062,0.019752826075871914,-2.086728,19612,True,False,-1.6595569836685886,-0.9372316369599245,-1.8122138357875142,-0.2719768673978666,1.0806451425688395,1.5037814928038784
76685000,0.007431235386221295,0.029441784067185423,-2.279681,21076,0.007123874334853668,0.020008171037628277,-2.087529,21048,True,False,-1.7042340176131046,-1.0844388668686342,-1.7885623209424666,-0.2761350905809649,1.0431452096036926,1.311905434103228
76695000,0.00768098610121169,0.02975045911821607,-2.261888,19642,0.007579973739227985,0.020539415277140382,-2.045223,19611,True,False,-1.6393436406941786,-0.9787724862907057,-1.6660996212491597,-0.056512381487148905,1.0133262152955682,1.1593304653005434
76705000,0.007762203244274808,0.02949650599024597,-2.24656,18864,0.007757632878458026,0.021264139436096213,-2.058889,18833,True,False,-1.6182417550565469,-0.8877448753482873,-1.6183981386191921,-0.1274565488032774,1.0005891443805588,1.094158643024644
76715000,0.007835588764044943,0.02893359498301542,-2.223202,19135,0.008393214154844788,0.021713088886562322,-1.988591,19103,True,False,-1.599174686365839,-0.7490299134228542,-1.4477445525054025,0.23748074623471097,0.9335623540026119,0.751202393555392
76725000,0.008182852985795063,0.028921083482738013,-2.186614,21753,0.00868907366338456,0.022142254854145577,-1.970077,21734,True,False,-1.5089482930572575,-0.531746626029766,-1.368306268223013,0.3335922868238212,0.9417405471284365,0.7930477874054134
76735000,0.007330532247617285,0.02793087989266216,-2.24896,21614,0.008068919851920408,0.021172254234150856,-2.006588,21610,True,False,-1.7303987660150635,-0.9019976328027355,-1.5348175796797279,0.14405310250660217,0.9084899072175829,0.6229141036652633
76745000,0.007043681292825889,0.02784302323949476,-2.278166,24226,0.0076537315583075334,0.020496116078431374,-2.031776,24225,True,False,-1.8049285489495521,-1.075441813725513,-1.6462956452708022,0.01329489334820761,0.9202937468038734,0.6833108574263208
76755000,0.006108992145884365,0.027710100820405145,-2.377485,25719,0.007065235172869755,0.020103997122078325,-2.10321,25713,True,False,-2.0477800300730293,-1.6652624877332227,-1.8043069371718041,-0.3575397069781685,0.8646551737361371,0.39862474553679783
76765000,0.005922080998635305,0.02784340001605523,-2.401103,24914,0.0068814955837481935,0.01977373739360848,-2.11415,24908,True,False,-2.096343393728692,-1.8055214983828873,-1.8536410207258769,-0.4143324181181105,0.8605805128497492,0.3777759116962561
76775000,0.005296000901519705,0.027920978191809047,-2.471102,23294,0.006895702722432153,0.019513582746478873,-2.096465,23288,True,False,-2.2590118909333206,-2.221220985488736,-1.8498264036896157,-0.3225244568283602,0.7680146773571723,-0.09585607322371709
76785000,0.0051508187667560325,0.028127870488760573,-2.491238,24245,0.00751071448019802,0.02020338118811881,-2.037141,24240,True,False,-2.29673319814588,-2.34080162053157,-1.6846957337593322,-0.014556376785777803,0.6857961090567553,-0.5165441542439303
76795000,0.0049393660228405,0.028073877634705296,-2.513338,26094,0.0072319981981291215,0.0204586462582426,-2.096632,26084,True,False,-2.3516729738087747,-2.4720457620912955,-1.759531061372754,-0.32339140223607354,0.6829877286360894,-0.5309138057030482
76805000,0.006237303576818593,0.028096398694536676,-2.372915,26504,0.007194006151175517,0.020392974263179743,-2.09902,26499,True,False,-2.014442079001902,-1.6381228620803734,-1.7697319267810214,-0.3357882024373688,0.8670139343430231,0.41069382547590827
76815000,0.006358044696941193,0.027814257458896124,-2.352789,26579,0.006727644012944984,0.02036147362083239,-2.171534,26574,True,False,-1.983071050515877,-1.5186016135269336,-1.8949501707311558,-0.7122293958196073,0.9450625931912231,0.8100457139334939
76825000,0.0068733390945023365,0.027647136974487962,-2.291825,27830,0.0074066100628930815,0.02069288499550764,-2.082467,27825,True,False,-1.849186958599506,-1.1565578195881487,-1.7126477720011943,-0.24985678127654176,0.9280006691505985,0.7227448981744997
76835000,0.007333851285426669,0.02776969703422642,-2.244421,25828,0.007221952484219495,0.020883706424505287,-2.121558,25823,True,False,-1.7295364116691816,-0.8750421052670082,-1.7622283357693456,-0.45278949344943376,1.0154942588519769,1.1704237025359718
76845000,0.00726982197327044,0.027501401297169808,-2.243601,25440,0.007308939114028536,0.020833842341102943,-2.105279,25441,True,False,-1.7461725450225418,-0.8701724131367375,-1.7388724238311335,-0.36828048571203903,0.9946480412344637,1.063759776523569
76855000,0.006491942059489297,0.02759301068265756,-2.332237,25181,0.00819829253506617,0.021795137570330456,-2.023237,25238,True,False,-1.948281759424035,-1.3965505005253287,-1.5000810115267158,0.057623317518586854,0.7918651392008299,0.02617968137362033
76865000,0.00596441071795504,0.027512085028562033,-2.3885,24333,0.008256440914866582,0.021613704553838584,-2.004149,24397,True,False,-2.0853452612843646,-1.7306767058002082,-1.4844681703239981,0.15671465849109106,0.722394888966685,-0.3292790290263293
76875000,0.005217198673818473,0.027366051231152596,-2.468142,23677,0.007678292489785603,0.021686696432332255,-2.094698,23741,True,False,-2.2794863318484575,-2.203642584628246,-1.6397010346509684,-0.313351447634187,0.6794738127987294,-0.5488934730828557
76885000,0.004964612039204793,0.026733183683187174,-2.483309,25201,0.007731438076390262,0.020931332198693847,-2.045112,25265,True,False,-2.34511353906344,-2.293714073091432,-1.625431443526816,-0.055936148311963176,0.6421330663392865,-0.7399550215458165
76895000,0.00503159913944503,0.026767377327010886,-2.476092,22776,0.008377696059544658,0.02160780043782837,-1.98541,22840,True,False,-2.3277089114792426,-2.250854843696112,-1.4519111614207525,0.25399423930017334,0.6005946149971101,-0.9524949835631681
76905000,0.00521130644472898,0.026585254896381656,-2.451272,21087,0.008008983835031997,0.02114547542071581,-2.014124,21095,True,False,-2.2810172542585274,-2.103457577021343,-1.550910401478273,0.10493154207236126,0.6506826024463015,-0.6962095755617499
76915000,0.0056843341530313065,0.02651957571171853,-2.39541,21146,0.008229580838889677,0.021286906984442237,-1.988717,21147,True,False,-2.1581149182791726,-1.7717127699711448,-1.4916801012902565,0.23682664371152665,0.6907197662084366,-0.49135125777833044
76925000,0.006726212192431292,0.026578841239387977,-2.277311,20849,0.008847008201438848,0.020962701151079136,-1.873741,20850,True,False,-1.8874135563919132,-1.0703642688823651,-1.3259008414247127,0.8337003874067616,0.7602809943521204,-0.13542704034061148
76935000,0.007642893272088624,0.027028931586057823,-2.186417,18505,0.009193475654010724,0.02158420365054433,-1.860777,18463,True,False,-1.6492409418482477,-0.5305767121887132,-1.2328743231024188,0.9010002692365795,0.831338827634177,0.22815486266281257
76945000,0.007766509409261987,0.0271466433753341,-2.176256,18333,0.008992765899272706,0.021208706458139662,-1.866907,18287,True,False,-1.6171229247496794,-0.47023410031593565,-1.2867648964823983,0.8691776623546918,0.8636396739617237,0.3934287337330717
76955000,0.007177904230169508,0.026979127961370152,-2.237607,19881,0.009317519485757498,0.021337942979581546,-1.826209,19835,True,False,-1.7700546668238182,-0.83457615139425,-1.1995685516624162,1.0804527773431134,0.7703664308018302,-0.08382284685992525
76965000,0.007650404399048854,0.027595172070903586,-2.203347,18504,0.009814956623109038,0.02183759307054167,-1.784586,18443,True,False,-1.6472893964460493,-0.6311180387319775,-1.0660066697929422,1.296529835458083,0.7794639031858983,-0.037273773110503346
76975000,0.007301232652342374,0.028022299812140425,-2.253969,17034,0.009683465032698992,0.02230104719260001,-1.833747,16973,True,False,-1.7380114040050452,-0.9317443253399618,-1.1013121645911013,1.0413208343291391,0.753989674944627,-0.16761785980310745
76985000,0.006913895350613637,0.027798463920150736,-2.290528,19637,0.009554644426321424,0.022176448748662012,-1.845162,19619,True,False,-1.8386496084037958,-1.1488553919138085,-1.1359005001202105,0.9820622605025919,0.723616185189166,-0.3230300177042704
76995000,0.007327117954239569,0.027952343095558548,-2.249462,18575,0.01025795383289339,0.022858604266551744,-1.787016,18563,True,False,-1.7312858697184517,-0.9049788345702913,-0.9470619096233567,1.2839150010823925,0.7142865013434029,-0.37076724877910877
77005000,0.007657587831906957,0.027860929284617073,-2.210604,18228,0.01029796387790953,0.02256811967501098,-1.76244,18216,True,False,-1.6454229927172273,-0.6742148140848706,-0.9363192116927403,1.4114961408424647,0.7436021258856303,-0.22076787409386286
77015000,0.006621495473895385,0.026597106375691147,-2.289781,20437,0.00949897705479452,0.021634041046966732,-1.818537,20440,True,False,-1.9146211154804602,-1.1444192211561106,-1.1508471905491684,1.1202803531992032,0.697074583473517,-0.4588355385710518
77025000,0.006100942113981287,0.02656973465550432,-2.349021,22337,0.008838361414503133,0.021273833616830797,-1.895342,22340,True,False,-2.0498715940728367,-1.4962247843234473,-1.3282225038993065,0.7215633349996439,0.6902797733491717,-0.49360257102122723
77035000,0.005810660738208528,0.02640835182704301,-2.378137,21647,0.008564650145503257,0.021271754861656427,-1.93683,21649,True,False,-2.1252926709941304,-1.6691344868416822,-1.4017139853981437,0.506187101016657,0.6784469464008789,-0.554147644534704
77045000,0.0049820953844892605,0.025894396909329397,-2.462711,24396,0.00713096962492314,0.01986343119491699,-2.078466,24395,True,False,-2.3405710060606557,-2.1713897822386157,-1.7866572354091788,-0.22908643052051916,0.6986560939870725,-0.4507434173286831
77055000,0.005015239771965124,0.025820056966800807,-2.457027,23856,0.0061145517501572,0.019143913058059108,-2.206655,23855,True,False,-2.3319594119111113,-2.1376345016673266,-2.0595654562193433,-0.8945526872223388,0.8202138074694006,0.17123142698183397
77065000,0.00548968159612641,0.026495332281354027,-2.417504,23131,0.0059082684424457315,0.019134299014096686,-2.240965,23126,True,False,-2.2086896595217635,-1.9029212796372348,-2.114952528690237,-1.0726658425433062,0.9291523649615949,0.7286377847895618
77075000,0.005448660769708256,0.02601522483816618,-2.410512,22554,0.005489687746684997,0.018668195086256598,-2.288457,22549,True,False,-2.2193477146464593,-1.8613982462532714,-2.227341454329555,-1.3192105808849963,0.9925265372331029,1.0529046684177197
77085000,0.005493045716557344,0.026073474557741998,-2.406361,20124,0.005231418787276342,0.018381235934393638,-2.318528,20120,True,False,-2.207815591782769,-1.8367469145060111,-2.2966866753774817,-1.4753178584617026,1.0500107026257048,1.3470341300218278
77095000,0.005632622268687925,0.0259148515420805,-2.385798,19130,0.005759937519606817,0.019058632489804453,-2.261368,19126,True,False,-2.1715507303302366,-1.7146304763660722,-2.1547793846006758,-1.1785837296903097,0.9778964180626072,0.9780466784750554
77105000,0.0047744245133381396,0.025929152511415525,-2.487382,20805,0.006146998750060093,0.019789605163213306,-2.234708,20801,True,False,-2.39452817332881,-2.3179021902214214,-2.050853436061133,-1.0401839418483683,0.7767082290835775,-0.051373741937332906
77115000,0.004618039079762575,0.026003898791213554,-2.507707,23081,0.006238204887136605,0.019800970885143623,-2.220774,23081,True,False,-2.435160328194666,-2.4386052299137915,-2.026364586332619,-0.9678485088480087,0.7402833288283192,-0.2377491764224841
77125000,0.004686277895720109,0.026011781249999998,-2.499939,23552,0.006511934612771738,0.020008754797894022,-2.187139,23552,True,False,-2.4174304791003167,-2.392473804952889,-1.9528681492268258,-0.7932394741869564,0.7196444949752717,-0.3433519810883189
77135000,0.004889413469904295,0.026052424859606106,-2.477246,25286,0.006951184173060191,0.020223031123942102,-2.128172,25286,True,False,-2.3646516753440947,-2.2577080445721274,-1.8349296330259242,-0.48712468462672714,0.7033928821586348,-0.4265066741295962
77145000,0.00499173760834806,0.026533586047294454,-2.475731,23766,0.007045788942186317,0.020307805183876124,-2.117525,23766,True,False,-2.3380657578151873,-2.248710991429006,-1.8095282505204142,-0.43185302141768167,0.7084710668042119,-0.4005231062108722
77155000,0.005313761476956248,0.026473848486209685,-2.437127,22262,0.00726979193244093,0.020211496855628425,-2.075983,22262,True,False,-2.254397327830193,-2.0194553877741788,-1.749383442912991,-0.21619645778190058,0.7309372161318627,-0.28557046906412425
77165000,0.005449574025851049,0.02674608437100516,-2.427731,21121,0.008547538989631173,0.02112377396903556,-1.930206,21121,True,False,-2.219110431901016,-1.963655842340009,-1.4063083311106601,0.5405742050926139,0.6375605928749556,-0.7633510150177125
77175000,0.005498320396240793,0.027144223012446025,-2.431171,19685,0.008736522072644146,0.021274683261366525,-1.910493,19685,True,False,-2.206445121420757,-1.9840847946913864,-1.3555663693361617,0.6429101022317057,0.6293488816856732,-0.8053679108786189
77185000,0.005196487366230678,0.0272462552516845,-2.467362,20184,0.008300130462788624,0.020903209196313544,-1.954539,20182,True,False,-2.284867555905844,-2.1990104384555513,-1.4727375257855493,0.41425454877011075,0.6260729743378992,-0.8221297592569499
77195000,0.005154650652184004,0.026850218353989694,-2.463712,21543,0.0075958428113829446,0.020515451511071908,-2.04167,21541,True,False,-2.2957375954316257,-2.177334369826909,-1.6618387750408856,-0.03806772859133366,0.6786147080952453,-0.5532892575944958
77205000,0.005047771098319562,0.027095269241481756,-2.481064,21542,0.007408303946146704,0.020528874187558034,-2.072074,21540,True,False,-2.32350710366089,-2.2803818062225805,-1.7121929643118738,-0.1959037056935995,0.68136663060984,-0.5392084845317602
77215000,0.004766364592303857,0.026663294248288987,-2.504068,22063,0.006099431576084493,0.020255471692126378,-2.265818,22061,True,False,-2.396622306728474,-2.4169944864234836,-2.0636252232767385,-1.2016849695964091,0.7814440629176804,-0.027141881800585063
77225000,0.006115991098428383,0.026588932620639723,-2.347957,23479,0.0055508415896409246,0.019957793500021297,-2.340564,23477,True,False,-2.0459615581273676,-1.4899060618519748,-2.2109216462061987,-1.5897131219607648,1.1018133015797371,1.612092697646156
77235000,0.00640401036051213,0.026304716939016173,-2.306991,23744,0.005352328585875611,0.01989734008933086,-2.370203,23732,True,False,-1.9711282249085056,-1.2466233694023945,-2.2642223919036786,-1.7435777623151263,1.1964905102074315,2.096527954027689
77245000,0.006723085805893429,0.0264619607613619,-2.274048,19649,0.005642688774469821,0.02013902798735726,-2.333167,19616,True,False,-1.888225855971692,-1.0509864573932526,-2.1862606751426497,-1.5513131508179723,1.1914684779908176,2.0708317014693933
77255000,0.006922781268982273,0.02622585178640455,-2.243534,18109,0.005961399955830389,0.020421804162985866,-2.294848,18112,True,False,-1.8363408638933594,-0.8697745236578006,-2.100686716225951,-1.3523881144220486,1.1612677089735661,1.9163033044681312
77265000,0.006530098749390937,0.025405691841264684,-2.264627,18471,0.005902571668290571,0.019247746887517594,-2.246855,18474,True,False,-1.9383678659251065,-0.9950384457355969,-2.1164821126710383,-1.1032425398572232,1.1063141824217957,1.6351223728580588
77275000,0.004818262412157916,0.02495179260698166,-2.459179,17503,0.007223047727661515,0.019622674516736043,-2.04762,17537,True,False,-2.3831381848042192,-2.150414474184815,-1.7619342628820651,-0.06895590329724492,0.6670677799491495,-0.6123714715502293
77285000,0.004757282366761468,0.02490112544825028,-2.465065,16174,0.0074442853091671295,0.019331637568583932,-1.992138,16221,True,False,-2.3989820558836707,-2.185369361841855,-1.702531967582069,0.21906724107809586,0.6390515904734602,-0.7557220215739353
77295000,0.005182480203762546,0.024986796842689264,-2.416103,19827,0.007735003970647366,0.019599378015681544,-1.962083,19896,True,False,-2.2885069050550815,-1.8946012324731998,-1.6244740008435814,0.3750914580169375,0.6700035608810176,-0.5973499493800714
77305000,0.00526971664182334,0.02475724575659951,-2.399645,20797,0.007534941766682669,0.01937142645223236,-1.980638,20830,True,False,-2.265841082668758,-1.7968629482293095,-1.6781907068272683,0.2787670745432994,0.6993705863958367,-0.4470875711304345
77315000,0.006661262897526502,0.02548007102473498,-2.251493,19810,0.007645800483797813,0.020065158443783704,-2.006269,19843,True,False,-1.9042887202013636,-0.9170402305661202,-1.6484251389439228,0.14570912397402688,0.8712315880648939,0.43227431133621214
77325000,0.0073899724491933785,0.025851316834276137,-2.176928,19092,0.006699956111867602,0.019919965015188015,-2.150978,19094,True,False,-1.7149549780581081,-0.47422487240318295,-1.9023843727543506,-0.6055172413230231,1.1029881876544765,1.618104241977523
77335000,0.007780990044352175,0.02618177682362933,-2.142785,21194,0.007175951214909177,0.021111083085633406,-2.140066,21195,True,False,-1.6133605576667107,-0.27146158166681433,-1.774579677549299,-0.5488698862993461,1.0843147913528082,1.522557999581583
77345000,0.007644588689433051,0.026156216028039594,-2.157784,21113,0.0070093602993416375,0.021190055321365982,-2.169661,21113,True,False,-1.6488004375216874,-0.36053537710818645,-1.819309341892464,-0.7025061098995801,1.0906257294479609,1.5548492020625886
77355000,0.007486083733387236,0.02635049901460407,-2.182507,19789,0.006717527919551265,0.021127586891707514,-2.211003,19789,True,False,-1.689983287956075,-0.5073565948358395,-1.8976663420207105,-0.9171244155620512,1.1144105127719828,1.6765488991128177
77365000,0.006866081633784083,0.026558029871425404,-2.26014,18044,0.007165324152072712,0.021289258700953228,-2.150289,18044,True,False,-1.8510725962902723,-0.9683917279447142,-1.7774330441450068,-0.6019404426049778,0.9582374067191269,0.8774573356075835
77375000,0.006335584015431938,0.026523562170898286,-2.320307,19181,0.007842718561001043,0.021644541032325337,-2.067072,19180,True,False,-1.9889067979292432,-1.3257024186788342,-1.5955526310619974,-0.16993687378116848,0.807830086742685,0.10786759304377902
77385000,0.005569616905972401,0.026402338175317057,-2.405115,17899,0.008189120713766292,0.02141197784863232,-2.001552,17877,True,False,-2.187920820540714,-1.8293473579275754,-1.5025436457391599,0.17019643827449255,0.6801239230250467,-0.5455670514579778
77395000,0.00491704797324569,0.02600438989794153,-2.471567,17343,0.007925034986432654,0.020787253334103112,-2.005217,17321,True,False,-2.3574716625146643,-2.223982457245534,-1.5734506690976167,0.15117036091362662,0.6204449547116803,-0.8509266700453628
77405000,0.005178776007307419,0.026380482594133767,-2.450119,19706,0.008545464512523497,0.021503833307930702,-1.953519,19683,True,False,-2.289469331545689,-2.0966103147942676,-1.4068653282578203,0.41954966443398106,0.6060262727342499,-0.9247027984469459
77415000,0.004771748570181184,0.025388008950010914,-2.476003,22905,0.008540502487562189,0.02140610884175613,-1.948883,22914,True,False,-2.3952234384457696,-2.2503263039405095,-1.408197632064577,0.44361648425525824,0.558719885291344,-1.166755582443841
77425000,0.004952852076193512,0.025440158125448312,-2.455772,25094,0.008463793026499303,0.021313045706315998,-1.955164,25095,True,False,-2.348169019534773,-2.1301814972484374,-1.428794123977708,0.4110099926035243,0.5851811428619084,-1.0313611587892288
77435000,0.004725413603302536,0.025010847926086103,-2.473301,25435,0.007740187885453903,0.02030805966924618,-2.006883,25457,True,False,-2.4072622166546607,-2.2342800745063762,-1.6230821196087013,0.14252167199597107,0.6105037336603912,-0.901792956013557
77445000,0.0049234470382513666,0.02521197989071038,-2.453627,22875,0.008095941608070926,0.020726007380879593,-1.975877,22897,True,False,-2.3558090537002587,-2.117443095273522,-1.5275622375834448,0.3034828055978925,0.60813766657397,-0.9138994210460625
77455000,0.004842973992131215,0.024848875989985184,-2.454169,19571,0.008611988839285715,0.020496927353896105,-1.879547,19712,True,False,-2.3767176076347356,-2.120661842998651,-1.3890035451192153,0.8035597584416339,0.5623525625159653,-1.1481682481934095
77465000,0.005980244031193761,0.026202718716256748,-2.352123,16670,0.009100480572109654,0.02086303927294398,-1.827006,16780,True,False,-2.081231440573278,-1.5146464733333247,-1.2578435045540541,1.0763153193194819,0.6571349703796394,-0.6631947184555782
77475000,0.006543404066324517,0.026261675944203186,-2.287935,15198,0.009140161781027615,0.020731162825618595,-1.811397,15317,True,False,-1.9349108706933653,-1.1334564752140628,-1.2471890991227341,1.1573461628462953,0.7158958695793295,-0.3625325878159913
77485000,0.006948183699609006,0.026321175340434138,-2.24269,14834,0.008966428542767338,0.0205596714371698,-1.826712,14953,True,False,-1.829740789502826,-0.8647623039529867,-1.2938364772595252,1.0778415585402445,0.7749109543970744,-0.06056986459625032
77495000,0.006602485437991291,0.025969451846406155,-2.273054,17683,0.008220712728906863,0.02041533204134367,-1.935811,17802,True,False,-1.919560314133431,-1.0450834403475349,-1.4940611890076638,0.5114770253906612,0.8031524340675077,0.08393342867826531
77505000,0.0072714077044959404,0.025934832838185783,-2.193875,20196,0.007712348764668021,0.020264058870129227,-2.007855,20197,True,False,-1.7457605394075877,-0.5748671559784145,-1.6305569241268174,0.13747573824569492,0.9428266182421458,0.7986048918663959
77515000,0.006659023663932388,0.025346582898334576,-2.247601,20115,0.008984247825006213,0.020613990554312702,-1.828836,20115,True,False,-1.90487051918415,-0.893927008894154,-1.2890519996025918,1.0668152588637148,0.7411887776957871,-0.23311626253951315
77525000,0.006504430081300814,0.02493436953929539,-2.252879,18450,0.009462968184281842,0.02074761783197832,-1.762862,18450,True,False,-1.9450371142891762,-0.9252711979960656,-1.160515573041223,1.4093054165187855,0.6873562242452413,-0.5085615065478943
77535000,0.007516919301253884,0.02593844244989819,-2.164868,18662,0.010993162147679777,0.022463324831207804,-1.655279,18662,True,False,-1.6819715726684814,-0.4026047661945701,-0.7496584615982059,1.9677999542306945,0.6837813542885302,-0.5268530581167632
77545000,0.007641764345918485,0.02645811205403533,-2.167634,17322,0.011409419771599953,0.02297278353904718,-1.631562,17338,True,False,-1.6495342601064027,-0.41903106916082516,-0.63789328079707,2.0909217759954095,0.6697767720791707,-0.5985103605599066
77555000,0.00676152546073332,0.026233268477493098,-2.26188,15573,0.011422088780550389,0.02313783821925717,-1.640935,15589,True,False,-1.8782384423569207,-0.9787249770991922,-0.6344916516266979,2.0422638160763356,0.5919692615458297,-0.9966283644593397
77565000,0.006382632864812693,0.026061711105748932,-2.301258,16577,0.009282287591152896,0.02182194997890677,-1.862259,16593,True,False,-1.9766825383509017,-1.212577095033076,-1.2090283161067668,0.893306777654367,0.6876142117053222,-0.507241461067266
77575000,0.005751112474836028,0.026089028313526854,-2.37548,15399,0.00856745793058709,0.02164668407395394,-1.957757,15415,True,False,-2.1407645356302645,-1.6533554966098176,-1.4009600950439203,0.39754897797958727,0.6712740840318231,-0.590849058434718
77585000,0.004723618309763854,0.025727568847689286,-2.487461,14779,0.007344338822894168,0.02158489551835853,-2.137474,14816,True,False,-2.407728670872458,-2.31837134348763,-1.7293676012541572,-0.5354140629652763,0.6431645412435408,-0.7346772697306091
77595000,0.005094222044064374,0.02609020897915553,-2.452649,16839,0.007212655338078291,0.021190640984578884,-2.137645,16860,True,False,-2.3114381917551228,-2.1116350966108346,-1.7647246197043287,-0.5363017735324541,0.7062894045650678,-0.41168602621534434
77605000,0.005260151080664861,0.02620085279592162,-2.436347,18831,0.007222733343942287,0.021444926798217696,-2.149748,18852,True,False,-2.2683264123665676,-2.0148232416014835,-1.762018674917308,-0.5991319547871816,0.7282770704911257,-0.2991816470251283
77615000,0.0059479359594151,0.026809335183527305,-2.371655,16755,0.00736146479880775,0.02218117478390462,-2.16535,16775,True,False,-2.0896257426889764,-1.6306401644167883,-1.7247692763601863,-0.680126459284929,0.8079826667619762,0.10864829984571579
77625000,0.006279956896050259,0.026995080507242163,-2.338954,17191,0.007542787195724163,0.02232164375762505,-2.145934,17213,True,False,-2.003359868639091,-1.4364404054509707,-1.6760842089641728,-0.5793323752361993,0.8325777637754682,0.23449413222880608
77635000,0.005786339690813244,0.026434892080791327,-2.380681,16883,0.007252441697788843,0.02114158782381884,-2.128979,16869,True,False,-2.131611779760661,-1.6842424097433983,-1.7540419812829802,-0.49131405554902446,0.7978471157620487,0.056787685043203355
77645000,0.0055512975668368875,0.025542472994893362,-2.385206,16645,0.007446702844086345,0.02075860182791173,-2.077992,16631,True,False,-2.1926805619550875,-1.7111147961939763,-1.7018828594052757,-0.22662575912377902,0.7454705368356874,-0.21120776822745266
77655000,0.005276183932629327,0.02513280577462906,-2.407178,14962,0.006995092721434306,0.01978002682633128,-2.093674,14948,True,False,-2.2641607473869914,-1.841598790689464,-1.8231401868614752,-0.3080355668108499,0.7542693346239839,-0.16618692399043888
77665000,0.004737609766506126,0.02460269176370176,-2.46045,16403,0.006534193715680293,0.01916212946918853,-2.134977,16390,True,False,-2.4040934023941043,-2.1579624969867344,-1.9468915796264508,-0.5224514121685275,0.7250488694782874,-0.31569939620650816
77675000,0.00435467047630098,0.024252767418924407,-2.500269,17237,0.006307882499854795,0.018781641923680086,-2.151788,17217,True,False,-2.50358891286515,-2.3944335591028754,-2.007656145848335,-0.6097221861149199,0.6903537718721335,-0.49322394247944323
77685000,0.005477439056718396,0.02402343723421881,-2.352794,18107,0.006755230968953707,0.019069077781460612,-2.092502,18102,True,False,-2.2118705232748916,-1.5186313067716293,-1.887543072461025,-0.301951375087266,0.8108440824439754,0.12328931704104089
77695000,0.006210928686475979,0.023443172229936127,-2.240113,18005,0.006935936611111111,0.019032184222222224,-2.059475,18000,True,False,-2.021294818444884,-0.8494584056362708,-1.8390236037308123,-0.1304986446650682,0.8954707971993723,0.5562991707690857
77705000,0.006444012410718809,0.023528564966313763,-2.213236,19741,0.007472170196595055,0.019622085579651397,-2.006951,19736,True,False,-1.9607348688152466,-0.6898453380932518,-1.6950448747195992,0.1421686642850478,0.8624017174629185,0.3870944767077493
77715000,0.006094786430622911,0.023415075521446397,-2.254906,21239,0.0076266847508712435,0.019926462136196664,-2.001014,21234,True,False,-2.051470967325218,-0.9373088393961364,-1.6535577136378434,0.17298935222269152,0.7991396825372473,0.063401366690662
77725000,0.005933876295844585,0.022908867018032932,-2.258982,22958,0.007493001350291837,0.019669395722623922,-2.007064,22958,True,False,-2.0932787327053575,-0.9615147724729435,-1.6894517095126993,0.1415820485301275,0.7919224911941959,0.026473134550081167
77735000,0.004906026450053706,0.022883590762620837,-2.39494,22344,0.007387492123165055,0.019499011815252418,-2.013688,22344,True,False,-2.360335281120024,-1.7689216049696486,-1.7177809392213526,0.10719494445417067,0.6640990431204407,-0.6275616192910676
77745000,0.004193419906113192,0.02305293443747033,-2.493314,18959,0.007166189039506303,0.019484330924626828,-2.048925,18959,True,False,-2.545485130372594,-2.3531302557296674,-1.777200821850848,-0.07573053657307828,0.585167357851627,-1.0314316926070999
77755000,0.0037474354566481216,0.022861602487966495,-2.547221,15997,0.007194474839032319,0.019226033318747265,-2.027281,15997,True,False,-2.6613610710155706,-2.67326500410343,-1.7696060840815857,0.036629741298301814,0.5208768590470412,-1.3603871479138585
77765000,0.0033532251198843854,0.021623600144518165,-2.573547,15223,0.00737032444327662,0.01864731373579452,-1.958694,15223,True,False,-2.763785031399105,-2.8296058760808664,-1.722390461633451,0.39268473937464,0.4549630271627017,-1.697648718156636
77775000,0.004051777985633044,0.02194766709069141,-2.482841,13364,0.008211723381967826,0.019531117171717172,-1.876642,13365,True,False,-2.5822866170383314,-2.2909347853878135,-1.4964748288503742,0.8186404555039316,0.4934138422794865,-1.5009072769041114
77785000,0.003954119588666763,0.0217963812742701,-2.492801,13906,0.009560229726822973,0.02026248641284864,-1.710673,13947,True,False,-2.607660278886241,-2.35008372882378,-1.1344008468177547,1.6802336433636098,0.4136008968040545,-1.9092864978842956
77795000,0.005522353388220393,0.0227591217908121,-2.30847,20527,0.011225751555814859,0.02154425865422015,-1.552761,20568,True,False,-2.2002008553808947,-1.2554066311836978,-0.6872082006087962,2.5000006087685813,0.49193618447397885,-1.508468014575098
77805000,0.0054100348759221996,0.023238731639839035,-2.339095,23856,0.01154653044315186,0.02230760664518559,-1.564413,23897,True,False,-2.2293835169732072,-1.437277754951418,-0.601079062593819,2.439511699243664,0.4685420354242292,-1.6281689516539317
77815000,0.005899348468804269,0.023668012071667584,-2.288962,23609,0.0116040311205074,0.022554387864693447,-1.574513,23650,True,False,-2.1022497729321046,-1.13955546767478,-0.5856401295112094,2.387079671591616,0.508387853112403,-1.4242896951011992
77825000,0.005199476637044924,0.023214374872025878,-2.366079,24419,0.011101778649985692,0.022184426836747206,-1.62015,24459,True,False,-2.2840908818136128,-1.5975262579309497,-0.7204949284384253,2.150164775952357,0.4683462714374715,-1.629170618036896
77835000,0.005082362351311716,0.02265992406713378,-2.365064,24548,0.010308294076910543,0.022006168852859706,-1.72393,24548,True,False,-2.314519584066221,-1.5914985292575041,-0.933545553043112,1.6114127136028975,0.4930362204834313,-1.5028394558755742
77845000,0.0036720363826268604,0.021617110888676128,-2.530554,22978,0.008941271041866133,0.020847284837670815,-1.851798,22978,True,False,-2.680951302550106,-2.574285542231215,-1.3005912667820523,0.947612860948236,0.41068393581103985,-1.9242117239971896
77855000,0.003476507407243621,0.021030925927563792,-2.54428,22613,0.008451879272984566,0.019964977092822713,-1.869635,22613,True,False,-2.7317537553546067,-2.6557994375727905,-1.4319929670476674,0.8550158235987732,0.4113295155973023,-1.9209084832932668
77865000,0.0034815771730652566,0.020969168082156167,-2.542133,23078,0.008705138876852415,0.020181935349683683,-1.843802,23078,True,False,-2.7304365258320837,-2.6430491582999975,-1.3639927580680902,0.9891224147210858,0.3999450465199376,-1.9791594422748306
77875000,0.003986003703865092,0.021035193298182927,-2.470614,22949,0.009032329905442503,0.02003753814981045,-1.780742,22949,True,False,-2.599376129417337,-2.21832292480633,-1.276141959991432,1.3164851537050604,0.44130404287638936,-1.7675376983088826
77885000,0.004093939243234283,0.021128164822412865,-2.4578,24129,0.008627302001740644,0.019368499357619463,-1.798108,24129,True,False,-2.571332254416284,-2.1422250772974483,-1.3848919606771235,1.226333213882737,0.47453297014620444,-1.597515111726968
77895000,0.003794145598996446,0.020832952456617187,-2.493208,23915,0.007757996822078194,0.01896994664436546,-1.91625,23915,True,False,-2.649224814496602,-2.3525007589420976,-1.6183004197495017,0.6130238464700383,0.4890625358596214,-1.5231716240649058
77905000,0.0040322634702299074,0.02050476910984476,-2.449099,25445,0.007148359267554718,0.01871768973240599,-2.004143,25449,True,False,-2.5873568898499557,-2.0905528928761266,-1.7819881159958653,0.15674580623029002,0.5640823746131115,-1.1393173116383601
77915000,0.0038942677211482135,0.02021763225932435,-2.461363,25605,0.006497959711106773,0.017995979035721255,-2.071555,25615,True,False,-2.623211026129266,-2.1633844834683655,-1.9566204106185896,-0.19320942625286472,0.5993062275365998,-0.9590872808942545
77925000,0.0036679771113155473,0.020141662115915362,-2.493607,27175,0.005959335037704617,0.018014222696339892,-2.169901,27185,True,False,-2.6820059847976325,-2.3548702798688987,-2.101241146786269,-0.7037520194675485,0.6155010732083891,-0.8762230485326581
77935000,0.003998024599437936,0.02023199302894266,-2.446395,27399,0.005945695173118319,0.018336144113247473,-2.191235,27409,True,False,-2.5962528532951654,-2.0744947861441125,-2.1049034507153443,-0.8145029974803001,0.672423406015466,-0.5849683179916783
77945000,0.00437078914661464,0.020450203302261723,-2.397321,27678,0.0061964494365790235,0.018450366873735916,-2.153728,27688,True,False,-2.4994009505118666,-1.7830615280942492,-2.0375759256879213,-0.6197932884560078,0.705369936662905,-0.4163906713498496
77955000,0.003976933959417666,0.020139893150788266,-2.446699,26514,0.005621182730015083,0.017943433295625942,-2.226673,26520,True,False,-2.601732635727137,-2.076300135421678,-2.192035048532294,-0.998471927770724,0.7074906030331085,-0.4055398491547315
77965000,0.003684813493575313,0.020204713053718005,-2.493024,28873,0.005907078412357565,0.017812313787968,-2.16742,28873,True,False,-2.6776315461065185,-2.3514080475372565,-2.1152720517940065,-0.6908724293086644,0.6237962722598552,-0.8337789699895842
77975000,0.0032918411835322365,0.020011322964479907,-2.547425,28322,0.005885455335075207,0.01736824969987995,-2.143813,28322,True,False,-2.7797338416630177,-2.6744764884870587,-2.1210778485003345,-0.5683216494292701,0.5593180129860202,-1.1636951400488944
77985000,0.00282787153575774,0.019756800594835745,-2.612678,29588,0.005497956739218602,0.01659909561308639,-2.168589,29588,True,False,-2.9002827070554003,-3.0619911477267308,-2.225121229659895,-0.6969410471626489,0.5143495429103088,-1.3937854927955255
77995000,0.002638893520825917,0.019676214524741904,-2.639967,28090,0.005016011463154148,0.016106990138839445,-2.232495,28090,True,False,-2.9493830854818963,-3.2240509386327654,-2.354523546447074,-1.0286956173737176,0.526093997234715,-1.3336925958441816
78005000,0.0033537143363333573,0.02000549443696407,-2.537835,28222,0.004946117638721565,0.016005939798738572,-2.240272,28222,True,False,-2.7636579228950513,-2.6175248451586515,-2.373290039781232,-1.0690682786657941,0.6780498526921814,-0.5561794555203531
78015000,0.00442864017726368,0.020425851992338602,-2.387771,26627,0.004319119164757577,0.01604500803695497,-2.369172,26627,True,False,-2.484370061875136,-1.726347430723418,-2.5416391432635024,-1.7382255424627229,1.0253572564979807,1.2208897424899074
78025000,0.004547281537063831,0.020337314310710317,-2.367456,29719,0.0038836770752717115,0.015717419933375953,-2.441178,29719,True,False,-2.4535445943448355,-1.6057037775204388,-2.6585553534736124,-2.1120295605927595,1.1708701441779097,1.9654361235227746
78035000,0.0052290252773899626,0.02048620548901462,-2.270686,27218,0.004100388456168712,0.016099577338525975,-2.416284,27218,True,False,-2.2764135367877736,-1.0310207196591434,-2.600368343132483,-1.982797590655129,1.2752511946821294,2.4995230668887225
78045000,0.005410043045270492,0.020258948053843068,-2.2347,27413,0.004391416663626747,0.015983156823404954,-2.351238,27413,True,False,-2.2293813944083536,-0.8173124989275478,-2.5222272632924287,-1.6451249499962057,1.2319584907715158,2.278007113657998
78055000,0.00492525556478077,0.019972115842327918,-2.296685,25293,0.004940883169256316,0.016065811884711186,-2.244628,25293,True,False,-2.355339161279068,-1.1854196534334114,-2.3746954949430426,-1.09168153732444,0.9968370827764588,1.07496045423679
78065000,0.003842841976116473,0.019184201210534924,-2.437513,24452,0.00509611757729429,0.015837124979551774,-2.198251,24452,True,False,-2.636572493296936,-2.0217477062647706,-2.3330150531110667,-0.8509250871839412,0.7540724714120065,-0.16719421478353141
78075000,0.0038220165319426333,0.019187317861799218,-2.439778,19175,0.0058348680573663625,0.015999176010430247,-2.058065,19175,True,False,-2.641983372388899,-2.0351987461124073,-2.1346605336320077,-0.1231789259532481,0.6550304984390248,-0.6739626785473078
78085000,0.0032048052455077827,0.01946621862956104,-2.545371,19979,0.005443354372090695,0.016185732168777216,-2.150323,19979,True,False,-2.8023475700125693,-2.662278503565624,-2.2397819663852614,-0.6021169464604418,0.588755577248386,-1.013071835904336
78095000,0.0029600057197813326,0.020029839441182428,-2.596818,19756,0.005214370722818384,0.01670860204494837,-2.228932,19756,True,False,-2.8659515260395803,-2.9678041755485745,-2.301264081043975,-1.0101990515792367,0.5676630752064057,-1.1209959264277005
78105000,0.003074152286243541,0.020457058301647655,-2.589518,20514,0.004779971921614507,0.016679641464365798,-2.311753,20514,True,False,-2.8362938983446253,-2.9244520382912906,-2.4179001683283685,-1.4401468696158972,0.6431318712025406,-0.7348444326615547
78115000,0.0031705721432983324,0.02100201871525633,-2.586258,16190,0.004710876096355776,0.016866355342804198,-2.333959,16190,True,False,-2.8112420346612925,-2.9050920427489957,-2.436452398867518,-1.5554246523922721,0.6730323783618536,-0.5818523867234509
78125000,0.003409487652931022,0.021311464384898296,-2.557601,13323,0.00486837536590858,0.017381545147489304,-2.330232,13323,True,False,-2.749166867138994,-2.734908180093926,-2.3941638416710465,-1.5360767150596797,0.7003337657170797,-0.44215926760109636
78135000,0.0035072681046043807,0.021175073200715246,-2.536856,8948,0.004750926687527939,0.01671138835493965,-2.312358,8948,True,False,-2.723761492965666,-2.611710907847026,-2.425698814293155,-1.4432875999851544,0.7382282100482855,-0.2482646109978215
78145000,0.0021942428820453225,0.01800305597520821,-2.669661,10326,0.0033860484214603913,0.014441146426496224,-2.473286,10326,True,False,-3.0649124746523078,-3.4003931802379466,-2.792168657516576,-2.278711495627607,0.6480246614721927,-0.7098094728960986
78155000,0.0024497093991671624,0.018065031231409873,-2.630581,13448,0.0033008158834027367,0.014634894705532421,-2.505294,13448,True,False,-2.998537014678794,-3.168310779687987,-2.8150535957825484,-2.4448743016758017,0.742152693667304,-0.2281841897887386
78165000,0.0028952584439785696,0.01866555252737014,-2.573257,17172,0.004057188388073609,0.015589549324481713,-2.395534,17172,True,False,-2.8827742011277238,-2.827883667888453,-2.6119675623270764,-1.875078325924436,0.7136120305602239,-0.37421831616382645
78175000,0.002659110855219452,0.0187148247929492,-2.614504,22579,0.004647182071836662,0.016013183046193365,-2.300257,22579,True,False,-2.9441302058289076,-3.072835120689993,-2.4535542457941615,-1.3804678013101614,0.572198552609865,-1.0977892308501256
78185000,0.002882262419459377,0.019031684395135157,-2.586731,26229,0.005202963094284951,0.016501909527622097,-2.219754,26229,True,False,-2.886150835823366,-2.90790102369731,-2.3043270295457803,-0.9625533931841384,0.5539655706236543,-1.1910820035365626
78195000,0.003332133378785704,0.01987939827041768,-2.537834,27868,0.005720275584900244,0.017324234857183866,-2.171873,27868,True,False,-2.769265099913914,-2.617518906509714,-2.1654286149058324,-0.7139892430843658,0.5825127355020279,-1.0450146095219954
78205000,0.0029433727563756697,0.01922701248156541,-2.582005,27801,0.005916670695298731,0.01718521481241682,-2.12612,27801,True,False,-2.8702731123249836,-2.8798349688099236,-2.112696523622009,-0.4764721578205863,0.49747111305593117,-1.4801474231094638
78215000,0.0025781361260099125,0.01878124787833526,-2.630349,29458,0.005777980106596056,0.016678389686661913,-2.119255,29457,True,False,-2.9651691073572457,-3.1669330131340567,-2.1499349496135602,-0.4408339528867938,0.4462002427226689,-1.7424852927489047
78225000,0.0025879167965637885,0.018567513110949462,-2.623803,28869,0.005645784536511015,0.0162508313703755,-2.115918,28868,True,False,-2.962627887810446,-3.1280586171770466,-2.1854294629693016,-0.42351061860215333,0.45838036854361974,-1.6801631936887758
78235000,0.0021621388973603064,0.017802073836874384,-2.678369,29511,0.00533480223652999,0.015722317892239917,-2.142145,29510,True,False,-3.073253750739907,-3.452106935201842,-2.268928217072596,-0.5596625779318823,0.4052894187070494,-1.951813871485532
78245000,0.00206348725157159,0.017703156495255945,-2.692639,25611,0.005599859934981004,0.01555897085895578,-2.074772,25531,True,False,-3.098885479078096,-3.5368514555664237,-2.1977602194486257,-0.20990980575352097,0.3684890828574965,-2.140110298794754
78255000,0.0025227621363438993,0.018012068215371255,-2.620586,23030,0.005947196644880174,0.015703590501089326,-2.013417,22950,True,False,-2.979556409756242,-3.108953983539143,-2.1045003055156215,0.10860178400800354,0.4241934960256773,-1.8550873025969445
78265000,0.002688136169037426,0.017975978133775262,-2.591383,21723,0.005710955183884679,0.015382613795971169,-2.037214,21644,True,False,-2.9365888318075726,-2.935527618563186,-2.1679311427750716,-0.014935340946035127,0.4706981726319404,-1.6171366356810482
78275000,0.0031371150687502934,0.018115741893096813,-2.519322,21309,0.005704949317004239,0.01552781921808761,-2.049668,21230,True,False,-2.8199348713489085,-2.507582637344389,-2.169543718159129,-0.07958766494391674,0.5498935914118941,-1.2119171160416886
78285000,0.003730434845770181,0.018396645634593967,-2.429028,20651,0.005501295401516625,0.015446696480653313,-2.08595,20572,True,False,-2.6657781796823627,-1.971358270014352,-2.2242247987624655,-0.2679380438816992,0.6781011695430417,-0.5559168823819652
78295000,0.004076156555587202,0.01867602017468907,-2.38204,21066,0.0058638719798737365,0.015796622917358904,-2.037373,21067,True,False,-2.5759525627268927,-1.6923130336519798,-2.126872979827106,-0.015760756034815,0.69513055018554,-0.4687825815598107
78305000,0.003762302093290002,0.018685830816287517,-2.433539,20924,0.005813185471923536,0.01582594504181601,-2.049955,20925,True,False,-2.6574984127835597,-1.9981475153797779,-2.140482308280676,-0.08107756513561432,0.6472014546002584,-0.714021578827831
78315000,0.003986525691699604,0.018890286439271948,-2.403962,20493,0.0062043679613545425,0.01656562096223285,-2.026702,20494,True,False,-2.5992405062327153,-1.8225000957005004,-2.035449801618699,0.039635498131028686,0.6425353422831587,-0.737896694596485
78325000,0.0038193039058066957,0.018934124361641762,-2.432528,21148,0.006461054092392076,0.016882182230838337,-2.000418,21149,True,False,-2.642688168498924,-1.9921435413020903,-1.9665295700217982,0.17608336098315036,0.5911270593298307,-1.0009376639448895
78335000,0.0034666412540078377,0.0190483958471169,-2.492284,19649,0.00687599155216285,0.017488786768447836,-1.966381,19650,True,False,-2.734317185061843,-2.347013447322135,-1.8551188533226177,0.3527792941705516,0.5041660141245232,-1.4458915957290217
78345000,0.002976257783108882,0.018350912436617416,-2.552017,18341,0.006401876124529742,0.017150974156261926,-2.030437,18341,True,False,-2.8617289054353687,-2.7017467644165736,-1.9824188556408548,0.020246030479502616,0.4649039945813551,-1.6467837299515744
78355000,0.0029638728226766197,0.018125284323271665,-2.547921,18486,0.006194042897327708,0.017239920967218436,-2.075799,18486,True,False,-2.8649467731023597,-2.6774220583609787,-2.0382220815276515,-0.21524126044645753,0.47850376108233306,-1.577197749681101
78365000,0.002614730396342995,0.018039598030843422,-2.604924,19907,0.005697841010699753,0.016953730245642236,-2.151266,19907,True,False,-2.9556611626249225,-3.01594286385098,-2.1714522985517926,-0.607012332804588,0.4588984479266611,-1.6775123348137897
78375000,0.002424748280473825,0.017960882546809324,-2.635477,20936,0.005242630636224685,0.016485129680932367,-2.209898,20936,True,False,-3.005022427144544,-3.197386404895065,-2.293676293698402,-0.9113880402595256,0.46250602964849175,-1.659053406824006
78385000,0.0026673958625973693,0.018242811475758736,-2.601985,23493,0.005555308730260077,0.01643381122036351,-2.145541,23493,True,False,-2.9419775903637233,-2.9984891746182183,-2.209722218855747,-0.57729219831865,0.48015258775230885,-1.5687611915888635
78395000,0.002430469125180869,0.018298134370967112,-2.643207,25571,0.005537571350357827,0.016360088068515116,-2.144453,25571,True,False,-3.0035360339250134,-3.243292161196272,-2.2144847057335695,-0.571644074943854,0.4389052476992133,-1.7798116232957475
78405000,0.002303951291320389,0.018299282860656654,-2.66452,26833,0.005554789399240676,0.01611527357998958,-2.124454,26866,True,False,-3.036407971554855,-3.369862586040727,-2.2098616592454086,-0.4678234689029331,0.4147684323793324,-1.9033125638832578
78415000,0.002416668758095855,0.018462483524935232,-2.648972,24704,0.005912595801158302,0.016229517334298584,-2.060576,24864,True,False,-3.0071216533767955,-3.27752847233165,-2.1137906327846507,-0.13621425480812935,0.4087322792507514,-1.9341977730142228
78425000,0.0023934082507701274,0.018375320830905,-2.650784,24022,0.006017367215284096,0.016372255065751386,-2.050052,24182,True,False,-3.013165212001843,-3.2882893042097576,-2.0856595058823224,-0.08158112025266756,0.39775007326973116,-1.9903904707834525
78435000,0.002199374239698449,0.018542532939261544,-2.68616,23346,0.005400721049944695,0.01620862584021101,-2.161173,23506,True,False,-3.063579242304084,-3.4983749490883502,-2.251229014280568,-0.6584424415123922,0.4072371484027992,-1.941847915072169
78445000,0.0029202044567146522,0.019360580319463618,-2.588529,25355,0.005906886615716245,0.016571561669606116,-2.086251,25515,True,False,-2.8762927135006278,-2.9185787144902684,-2.1153235491962454,-0.2695006221315269,0.4943728645383114,-1.4960002438328643
78455000,0.0033571935386473434,0.019957257397342998,-2.535825,26496,0.005782087893926304,0.016682681741351464,-2.118387,26623,True,False,-2.762753954513858,-2.6055881607905507,-2.1488320086287587,-0.4363279132826371,0.5806195962835242,-1.054701242619599
78465000,0.003275469322627136,0.020095599512730766,-2.552128,29142,0.005681284572095258,0.016662378868986343,-2.136953,29142,True,False,-2.7839875881439315,-2.702405954448842,-2.1758977026662625,-0.5327094009448093,0.5765367464103532,-1.0755919770819409
78475000,0.0032001661588606247,0.020116458230000706,-2.563947,28226,0.005431368738042939,0.01652331548926522,-2.176547,28226,True,False,-2.803552900219953,-2.772594846263068,-2.2430001093798526,-0.7382533319205691,0.5892006809343838,-1.01079437207362
78485000,0.003930038288444229,0.020329529633732604,-2.459681,28886,0.00642504410288365,0.016935778862464085,-2.012424,28887,True,False,-2.6139170964020515,-2.1533956759523707,-1.9761982529642348,0.11375673484547613,0.6116749123450176,-0.8958003813001789
78495000,0.0038859625291923737,0.02023466509812123,-2.46352,28689,0.006160439142558383,0.016725664133844544,-2.048204,28690,True,False,-2.6253688859632973,-2.176194149230552,-2.047244690391894,-0.07198761657930351,0.6307931040738377,-0.7979782523428074
78505000,0.003735154716410004,0.02007863104922623,-2.48155,26429,0.006437170866439652,0.016741204994324632,-1.99544,26430,True,False,-2.6645518601307314,-2.2832679896071064,-1.9729422166937038,0.201925601938782,0.5802478750227564,-1.0566032302982877
78515000,0.0037283546661535504,0.0199434982489898,-2.478657,25985,0.006343410759639807,0.016394466905256675,-1.987481,25986,True,False,-2.6663186531676435,-2.2660874782255562,-1.9981168073467943,0.24324307798656944,0.5877523634249495,-1.0182049841329985
78525000,0.004302353144856144,0.020651104697651173,-2.413838,28014,0.006995828811807066,0.017189377384050478,-1.922855,28051,True,False,-2.5171820325364123,-1.881150192625563,-1.8229425465808655,0.5787353769015456,0.6149883395652758,-0.8788465548385294
78535000,0.003656698701494791,0.020334031065982184,-2.500492,26492,0.006039025092306533,0.016649521588425892,-2.066099,26542,True,False,-2.684936347837206,-2.3957578778163517,-2.0798443654450494,-0.16488574874102505,0.6055114270270665,-0.9273371115595884
78545000,0.0033524460122206145,0.019838932223830198,-2.533222,24876,0.0060666913263259245,0.0168078733451015,-2.07164,24926,True,False,-2.7639874596082272,-2.5901298576014113,-2.072415981027382,-0.19365068589152,0.5525987448336034,-1.1980756465857145
78555000,0.0031101064649243465,0.019498074906661427,-2.562126,25445,0.005831547793685036,0.01678470927632869,-2.115523,25495,True,False,-2.8269522625999683,-2.7617805665445037,-2.1355520245004653,-0.4214600591048695,0.5333243548637757,-1.2966969957147156
78565000,0.002927257389759328,0.019131454813438864,-2.581747,24764,0.005716936285967599,0.016705241637785122,-2.132281,24814,True,False,-2.874460216309696,-2.87830279738357,-2.1663252167396703,-0.508455694688336,0.5120325368929463,-1.4056409268575119
78575000,0.00202393014692866,0.018079396813595328,-2.707236,28245,0.004039024416999893,0.015270723238614246,-2.38443,28259,True,False,-3.109163229154606,-3.6235379141341766,-2.6168445889434335,-1.8174342432463824,0.5010938132510708,-1.461611138366141
78585000,0.0020316518737345237,0.0181799741427955,-2.708115,30127,0.0037292545225213265,0.015068222657416936,-2.439771,30127,True,False,-3.1071569655772757,-3.628757986551868,-2.7000178121437495,-2.104725415750539,0.544787667740344,-1.2380426163468208
78595000,0.0036159906107769185,0.020192027785734746,-2.503343,31419,0.00489899882236863,0.016729642254686657,-2.293302,31419,True,False,-2.695513147789247,-2.4126889659424515,-2.385941442965697,-1.3443623802883797,0.7381080791990503,-0.2488792850000668
78605000,0.004035510431570892,0.020914210894087112,-2.461003,30053,0.005097120287492097,0.017214544404884704,-2.282675,30053,True,False,-2.5865132624542713,-2.161246569850197,-2.332745825401809,-1.2891945428766634,0.7917236015547237,0.02545547512722849
78615000,0.0043213205058471585,0.02139280881153114,-2.43343,29416,0.005298127727442397,0.01770170314567851,-2.272304,29469,True,False,-2.5122539217043305,-1.9975002026453874,-2.278775323536053,-1.2353556756707849,0.815631620858114,0.14778573421161698
78625000,0.005319816301288066,0.022851597202081377,-2.33899,23446,0.006955380314055917,0.01928387582450317,-2.072774,23499,True,False,-2.2528241598291143,-1.4366541968127857,-1.8338029690800781,-0.19953760860017553,0.7648490896374726,-0.11205344871480664
78635000,0.005715499504312481,0.023617619064141965,-2.310503,20174,0.008008847431650763,0.020541695357690216,-1.977797,20227,True,False,-2.1500175184718326,-1.267479904477407,-1.550947025789011,0.2935155290541372,0.7136481938368524,-0.3740332793800108
78645000,0.0033036361727098646,0.02083016257952931,-2.562955,16189,0.005920621844600418,0.018033467183844354,-2.175672,16242,True,False,-2.7766692606726475,-2.7667037065152282,-2.111635639951179,-0.7337109532873485,0.5579880389967427,-1.1705002233399537
78655000,0.003024384716906427,0.020223858585192028,-2.589917,15154,0.005910380022358125,0.017847497665548762,-2.165993,15207,True,False,-2.849224537332979,-2.9268215592180917,-2.1143855694392273,-0.6834644586691123,0.5117073192359224,-1.4073049693588038
78665000,0.002829605461940732,0.020059376525276004,-2.615007,13768,0.005652830040674027,0.01747241828878559,-2.189899,13768,True,False,-2.8998321973398693,-3.0758222611064863,-2.183537744952948,-0.8075674342186046,0.5005643972277182,-1.464320003474468
78675000,0.0030063046148596775,0.020960148937985156,-2.606865,11723,0.005428180357295496,0.01803671843747329,-2.26196,11699,True,False,-2.8539221200269522,-3.027469781442266,-2.2438561896777816,-1.1816569732913016,0.5538328531805676,-1.1917610794144837
78685000,0.003174591572376122,0.021534885524775654,-2.595655,12815,0.00567038058009538,0.01894653107653819,-2.268442,12791,True,False,-2.8101977042461956,-2.9608975268321056,-2.178825424748187,-1.2153069142062083,0.5598551151081156,-1.1609469474480385
78695000,0.003081783530879601,0.02166673604179663,-2.611478,12824,0.005745840694750079,0.019272959210939956,-2.272263,12724,True,False,-2.834311143897602,-3.0548647689995065,-2.1585643823720018,-1.235142832786257,0.5363503261925444,-1.281213995975891
78705000,0.002421757213758079,0.019767614843028625,-2.672977,17328,0.004526837183654516,0.016962619804968656,-2.374674,17228,True,False,-3.0057995678489537,-3.420085740120844,-2.485866850809053,-1.7667880193084244,0.5349777594172261,-1.2882370139475845
78715000,0.0023542703609916965,0.019375054884871328,-2.67577,16981,0.004374370238729933,0.017030971861856526,-2.407035,16881,True,False,-3.023334041426941,-3.4366723866084605,-2.5268042287367196,-1.9347833506795056,0.5381964105706887,-1.2717681285703044
78725000,0.0023017420292812322,0.018500717390195376,-2.667527,19603,0.004052700414810263,0.016649615097045118,-2.451327,19527,True,False,-3.0369819833106932,-3.387720103401366,-2.613172583242933,-2.164715961448269,0.5679526719689676,-1.1195141455011988
78735000,0.002253161142691974,0.01811090712014645,-2.667749,20758,0.003748974180446765,0.015981884875737356,-2.480048,20682,True,False,-3.0496042976930715,-3.389038483465902,-2.6947230835748957,-2.313814997705147,0.6010073780832135,-0.950382997010759
78745000,0.002532779927899557,0.018424967761985662,-2.628834,24133,0.005056032238014337,0.016506109518087266,-2.24852,24133,True,False,-2.9769535812919994,-3.157935959990936,-2.3437779675531045,-1.1118860374850115,0.5009422030295952,-1.4623868829996716
78755000,0.00283767141468363,0.01930849089141553,-2.600003,23659,0.006367353396170591,0.01790337630500021,-2.088839,23659,True,False,-2.897736496778143,-2.9867187724204185,-1.9916882089333459,-0.28293568030613225,0.4456594817542626,-1.7452522065834808
78765000,0.0027099700244623756,0.019377646098798787,-2.622327,27389,0.006790857862645588,0.017966873051224946,-2.017019,27389,True,False,-2.930915946714239,-3.1192931713425582,-1.8779772507534098,0.08990275790872919,0.39906151465326406,-1.9836802133511768
78775000,0.0025109944136131428,0.019314402072843545,-2.652298,27209,0.006906386783784777,0.01776915524275056,-1.982243,27209,True,False,-2.9826139063624297,-3.2972804187039415,-1.846957732991117,0.27043505430750325,0.3635757006121644,-2.165250621605472
78785000,0.002770148157032062,0.019570099344367153,-2.616813,25014,0.007514451906932118,0.01821850787558967,-1.904917,25014,True,False,-2.9152804290947034,-3.086547461090961,-1.6836922346024072,0.6718567345275296,0.3686427421907627,-2.139324069462635
78795000,0.0028290594498301433,0.01950526791780595,-2.606003,24138,0.006531986287182036,0.01769377023779932,-2.045049,24138,True,False,-2.89997406252596,-3.022350666056542,-1.9474842742247858,-0.055609097050371585,0.4331086021080163,-1.8094713432413034
78805000,0.0030767203867045397,0.019775859072108437,-2.573066,20067,0.006065909602830518,0.017527805999900333,-2.119089,20067,True,False,-2.8356266529800376,-2.826749385941036,-2.0726258738023846,-0.43997219876894766,0.5072150078314485,-1.4302907972947516
78815000,0.00475985435286329,0.021204267957629926,-2.362974,18126,0.007168589098532495,0.01885271317444555,-2.008234,18126,True,False,-2.39831380094961,-1.5790867529742545,-1.7765564059516998,0.13550823938627812,0.6639876114307758,-0.6281317822683488
78825000,0.005157514089026312,0.021826740621900705,-2.326836,17141,0.008131491744939035,0.019499066332185986,-1.888964,17141,True,False,-2.29499361559562,-1.3644758576038771,-1.5180170250846312,0.7546733817684321,0.6342641978621328,-0.7802176927146771
78835000,0.004940670291105741,0.021583388505350364,-2.349343,17382,0.008219322057300657,0.018978757335174318,-1.836868,17382,True,False,-2.3513340980648634,-1.4981370292819203,-1.4944345843632587,1.02511881865567,0.6011043558899465,-0.9498867902747454
78845000,0.005157841822094692,0.022265902737924437,-2.340968,16728,0.009042203252032522,0.019484448648971784,-1.736399,16728,True,False,-2.29490846379801,-1.4484008444148295,-1.2734909662237903,1.5466825202570174,0.5704186997715742,-1.1068962110678184
78855000,0.0057621870275678085,0.022317478434859938,-2.260446,17992,0.009232916574032904,0.019663568474877723,-1.718996,17992,True,False,-2.1378871388588423,-0.9702089545201574,-1.2222844352446833,1.637026537804403,0.6240917462390659,-0.8322671170848807
78865000,0.004921283563996364,0.021944358319022125,-2.364193,19798,0.008031630656565656,0.018663326060606063,-1.846206,19800,True,False,-2.356371168847224,-1.586325966031329,-1.5448297294188809,0.9766425538819246,0.6127377832013899,-0.8903619856897639
78875000,0.005068069375571711,0.022053045496124402,-2.347499,20771,0.007663481923650893,0.01847211009483464,-1.896508,20773,True,False,-2.3182331933870097,-1.4871861606377503,-1.643677671970482,0.7155102910152589,0.6613272434206089,-0.6417440980279141
78885000,0.00581714105609355,0.02294396108167367,-2.275538,21892,0.008235318900155292,0.01918922736822874,-1.850499,21894,True,False,-2.123608951009066,-1.05983504431289,-1.4901394317194272,0.9543563464848716,0.7063650025724998,-0.41129921358490185
78895000,0.005775984024663677,0.02279708730381166,-2.275956,21408,0.008110755861746848,0.019169882998598786,-1.870077,21410,True,False,-2.1343023949996116,-1.062317399569539,-1.523584610159038,0.8527212734777625,0.7121388096398303,-0.38175635160680155
78905000,0.005233129068113108,0.022853672150097815,-2.35047,22492,0.007734072588177735,0.019018730729884803,-1.923527,22483,True,False,-2.275347287480613,-1.5048298866365717,-1.6247240770563196,0.5752468301112311,0.6766330427403078,-0.5634288527325039
78915000,0.004986226160804948,0.022555315286624206,-2.374416,21666,0.007256184714846455,0.0190996131147541,-2.010099,21655,True,False,-2.339497745341049,-1.6470367741383451,-1.753036981124074,0.1258264837851821,0.6871691331951518,-0.5095187960807238
78925000,0.0054948805008115,0.02294097927196847,-2.318203,21565,0.007235527558689803,0.019591482601837247,-2.044516,21554,True,False,-2.2073388770641675,-1.3132075013104325,-1.7585834279877794,-0.05284213955150432,0.7594305261421053,-0.13977863447118136
78935000,0.006319329624100964,0.023305145293346,-2.221916,22107,0.008168340740405504,0.020343219949312093,-1.940328,22096,True,False,-1.9931300233966665,-0.7413928108868428,-1.508123069024766,0.48802796906350215,0.7736368774189079,-0.06708893942443825
78945000,0.007287091066052771,0.024396607844873384,-2.138185,22588,0.00852936209416663,0.02096814111706604,-1.923473,22577,True,False,-1.74168567923024,-0.24414379654578586,-1.4111888279262272,0.5755271597640242,0.8543535830231116,0.3459145546625989
78955000,0.008022569027494413,0.025167846157582822,-2.076803,20586,0.009134989167395318,0.0219413941027883,-1.89233,20586,True,False,-1.5505933648985397,0.12038235264964789,-1.2485779459920925,0.7371995000776607,0.878224251882929,0.4680537025812642
78965000,0.00842551831964624,0.025987295904400926,-2.060018,18996,0.009668157980627501,0.022411538639713624,-1.843321,18996,True,False,-1.445898844012175,0.22006257509670676,-1.105422108395111,0.9916194251468909,0.8714708982340595,0.43349879064685976
78975000,0.008100864251572326,0.02569920875471698,-2.087561,19875,0.010028469886792454,0.022474690918238994,-1.795433,19875,True,False,-1.5302506539615042,0.05649436736007619,-1.0086783539911066,1.2402199142757298,0.8077866656648395,0.10764542023911637
78985000,0.006801352566146,0.025424210126447775,-2.232751,18822,0.008823973169695038,0.02215213909255127,-1.95041,18822,True,False,-1.8678905405224135,-0.8057380721447454,-1.3320857479337176,0.43568938462905227,0.770781192932963,-0.08170063178572746
78995000,0.005419238463469746,0.02416400878734622,-2.364594,19915,0.008171977756577626,0.021879129694717815,-2.031063,19916,True,False,-2.2269922354708123,-1.588707364256008,-1.5071465301058493,0.016996283023048866,0.6631489493602452,-0.6324229678772592
79005000,0.004685585912240185,0.023523717182448035,-2.441277,21650,0.008269124844118054,0.021554683571197636,-1.998463,21651,True,False,-2.4176102706530083,-2.044100780872499,-1.481062535052483,0.1862323326722334,0.566636252392913,-1.1262498748712884
79015000,0.004408958199356913,0.022913454646500735,-2.462363,25191,0.007901519093362973,0.021184830144490314,-2.033437,25192,True,False,-2.48948384489245,-2.169323132407719,-1.5797646868827588,0.0046721608798838,0.5579886787921957,-1.170496949695971
79025000,0.004026435407569141,0.022802169359534205,-2.510924,27480,0.007313107953101745,0.020759096773022612,-2.100759,27549,True,False,-2.5888711405009657,-2.4577098635516954,-1.737753090452059,-0.34481585551528166,0.5505778710488457,-1.2084158596551928
79035000,0.003767399108059321,0.022473924857537252,-2.53825,28253,0.00762382451804251,0.02088231593813996,-2.059335,28322,True,False,-2.6561741034235036,-2.619989384468485,-1.6543256862126785,-0.12977186408375252,0.4941613096082433,-1.4970827077993436
79045000,0.0035578133380381087,0.022451350105857446,-2.566209,28340,0.008053447479583215,0.020994465009856376,-1.999309,28408,True,False,-2.7106288008366537,-2.786028070163887,-1.5389719119785652,0.18184050144514155,0.441775195909297,-1.7651269476794564
79055000,0.004234067622662731,0.02273762248699564,-2.481649,28452,0.009131222159887799,0.021350332047685834,-1.856363,28520,True,False,-2.5349240168722993,-2.283855915852103,-1.2495893875873048,0.9239146227074839,0.4636912286793773,-1.652989094148207
79065000,0.005009990346033133,0.023179138452981606,-2.390062,25171,0.01024470388869069,0.02180886554088873,-1.719687,25227,True,False,-2.3333233208286415,-1.7399528754434783,-0.9506195199212133,1.6334393565066243,0.48903222586684525,-1.523326711327556
79075000,0.005670457895864581,0.023395980372830513,-2.309877,23335,0.01104079608112164,0.022278856579342282,-1.635801,23323,True,False,-2.1617202555363946,-1.2637623102413713,-0.7368687494645012,2.0689158982511486,0.5135913981384317,-1.3976646952167
79085000,0.006275931302579642,0.023474137953032177,-2.233936,25081,0.01095595313310199,0.02218672043396753,-1.641691,25071,True,False,-2.0044058006903396,-0.8127753711378799,-0.7596490827970527,2.038339200937232,0.5728329818806663,-1.0945430440337696
79095000,0.00659121433494142,0.023277136538695425,-2.185662,24667,0.010362194792553838,0.021931850752321857,-1.710814,24657,True,False,-1.9224887787235176,-0.5260930322395018,-0.9190732097561606,1.679501671492428,0.6360828441169428,-0.77091221806575
79105000,0.006740732831535656,0.02319207786917048,-2.162957,25774,0.008864895629560627,0.021437403741655023,-1.902044,25764,True,False,-1.8836407954425718,-0.39125600807146577,-1.3210980665967822,0.6867713103140968,0.7603849061751162,-0.13489535429553579
79115000,0.005994540020734279,0.022921474386015085,-2.251963,27973,0.007610020125111707,0.020731730294906166,-2.05284,27975,True,False,-2.0775170482050767,-0.9198313955676164,-1.6580321660057238,-0.09605443640058066,0.7877167106238482,0.0049534000922056825
79125000,0.005813786828758372,0.022906231096829145,-2.275258,25829,0.007220323538521099,0.020705413085559427,-2.11213,25830,True,False,-2.1244804483181317,-1.0581722226098706,-1.762665707723718,-0.40384601258770136,0.8051975507387277,0.09439768542297461
79135000,0.005928001993699908,0.023233906934088278,-2.271136,25079,0.006150339172419296,0.020351419017597062,-2.262802,25061,True,False,-2.094804997326135,-1.033693111681852,-2.04995653258724,-1.186028039358928,0.9638496069100643,0.9061733030274969
79145000,0.006468037408868173,0.023487765626867458,-2.209474,25101,0.00649541924809632,0.020552747398636523,-2.217991,25083,True,False,-1.9544926797370343,-0.6675041407834014,-1.9573025249904725,-0.9534011491494296,0.9957844385123913,1.069574385072591
79155000,0.006440044087246341,0.023734281483356535,-2.221647,23703,0.0067026176222241,0.020788040910242337,-2.197112,23686,True,False,-1.9617659209420626,-0.7397953143221574,-1.9016697571675016,-0.845012208025954,0.9608252253407483,0.8906984376172953
79165000,0.008162447763085633,0.024849019728782052,-2.04755,23671,0.008642756741882224,0.022762568223191226,-2.011693,23621,True,False,-1.5142499899624315,0.29410565007257194,-1.38074236262318,0.11755156773791663,0.9444264147260971,0.8067905770074612
79175000,0.008391540563197806,0.025081245170140612,-2.029266,26243,0.009488634954569749,0.023034990379476216,-1.907468,26194,True,False,-1.4547269645758465,0.40268790727972475,-1.1536240446776267,0.6586137540779877,0.8843780589489766,0.4995409120900081
79185000,0.00824121220941667,0.024978074420800064,-2.043315,25423,0.009980819227285258,0.022996519081564335,-1.835733,25391,True,False,-1.4937853654250082,0.3192558283307365,-1.021472557073706,1.0310109326541916,0.8257049869100018,0.19932816703893905
79195000,0.007461057111539479,0.025348082700230562,-2.152,26457,0.010664469782403027,0.023051632393566696,-1.743004,26425,True,False,-1.6964857194897376,-0.32618623164296356,-0.837912368606895,1.5123940506885247,0.6996181961010984,-0.4458206255498703
79205000,0.007062719051202121,0.025696884517539147,-2.211629,27909,0.01094420637824652,0.02298007849045774,-1.698954,27876,True,False,-1.799982147427648,-0.6803019292477076,-0.7628030867234767,1.7410703693095853,0.6453386209200588,-0.7235531474549997
79215000,0.005797212261401719,0.025268030307445722,-2.350062,27452,0.010327634962844237,0.022289798484627713,-1.740742,27452,True,False,-2.128786862107909,-1.502406917869314,-0.9283525247620301,1.5241367483666368,0.5613300898277648,-1.1533999383333176
79225000,0.005456708981098311,0.02528369906423592,-2.391504,26823,0.009558912798717517,0.021966257726577936,-1.832028,26823,True,False,-2.2172566236534106,-1.7485164072140267,-1.1347544420418427,1.0502446616097205,0.5708503776528244,-1.1046874431065659
79235000,0.005488452268208929,0.025249445978673415,-2.386859,27665,0.00950800086752214,0.022195512344117117,-1.854146,27665,True,False,-2.2090090642206666,-1.7209313828907267,-1.1484242966414968,0.9354237123416014,0.5772456633819453,-1.0719646587456253
79245000,0.006643137734433609,0.025405383570892726,-2.252233,26660,0.009488741372843211,0.022480691072768195,-1.874493,26660,True,False,-1.9089980106827145,-0.921434830781242,-1.1535954713689578,0.8297965374271246,0.7001073665519303,-0.4433176851252654
79255000,0.006218255153440794,0.02516131521233726,-2.295879,25808,0.009787823233106013,0.023230888755424676,-1.876946,25808,True,False,-2.0193912515107546,-1.1806331023882903,-1.073291985580978,0.8170623033845033,0.6353052160166084,-0.7748911109124579
79265000,0.006618786759774333,0.025635807432832287,-2.262185,25347,0.011026451453820965,0.0241265058981339,-1.761202,25347,True,False,-1.9153248951684885,-0.9805362650256951,-0.74072028219725,1.417922957697241,0.6002644447757255,-0.9541843668705591
79275000,0.00610205527281335,0.025804645717441906,-2.328421,25347,0.011739343786982248,0.024955260276134122,-1.717846,25350,True,False,-2.0495823724936875,-1.373888616172753,-0.5493086757090676,1.6429965211509232,0.5197952614336004,-1.3659213627979203
79285000,0.005566051886600041,0.025632893779318787,-2.387239,24515,0.011458933422862493,0.02492392451064176,-1.75235,24573,True,False,-2.188847085960233,-1.7231880694876829,-0.6245988643888714,1.463876255595847,0.48573908942474825,-1.5401767158825064
79295000,0.004298772952708243,0.024955647205842153,-2.524175,25607,0.010818593158263851,0.024206058521000544,-1.793963,25666,True,False,-2.518112240155351,-2.536402900647076,-0.7965302389379144,1.247851110379543,0.3973504585875473,-1.9924351808443377
79305000,0.00462261023089172,0.024979504418789808,-2.485085,25120,0.01124251107419712,0.023959305291884194,-1.721585,25284,True,False,-2.4339726490333273,-2.304261113607725,-0.6827082695697126,1.6235862883399328,0.41117239737492023,-1.921712410737317
79315000,0.004248799131599237,0.024639702674187396,-2.523458,24643,0.010550911972256945,0.023130151981934757,-1.763882,24799,True,False,-2.5310964675997734,-2.5321448893575598,-0.8684026430259693,1.4040103008549152,0.40269496539931576,-1.9650889212205134
79325000,0.004423745268924303,0.02427451004316069,-2.493447,24096,0.010061124128830054,0.022474346241082105,-1.791266,24249,True,False,-2.4856418598242946,-2.3539200960386037,-0.9999106893153569,1.2618520191495997,0.43968697854031075,-1.7758117379387808
79335000,0.0046210050384286935,0.024413698932536292,-2.471901,23420,0.010305532400714346,0.022579259630921,-1.76284,23518,True,False,-2.4343897110784036,-2.2259659659912785,-0.9342870631600326,1.4094196248958493,0.44840041821695503,-1.7312276458969558
79345000,0.0052289436759786635,0.024922805261730404,-2.409191,22122,0.011200116881947882,0.02358188986903101,-1.702714,22219,True,False,-2.276434738514209,-1.8535532910043826,-0.6940911110826957,1.7215511194113973,0.46686509891754496,-1.6367493394613675
79355000,0.006378555230179579,0.02448986417466948,-2.254861,23221,0.010153589928057554,0.023364659242665748,-1.833741,23213,True,False,-1.977741991767444,-0.9370416001938651,-0.9750836202727371,1.0413519820683381,0.6282068977942107,-0.8112111044757142
79365000,0.00619766267641129,0.023762952746975808,-2.253763,23808,0.009072926285282258,0.02303001701108871,-1.965472,23808,True,False,-2.024741600942948,-0.9305209636584553,-1.2652418311483098,0.357498176659235,0.6830941287889546,-0.5303693876104638
79375000,0.006197023892584781,0.023982021945481095,-2.261245,24652,0.008745219343555538,0.023124113637288,-2.016735,24587,True,False,-2.024907570130558,-0.9749539350227026,-1.3532311519130338,0.09137708423082498,0.7086184633152106,-0.39976892188678437
79385000,0.007229069780176798,0.024174805366502388,-2.137483,25566,0.009005208972197169,0.02316372032469315,-1.982532,25501,True,False,-1.7567608036796631,-0.2399748649903594,-1.2834239311397648,0.2689347715360734,0.8027653553066838,0.08195286121691416
79395000,0.007452515346894297,0.024519177851434797,-2.122104,22024,0.008313433671842979,0.023077829819208525,-2.074609,21959,True,False,-1.6987050457783528,-0.1486443829520338,-1.4691656138739,-0.20906362550527666,0.8964425099264877,0.561271137210771
79405000,0.006295634105482064,0.024614435965571026,-2.268085,17311,0.007620118462252116,0.022755626638061,-2.155899,17246,True,False,-1.9992866069104673,-1.0155742937678844,-1.6553207622705575,-0.6310635787562633,0.826185857433691,0.20178863919275733
79415000,0.0069978700410396714,0.025599926852820473,-2.213087,12427,0.007971811195599417,0.023044577171978647,-2.11845,12362,True,False,-1.8168312551966586,-0.6889604794012856,-1.5608912559498644,-0.436654964544231,0.8778268663591307,0.4660203984641081
79425000,0.008895100372856079,0.02654257046979866,-2.02097,6705,0.009128877404921699,0.023837706785980614,-1.994246,6705,True,False,-1.3238917601552922,0.45195493888060423,-1.2502189543451516,0.2081240020394308,0.9743914808254974,0.960112951935469
79455000,0.005735948860920822,0.026450089214592958,-2.379692,6277,0.007459252987095747,0.02313462450215071,-2.18881,6277,True,False,-2.1447043546712172,-1.6783690859423763,-1.698513145742578,-0.8019141195539436,0.7689709506895419,-0.0909631055955843
79465000,0.0074316854853735785,0.027478124557480905,-2.221471,10734,0.009066925097820012,0.025112751537171605,-2.06916,10734,True,False,-1.7041170725879675,-0.7387501121088327,-1.2668531501084834,-0.18077628702250323,0.8196478304602296,0.16833549012947066
79475000,0.007280046533238028,0.027090762044317367,-2.228076,13990,0.009361166047176555,0.025454190850607575,-2.048851,13990,True,False,-1.7435159938685143,-0.7779748883532663,-1.1878494490009253,-0.07534638112295369,0.7776858669688678,-0.04637145821484521
79485000,0.007469205866460825,0.02708322778849865,-2.206195,12955,0.009676943110768043,0.025919718255499807,-2.030506,12955,True,False,-1.6943685052175523,-0.6480313109112591,-1.1030633007671036,0.019887831478712047,0.7718559240210318,-0.07620155087981338
79495000,0.0072625720653789,0.026105818018299833,-2.198597,12787,0.00951392844294987,0.02528708555564245,-2.020949,12787,True,False,-1.7480562203334518,-0.6029094562700453,-1.146832742514143,0.06950098873322938,0.7633620653054944,-0.119662112129675
79505000,0.007235320065303584,0.025814333048278005,-2.192217,12863,0.009395378432893715,0.02468087967416602,-2.006492,12890,True,False,-1.7551368509404548,-0.5650208760369658,-1.1786634227143538,0.14455146633378815,0.7700935217225894,-0.08521924184967153
79515000,0.005549393399145425,0.023142832400176807,-2.315243,13574,0.007420814572457907,0.02237071141827807,-2.164852,13601,True,False,-2.1931753039189714,-1.2956291004499454,-1.7088338608834759,-0.6775411969313929,0.7478145889457747,-0.1992139473134124
79525000,0.004762360697359512,0.021472866621530126,-2.368642,11816,0.0060600402769568525,0.020201294688845732,-2.266083,11843,True,False,-2.397662601055929,-1.6127470151625134,-2.0742017879232435,-1.203060661411043,0.7858628787449262,-0.004532108981950998
79535000,0.0044720831410494976,0.020869263863044288,-2.392168,13435,0.005716997177239638,0.0195473483137721,-2.291084,13462,True,False,-2.473082685602178,-1.7524596701097577,-2.166308867431844,-1.332848099364395,0.7822433704976521,-0.023052061472717558
79545000,0.003608575054288816,0.01895071552660152,-2.464819,14736,0.0045411073630021,0.017885928063401748,-2.416025,14763,True,False,-2.697439862015451,-2.1839084542027725,-2.482035307353279,-1.981453046579694,0.7946464960703348,0.04041106131919469
79555000,0.0031407596469301673,0.018292677394157162,-2.520441,12802,0.004155659917129231,0.01751989297162067,-2.468789,12791,True,False,-2.8189879349134648,-2.5142279855075267,-2.585527954698949,-2.2553662650977806,0.7557787955612676,-0.15846345910644125
79565000,0.00198190009854644,0.01642111320522296,-2.668779,8118,0.0030832627359072408,0.014863015788824471,-2.557443,8107,True,False,-3.1200835009205865,-3.3951552918734347,-2.8734666204731254,-2.7155948769259655,0.6427931280281477,-0.7365776812322831
79575000,0.002026982808857809,0.01681490005827506,-2.666766,6864,0.00317651189260178,0.015190303224865023,-2.549477,6853,True,False,-3.108370084745806,-3.383200791558516,-2.8484292199340855,-2.674241061849112,0.6381159200375515,-0.760509570278402
79585000,0.004954415800843535,0.019180040427939513,-2.254916,9721,0.00552025973223481,0.016660564263645726,-2.161214,9710,True,False,-2.3477627316811374,-0.9373682258855303,-2.219132875564689,-0.6586552843969223,0.8974968644886208,0.5666659574640013
79595000,0.008213712325220094,0.023546712713619886,-1.979515,7724,0.008101864514456113,0.0199119222092571,-1.91654,7713,True,False,-1.5009304014294544,0.6981416306615299,-1.5259719370941123,0.6115183724087424,1.0138051939234989,1.161781257183681
79605000,0.009139002479046157,0.024111485538897415,-1.888599,8471,0.009036921348314606,0.02047038391484329,-1.805837,8455,True,False,-1.2605209721973767,1.2380598376318475,-1.2749091574834421,1.1862097345042546,1.0112960074340571,1.148942492522782
79615000,0.008747202611218568,0.024424318471953577,-1.953607,10340,0.008703162243316543,0.02069882981402557,-1.875325,10324,True,False,-1.3623186431313534,0.852000147382315,-1.3645234842141576,0.8254773842581641,1.0050602719644628,1.117036079620187
79625000,0.008790205301129235,0.024744919149937265,-1.963678,12752,0.008638927371231156,0.020724068938442208,-1.888323,12736,True,False,-1.3511456590742779,0.7921920139140801,-1.3817705487237504,0.7580009985728845,1.017511193623627,1.180743760841148
79635000,0.008919590077306978,0.026947079361972798,-2.036717,10219,0.008727258061354503,0.022451643242183673,-1.978559,10203,True,False,-1.3175288308138764,0.3584390340325968,-1.3580537565628021,0.2895597661758345,1.0220380805288831,1.203906501381816
79645000,0.00897367980526168,0.02799185497612583,-2.068919,10681,0.009050859754382676,0.02301791178400675,-1.964455,10667,True,False,-1.3034752060442425,0.16720266088751431,-1.2711666951602147,0.3627777184535058,0.9914726389298406,1.0475121827060994
79655000,0.00821553160594731,0.027652395269976524,-2.140766,11501,0.008339482263954095,0.022629611284993915,-2.044752,11502,True,False,-1.5004577148462954,-0.2594714494582598,-1.4621715663427195,-0.05406728396000827,0.9851368881084454,1.015094020848354
79665000,0.009176539870210686,0.02868912143301627,-2.07152,11249,0.009462886844444443,0.023881290222222223,-1.955156,11250,True,False,-1.2507679852587283,0.15175623499625515,-1.16053741278928,0.4110515229224566,0.969739998063924,0.9363126912727566
79675000,0.008626456457599695,0.02886446140668126,-2.135144,10507,0.009149027027027027,0.023952057384849637,-2.00099,10508,True,False,-1.3936909794233256,-0.2260843651212096,-1.2448087803849304,0.17311394317948975,0.9428823887082624,0.7988902528359821
79685000,0.008320311592800465,0.028347845655119025,-2.151246,10334,0.00896824675827366,0.023430404296497,-1.998192,10334,True,False,-1.4732337173465369,-0.3217084903426897,-1.293348286357733,0.18763917222606627,0.9277523039968273,0.7214740871874907
79695000,0.007705362004253722,0.026536747278869007,-2.162635,15986,0.008133108170670672,0.02235963106856857,-2.06191,15984,True,False,-1.6330102793014096,-0.3893437631129928,-1.5175830147415974,-0.14313943549009264,0.947406802240812,0.822040337860517
79705000,0.0077344700827666184,0.027111166851178235,-2.17883,18969,0.008070216868745698,0.02278532810928152,-2.093653,18887,True,False,-1.625447401308607,-0.4855201826858336,-1.5344693306347843,-0.30792654972365346,0.95839680749109,0.8782729421823084
79715000,0.007694378834438513,0.027624385788991318,-2.1994,18549,0.007983024800996372,0.02322355466507825,-2.127478,18467,True,False,-1.6358639329099725,-0.607678191368346,-1.5578804026642956,-0.4835219294593478,0.9638425316526847,0.9061371010294417
79725000,0.007990809237551346,0.028432985923254182,-2.192098,19962,0.008217377816901409,0.023951688782696177,-2.130022,19880,True,False,-1.558845212106868,-0.5643141768131841,-1.4949566129514593,-0.4967285708798234,0.9724281170467715,0.9500670005464974
79735000,0.008106128888691085,0.028998826115982018,-2.197092,22469,0.008237603082421264,0.02422234599061872,-2.140173,22385,True,False,-1.528882792864527,-0.5939717896163181,-1.4895261287328423,-0.5494253543150651,0.9840397513190773,1.0094802965999645
79745000,0.007766141029657477,0.029827419799498746,-2.255143,19152,0.007838594398993077,0.02444582352632683,-2.202671,19068,True,False,-1.617218637354093,-0.9387162991947623,-1.5966599686481115,-0.8738705883940459,0.990756841641799,1.0438496598267735
79755000,0.007334041365376435,0.02953921118672905,-2.291908,18808,0.00745392464770008,0.024127359638394043,-2.240539,18805,True,False,-1.7294870249854015,-1.1570507274501154,-1.6999438049826852,-1.0704543530601602,0.9839167568777831,1.008850970444647
79765000,0.0071716067024011855,0.02858657959646141,-2.28451,22947,0.007280742939330544,0.023254715699093445,-2.227671,22944,True,False,-1.771690894173796,-1.113116602596775,-1.7464430973321812,-1.0036528350575307,0.985010288395185,1.014446247583383
79775000,0.007252575043506891,0.028304281219133625,-2.267907,21261,0.00735881272932543,0.02312362785774767,-2.210689,21258,True,False,-1.7506536524063345,-1.0145172142566794,-1.7254813570721195,-0.9154943505439581,0.9855632029613726,1.0172753477808916
79785000,0.00715101635622517,0.027927142355915587,-2.268107,19381,0.007357765853155153,0.023028394974459524,-2.206213,19381,True,False,-1.7770406899663898,-1.01570494404455,-1.7257624433459167,-0.8922581371013282,0.9719005060698792,0.9473673713266966
79795000,0.007448097819344372,0.028423441904852794,-2.250176,20957,0.007777615641551748,0.02394437533998187,-2.189416,20957,True,False,-1.6998528103714408,-0.9092190299129921,-1.6130327663071058,-0.805060041213066,0.9576325396633212,0.8743624098962831
79805000,0.007877196347031963,0.029195610281668463,-2.226354,19491,0.008157181160535631,0.024644325021804935,-2.169238,19491,True,False,-1.5883641798060595,-0.7677485348796986,-1.5111194164551742,-0.7003101942860336,0.9656762786073415,0.9155198414903614
79815000,0.007893899972655181,0.029875614875581078,-2.243242,18285,0.008045007991242473,0.024993324192665572,-2.198591,18270,True,False,-1.5840242340219406,-0.8680404381675094,-1.541237914776037,-0.8526901257385646,0.9812171698584038,0.9950379826219924
79825000,0.0076370040670568394,0.029607863555202858,-2.262691,20162,0.007774840879753748,0.024411740988978255,-2.20988,20142,True,False,-1.6507710785458745,-0.9835412213890063,-1.6137777899083867,-0.9112945970419286,0.9822714297528782,1.0004323184888304
79835000,0.007351404294803817,0.02901251475786497,-2.276845,22632,0.0074789781974173,0.023690870157438527,-2.219241,22612,True,False,-1.7249757785010706,-1.0675968584766242,-1.6932169263552506,-0.9598902614826026,0.9829423352701392,1.0038651434630033
79845000,0.006877526460331298,0.028386570706190065,-2.310691,22940,0.00706637927574171,0.02290243145724258,-2.242353,22920,True,False,-1.8480989947594455,-1.2685963704780034,-1.803999745526556,-1.0798713528780626,0.9732744581006673,0.9543974772406562
79855000,0.007135856670746634,0.028175312974296204,-2.277351,24510,0.00732773217639853,0.02271592151898734,-2.197012,24490,True,False,-1.7809794883186283,-1.070601814839938,-1.7338264861884582,-0.8444930790392989,0.9738151584920234,0.9571640811203947
79865000,0.0068533929946112395,0.027616012402702936,-2.292717,23382,0.007088294819694572,0.022439684305086194,-2.21855,23377,True,False,-1.854369365945349,-1.1618550944420545,-1.7981154215130297,-0.956303080184825,0.9668606017302404,0.9215796724042215
79875000,0.00710637106918239,0.027640077096088966,-2.265541,24009,0.0073777831069255775,0.022851136178014837,-2.196054,23998,True,False,-1.7886404545715522,-1.0004663708661656,-1.7203878102864085,-0.8395198233471552,0.9632122503725529,0.9029121382537241
79885000,0.0074806810290633016,0.02834739455486242,-2.244479,20679,0.007681079011031547,0.023481776514418424,-2.181882,20668,True,False,-1.6913870217550955,-0.8753865469054913,-1.638952853637667,-0.7659488633585573,0.9739101782860932,0.9576502692850937
79895000,0.007861110835159484,0.029168110981251525,-2.227416,20535,0.008081529360167632,0.02413533482773744,-2.156873,20521,True,False,-1.5925435269137511,-0.7740553800532908,-1.531431926449423,-0.636119895086274,0.9727256419936368,0.951589347645696
79905000,0.007902245173102531,0.0296627686972925,-2.236532,18024,0.008131198833981121,0.024786639033870073,-2.178529,18010,True,False,-1.5818559791582325,-0.8281921037844434,-1.5180956716830083,-0.7485424684360521,0.971842570135935,0.9470709302991169
79915000,0.0081322711384034,0.030290608290033067,-2.230074,16936,0.00839752978371351,0.025147600579127766,-2.159274,16922,True,False,-1.522090498246247,-0.7898403089340955,-1.446585806063137,-0.6485841820558345,0.9684123007429444,0.9295192570195875
79925000,0.007476421895938938,0.030439198333624656,-2.299818,17163,0.007845669114219115,0.02528297808857809,-2.235909,17160,True,False,-1.6924936322158441,-1.204025440560408,-1.59476040746072,-1.0464186809780822,0.9529361724405416,0.8503324887293472
79935000,0.006944478482790915,0.029679138047295717,-2.335911,21355,0.007433084488572499,0.024786337673285877,-2.270453,21352,True,False,-1.8307034811047358,-1.418369096728514,-1.7055393881479444,-1.225746598127819,0.9342660497761383,0.7548029965664436
79945000,0.006989747455688965,0.02943375837621498,-2.324595,17490,0.007400432475700399,0.02472992698684963,-2.271766,17490,True,False,-1.8189416700756862,-1.3511673453307838,-1.7143064542927102,-1.2325627617225858,0.9445052675826806,0.8071940437377241
79955000,0.006587415263306111,0.028496647254294565,-2.343765,17755,0.006935174429738102,0.02357534942269783,-2.288095,17755,True,False,-1.9234758557389593,-1.4650112454982014,-1.8392282494455388,-1.3173313339533093,0.9498557433623016,0.8345708448035056
79965000,0.006917870927567998,0.02822147768257447,-2.301587,20074,0.007273127876855634,0.02373626213011856,-2.248915,20074,True,False,-1.8376166716730697,-1.214530910534125,-1.7484877417672906,-1.1139365969822952,0.9511548600131002,0.8412180402259429
79975000,0.007844901480972931,0.027988564437034128,-2.194403,20392,0.008128274862691251,0.02353545140251079,-2.122651,20392,True,False,-1.596755050803956,-0.578002762618394,-1.5188807580360029,-0.45846357327356135,0.9651373278456659,0.9127621899478866
79985000,0.008580739783290247,0.028309737638193718,-2.124524,18181,0.008821884384797316,0.0238403957978109,-2.042281,18181,True,False,-1.4055691124950724,-0.16301591338526994,-1.332646586722807,-0.04123960669978996,0.9726651822911405,0.9512799932413569
79995000,0.0087760001062417,0.02844669460823373,-2.108174,18825,0.009061414177914763,0.024078395631841856,-2.022047,18818,True,False,-1.35483646112261,-0.06591900322682986,-1.2683328322192642,0.06380095245976772,0.9685022595734893,0.9299795497317459
